time_s,angle_deg
0.00015112699998098833,-428751.0047222222
0.0024210249999896405,-23168.994166666667
0.002861273999997138,-428751.0047222222
0.004204830999924525,-23168.994166666667
0.0046478819999720145,-428751.0047222222
0.0067766319999691405,-23168.994166666667
0.007296443999962321,-428751.0047222222
0.010034722000000329,-23168.994166666667
0.010528879999924357,-428751.0047222222
0.011842501999922206,-23168.994166666667
0.01264460599998074,-428751.0047222222
0.013862933999917004,-23168.994166666667
0.014227741000013339,-428751.0047222222
0.016519742000014048,-23168.994166666667
0.01695604799999728,-428751.0047222222
0.01831167699992875,-23168.994166666667
0.01873176300000523,-428751.0047222222
0.020420531000013398,-23168.994166666667
0.02085243699991679,-428751.0047222222
0.02244017599991821,-23168.994166666667
0.02286879999996927,-428751.0047222222
0.024224039999921843,-23168.994166666667
0.024652985999978227,-428751.0047222222
0.026144608999970842,-23168.994166666667
0.026663387999974475,-428751.0047222222
0.028084088000014162,-23168.994166666667
0.028652410999939093,-428751.0047222222
0.03008541399992737,-23168.994166666667
0.030438912000022356,-428751.0047222222
0.03208826200000203,-23168.994166666667
0.03244637000000239,-428751.0047222222
0.03402187500000764,-23168.994166666667
0.03462736999995286,-428751.0047222222
0.03596172300001399,-23168.994166666667
0.03644580499997119,-428751.0047222222
0.037685187999954906,-23168.994166666667
0.03809539299993503,-428751.0047222222
0.039703413999973236,-23168.994166666667
0.040098123000007035,-428751.0047222222
0.041975261999937175,-23168.994166666667
0.04244761799998287,-428751.0047222222
0.043677179999917826,-23168.994166666667
0.04409549699994386,-428751.0047222222
0.04563209499997356,-23168.994166666667
0.0459971330000144,-428751.0047222222
0.047216314000024795,-23168.994166666667
0.047655322999958116,-428751.0047222222
0.04914434499994513,-23168.994166666667
0.04976599399992665,-428751.0047222222
0.05100353499994981,-23168.994166666667
0.05157522499996503,-428751.0047222222
0.052964458000019476,-23168.994166666667
0.053439299999922696,-428751.0047222222
0.0546610229999942,-23168.994166666667
0.055088766999915606,-428751.0047222222
0.056670793999956004,-23168.994166666667
0.0570931219999693,-428751.0047222222
0.05885655999998107,-23168.994166666667
0.05921865099992374,-428751.0047222222
0.060615740000002916,-23168.994166666667
0.06098486399991998,-428751.0047222222
0.0622162859999662,-23168.994166666667
0.06264551799995388,-428751.0047222222
0.06441150799992101,-23168.994166666667
0.0648312480000186,-428751.0047222222
0.06649551399993925,-23168.994166666667
0.06692380899994532,-428751.0047222222
0.06819356799996967,-23168.994166666667
0.06866105599999628,-428751.0047222222
0.07013306499993632,-23168.994166666667
0.07076406299995597,-428751.0047222222
0.07200940299992453,-23168.994166666667
0.07257714799993664,-428751.0047222222
0.07357459499996821,-23168.994166666667
0.07403358900000967,-428751.0047222222
0.07524251099994217,-23168.994166666667
0.07572173599999132,-428751.0047222222
0.07723732499994185,-23168.994166666667
0.07766945100001976,-428751.0047222222
0.0792117490000237,-23168.994166666667
0.07960247799996978,-428751.0047222222
0.08112842899993211,-23168.994166666667
0.08175611699994079,-428751.0047222222
0.08306845300000987,-23168.994166666667
0.08343382199996086,-428751.0047222222
0.08508227699996951,-23168.994166666667
0.08566393900002822,-428751.0047222222
0.08707080199997108,-23168.994166666667
0.08743436499992185,-428751.0047222222
0.08908745500002624,-23168.994166666667
0.08944890800000849,-428751.0047222222
0.09092309799996201,-23168.994166666667
0.09131857900001705,-428751.0047222222
0.09261517300001287,-23168.994166666667
0.09298648300000423,-428751.0047222222
0.09420129299996916,-23168.994166666667
0.09459658200000831,-428751.0047222222
0.09611768899992512,-23168.994166666667
0.09675517099992703,-428751.0047222222
0.09815834599999107,-23168.994166666667
0.09876080300000467,-428751.0047222222
0.10014612099996612,-23168.994166666667
0.1005689659999689,-428751.0047222222
0.10211662599999727,-23168.994166666667
0.10274052099998698,-428751.0047222222
0.1040088749999768,-23168.994166666667
0.10458093399995505,-428751.0047222222
0.10560318799991819,-23168.994166666667
0.106000870999992,-428751.0047222222
0.10736527300002763,-23168.994166666667
0.10784876299999269,-428751.0047222222
0.10921027099993807,-23168.994166666667
0.10964230599995517,-428751.0047222222
0.11110186799999155,-23168.994166666667
0.11170469899991531,-428751.0047222222
0.11293955899998309,-23168.994166666667
0.1133176559999356,-428751.0047222222
0.11462685499998315,-23168.994166666667
0.11501951799994004,-428751.0047222222
0.11626964200002021,-23168.994166666667
0.11700786899996274,-428751.0047222222
0.11822192900001482,-23168.994166666667
0.11861722599996938,-428751.0047222222
0.12021555299997999,-23168.994166666667
0.12064560299995719,-428751.0047222222
0.12222846999998183,-23168.994166666667
0.12282251299996005,-428751.0047222222
0.12409741699991628,-23168.994166666667
0.12452075299995613,-428751.0047222222
0.1261080189999575,-23168.994166666667
0.12671653099994273,-428751.0047222222
0.12815034499999456,-23168.994166666667
0.12875142399991546,-428751.0047222222
0.13015318499992645,-23168.994166666667
0.13076186099999632,-428751.0047222222
0.13215300100000604,-23168.994166666667
0.13275126700000328,-428751.0047222222
0.13415342099995087,-23168.994166666667
0.13475986899993586,-428751.0047222222
0.13614956499998243,-23168.994166666667
0.1366808210000272,-428751.0047222222
0.1381435309999688,-23168.994166666667
0.13857146199995896,-428751.0047222222
0.1402166440000201,-23168.994166666667
0.14064738799993393,-428751.0047222222
0.14201736600000459,-23168.994166666667
0.14263386499999342,-428751.0047222222
0.14401218699993024,-23168.994166666667
0.14455712699998458,-428751.0047222222
0.14574273300002005,-23168.994166666667
0.1461195699999962,-428751.0047222222
0.1472330650000231,-23168.994166666667
0.1478860249999343,-428751.0047222222
0.14907399799994892,-23168.994166666667
0.14967949300000782,-428751.0047222222
0.15087459400001535,-23168.994166666667
0.15126335999991625,-428751.0047222222
0.15257562499994037,-23168.994166666667
0.15295798099998592,-428751.0047222222
0.1541902010000058,-23168.994166666667
0.15461261699999795,-428751.0047222222
0.15608335699994313,-23168.994166666667
0.15646581800001513,-428751.0047222222
0.15780480599994462,-23168.994166666667
0.15838787500001672,-428751.0047222222
0.15919781100001273,-23168.994166666667
0.1598353419999512,-428751.0047222222
0.16088589100002082,-23168.994166666667
0.16126379199999974,-428751.0047222222
0.16233628499992392,-23168.994166666667
0.16295340399994984,-428751.0047222222
0.16399571800002377,-23168.994166666667
0.16459798199991837,-428751.0047222222
0.16601965600000312,-23168.994166666667
0.16649348800001462,-428751.0047222222
0.16774163999991742,-23168.994166666667
0.16812011000001803,-428751.0047222222
0.17313705799995205,-23168.994166666667
0.17365576700001384,-428751.0047222222
0.180033099999946,-23168.994166666667
0.18009016500002417,-428751.0047222222
0.18010456399997565,-23168.994166666667
0.1801108969999632,-428751.0047222222
0.1815305189999208,-23168.994166666667
0.18209895400002551,-428751.0047222222
0.18317447699996592,-23168.994166666667
0.18364321399997152,-428751.0047222222
0.1851928159999261,-23168.994166666667
0.1856158809999897,-428751.0047222222
0.18986367399998016,-23168.994166666667
0.19025911899996117,-428751.0047222222
0.19424482800002352,-23168.994166666667
0.1942693909999207,-428751.0047222222
0.2012707760000012,-23168.994166666667
0.20165318299996216,-428751.0047222222
0.20319447399992896,-23168.994166666667
0.20362959699991734,-428751.0047222222
0.20525449399997342,-23168.994166666667
0.20563712299997405,-428751.0047222222
0.20719120599994767,-23168.994166666667
0.2076195459999326,-428751.0047222222
0.21513520799999242,-23168.994166666667
0.2154476179999847,-428751.0047222222
0.21705884499999684,-23168.994166666667
0.21766933699996116,-428751.0047222222
0.2191552670000192,-23168.994166666667
0.2197498729999552,-428751.0047222222
0.2229772050000065,-23168.994166666667
0.22349473600002057,-428751.0047222222
0.2260452749999331,-23168.994166666667
0.22612707899997986,-428751.0047222222
0.22800653399997373,-23168.994166666667
0.22848182899997482,-428751.0047222222
0.23327609799991933,-23168.994166666667
0.2334536759999537,-428751.0047222222
0.2352496749999773,-23168.994166666667
0.23526110399996014,-428751.0047222222
0.23854193199997553,-23168.994166666667
0.23893120000002455,-428751.0047222222
0.24043986499998482,-23168.994166666667
0.24087151300000187,-428751.0047222222
0.2431166740000208,-23168.994166666667
0.2431889649999448,-428751.0047222222
0.24618852399999014,-23168.994166666667
0.24677762599992548,-428751.0047222222
0.24854332999996132,-23168.994166666667
0.24896309799999017,-428751.0047222222
0.2502974220000169,-23168.994166666667
0.2507761759999312,-428751.0047222222
0.25265789000002314,-23168.994166666667
0.25300322099997175,-428751.0047222222
0.2546194760000162,-23168.994166666667
0.2550253119999297,-428751.0047222222
0.2562233159999323,-23168.994166666667
0.25667124099993543,-428751.0047222222
0.25777991999996175,-23168.994166666667
0.2582377029999634,-428751.0047222222
0.25960380799995164,-23168.994166666667
0.2600972459999866,-428751.0047222222
0.26219268199997714,-23168.994166666667
0.26258396799994443,-428751.0047222222
0.26416071300002386,-23168.994166666667
0.26476762699996925,-428751.0047222222
0.26601485899993804,-23168.994166666667
0.26648884099995485,-428751.0047222222
0.2680195159999812,-23168.994166666667
0.2685784990000002,-428751.0047222222
0.2699942069999679,-23168.994166666667
0.27056559400000424,-428751.0047222222
0.2719792939999479,-23168.994166666667
0.2725390890000199,-428751.0047222222
0.2739968719999979,-23168.994166666667
0.2744729409999991,-428751.0047222222
0.2758012859999326,-23168.994166666667
0.27623931300001914,-428751.0047222222
0.27754017199993086,-23168.994166666667
0.2779687779999449,-428751.0047222222
0.27927011299993865,-23168.994166666667
0.2797111339999674,-428751.0047222222
0.28142686699993646,-23168.994166666667
0.2818407859999752,-428751.0047222222
0.2832365020000225,-23168.994166666667
0.28373710899995785,-428751.0047222222
0.2851394499999742,-23168.994166666667
0.28577306599993335,-428751.0047222222
0.28708072199992785,-23168.994166666667
0.2874338340000122,-428751.0047222222
0.28908432399998674,-23168.994166666667
0.28956121999999596,-428751.0047222222
0.2909746929999528,-23168.994166666667
0.29147569999997813,-428751.0047222222
0.2929778359999773,-23168.994166666667
0.29333319699992444,-428751.0047222222
0.2944500959999914,-23168.994166666667
0.2949807659999806,-428751.0047222222
0.29623959499997454,-23168.994166666667
0.29673308899998574,-428751.0047222222
0.29827167199994165,-23168.994166666667
0.29870701799995913,-428751.0047222222
0.30032323599994015,-23168.994166666667
0.3007713079999803,-428751.0047222222
0.30230390700000953,-23168.994166666667
0.30276052099998196,-428751.0047222222
0.3042458300000135,-23168.994166666667
0.3046455649999871,-428751.0047222222
0.3067040979999547,-23168.994166666667
0.30698001600001135,-428751.0047222222
0.3085355370000116,-23168.994166666667
0.30896578299996236,-428751.0047222222
0.31060995699999694,-23168.994166666667
0.3110207569999375,-428751.0047222222
0.3124575780000214,-23168.994166666667
0.3128212880000092,-428751.0047222222
0.31427687399991555,-23168.994166666667
0.31473151099999086,-428751.0047222222
0.3162547979999317,-23168.994166666667
0.3166853779999883,-428751.0047222222
0.31844421999994665,-23168.994166666667
0.3190215459999308,-428751.0047222222
0.3205410309999479,-23168.994166666667
0.32097105799994097,-428751.0047222222
0.32260728799997196,-23168.994166666667
0.3230223159999923,-428751.0047222222
0.32443430699993314,-23168.994166666667
0.3249128269999346,-428751.0047222222
0.3262543859999596,-23168.994166666667
0.3266969589999462,-428751.0047222222
0.329321039999968,-23168.994166666667
0.33008798299999853,-428751.0047222222
0.33091659699994125,-23168.994166666667
0.3313212900000053,-428751.0047222222
0.33407683600000837,-23168.994166666667
0.334645792999936,-428751.0047222222
0.33586550699999407,-23168.994166666667
0.3362497030000213,-428751.0047222222
0.33779979500002355,-23168.994166666667
0.33824034700000993,-428751.0047222222
0.3392756209999561,-23168.994166666667
0.3400191349999204,-428751.0047222222
0.3414358979999861,-23168.994166666667
0.34199904699994477,-428751.0047222222
0.3433997160000217,-23168.994166666667
0.3438305060000175,-428751.0047222222
0.34523512199996276,-23168.994166666667
0.345775372999924,-428751.0047222222
0.3470836550000058,-23168.994166666667
0.34744857700002285,-428751.0047222222
0.34907112399992,-23168.994166666667
0.34958588099993904,-428751.0047222222
0.3506991299999527,-23168.994166666667
0.35105811999994785,-428751.0047222222
0.3523450899999716,-23168.994166666667
0.3528319879999344,-428751.0047222222
0.354241434999949,-23168.994166666667
0.3546779590000142,-428751.0047222222
0.3562263769999845,-23168.994166666667
0.35666590899995754,-428751.0047222222
0.3584235419999686,-23168.994166666667
0.3588523720000012,-428751.0047222222
0.36020590800001173,-23168.994166666667
0.36063422199993056,-428751.0047222222
0.3620965489999435,-23168.994166666667
0.3627023529999178,-428751.0047222222
0.36379102099999727,-23168.994166666667
0.364229086000023,-428751.0047222222
0.3656072049999466,-23168.994166666667
0.36602338900001996,-428751.0047222222
0.3676174099999798,-23168.994166666667
0.3680302999999867,-428751.0047222222
0.3694263410000076,-23168.994166666667
0.36979324100002486,-428751.0047222222
0.3712317339999345,-23168.994166666667
0.3716618319999725,-428751.0047222222
0.3734286809999503,-23168.994166666667
0.3739247029999433,-428751.0047222222
0.3753405950000115,-23168.994166666667
0.3758160579999412,-428751.0047222222
0.3775518479999391,-23168.994166666667
0.3780306459999565,-428751.0047222222
0.3793437439999252,-23168.994166666667
0.3797977460000084,-428751.0047222222
0.3812285770000017,-23168.994166666667
0.3816627809999318,-428751.0047222222
0.383219983999993,-23168.994166666667
0.383635025999979,-428751.0047222222
0.3852227419999963,-23168.994166666667
0.38566140699992957,-428751.0047222222
0.3872024339999598,-23168.994166666667
0.3877988719999621,-428751.0047222222
0.3890087490000269,-23168.994166666667
0.3895850819999396,-428751.0047222222
0.39117450899993855,-23168.994166666667
0.39159322599994084,-428751.0047222222
0.39301270700002533,-23168.994166666667
0.39348962299993673,-428751.0047222222
0.39471419599999535,-23168.994166666667
0.39509061100000054,-428751.0047222222
0.39651437499992426,-23168.994166666667
0.39694123300000683,-428751.0047222222
0.3985210539999571,-23168.994166666667
0.3990322180000021,-428751.0047222222
0.4005146539999487,-23168.994166666667
0.40111463699997785,-428751.0047222222
0.4021693019999475,-23168.994166666667
0.40263666800001374,-428751.0047222222
0.4042281729999786,-23168.994166666667
0.4046630319999167,-428751.0047222222
0.4063320609999437,-23168.994166666667
0.40663042999995014,-428751.0047222222
0.40825710299998264,-23168.994166666667
0.4087989339999467,-428751.0047222222
0.4102147259999356,-23168.994166666667
0.410588544999996,-428751.0047222222
0.4122868480000079,-23168.994166666667
0.41276367099999334,-428751.0047222222
0.41415098999993916,-23168.994166666667
0.4146620230000053,-428751.0047222222
0.4163134299999456,-23168.994166666667
0.41660218200001964,-428751.0047222222
0.418243308000001,-23168.994166666667
0.41862120700000105,-428751.0047222222
0.4202445060000173,-23168.994166666667
0.4209348399999726,-428751.0047222222
0.4219532380000146,-23168.994166666667
0.4225204769999209,-428751.0047222222
0.4239127109999572,-23168.994166666667
0.4244196129999409,-428751.0047222222
0.42571693200000027,-23168.994166666667
0.4260921929999313,-428751.0047222222
0.4277657879999879,-23168.994166666667
0.4281191929999295,-428751.0047222222
0.4298553469999433,-23168.994166666667
0.43021510599999147,-428751.0047222222
0.4316961170000013,-23168.994166666667
0.43220046199996887,-428751.0047222222
0.43363785999997617,-23168.994166666667
0.43391142999996646,-428751.0047222222
0.4355586949999406,-23168.994166666667
0.4362131859999181,-428751.0047222222
0.4373532309999746,-23168.994166666667
0.4381017519999659,-428751.0047222222
0.43923783299999286,-23168.994166666667
0.4396330480000188,-428751.0047222222
0.44118199499996535,-23168.994166666667
0.44161176299996896,-428751.0047222222
0.44322424599999977,-23168.994166666667
0.443618737999941,-428751.0047222222
0.4451854889999822,-23168.994166666667
0.44561736699995436,-428751.0047222222
0.4473313749999761,-23168.994166666667
0.44800885500001186,-428751.0047222222
0.4491628959999616,-23168.994166666667
0.4496896219999371,-428751.0047222222
0.4511226309999756,-23168.994166666667
0.45172043899992786,-428751.0047222222
0.45312192199992296,-23168.994166666667
0.45354192299998886,-428751.0047222222
0.4550082480000128,-23168.994166666667
0.4555807660000255,-428751.0047222222
0.45708833899993806,-23168.994166666667
0.4575168520000261,-428751.0047222222
0.4590528640000002,-23168.994166666667
0.45966494699996474,-428751.0047222222
0.46109847399998216,-23168.994166666667
0.46152375799999845,-428751.0047222222
0.46316131100002167,-23168.994166666667
0.46355102600000464,-428751.0047222222
0.4651733849999573,-23168.994166666667
0.4657851129999244,-428751.0047222222
0.46701020299997253,-23168.994166666667
0.467590237999957,-428751.0047222222
0.4689924470000051,-23168.994166666667
0.4694644649999873,-428751.0047222222
0.47069813399991745,-23168.994166666667
0.47109574399996745,-428751.0047222222
0.4732823780000217,-23168.994166666667
0.47376841699997385,-428751.0047222222
0.47504486799994083,-23168.994166666667
0.475519759000008,-428751.0047222222
0.4770053999999391,-23168.994166666667
0.47747564700000567,-428751.0047222222
0.4790145829999801,-23168.994166666667
0.479575361000002,-428751.0047222222
0.48098519799998485,-23168.994166666667
0.48145748100000674,-428751.0047222222
0.48267949000000954,-23168.994166666667
0.48321140099994864,-428751.0047222222
0.4851470539999809,-23168.994166666667
0.4854564180000125,-428751.0047222222
0.4869795070000009,-23168.994166666667
0.48754771500000516,-428751.0047222222
0.4890016109999351,-23168.994166666667
0.48951955099994393,-428751.0047222222
0.49098301200001515,-23168.994166666667
0.4915436950000185,-428751.0047222222
0.4929845579999892,-23168.994166666667
0.49345942299999024,-428751.0047222222
0.4947646079999686,-23168.994166666667
0.495179386000018,-428751.0047222222
0.49690202299996145,-23168.994166666667
0.49740909599995575,-428751.0047222222
0.49856589900002746,-23168.994166666667
0.4991256499999963,-428751.0047222222
0.5007334910000054,-23168.994166666667
0.5011660169999459,-428751.0047222222
0.50256651899997,-23168.994166666667
0.5029996580000216,-428751.0047222222
0.504605870999967,-23168.994166666667
0.5050316429999384,-428751.0047222222
0.506548295000016,-23168.994166666667
0.5069883389999177,-428751.0047222222
0.5088086239999257,-23168.994166666667
0.5093674710000187,-428751.0047222222
0.5105884559999367,-23168.994166666667
0.5110757649999869,-428751.0047222222
0.5126350109999294,-23168.994166666667
0.5131336439999359,-428751.0047222222
0.5145458529999587,-23168.994166666667
0.5149753470000178,-428751.0047222222
0.5169059090000019,-23168.994166666667
0.5173664000000144,-428751.0047222222
0.518543808000004,-23168.994166666667
0.5189713299999994,-428751.0047222222
0.5202563999999938,-23168.994166666667
0.5207426089999672,-428751.0047222222
0.5224525909999329,-23168.994166666667
0.5231583510000064,-428751.0047222222
0.5241409860000203,-23168.994166666667
0.5247687599999153,-428751.0047222222
0.5260195029999295,-23168.994166666667
0.5264900619999935,-428751.0047222222
0.5279546479999908,-23168.994166666667
0.528329140999972,-428751.0047222222
0.5296507439999232,-23168.994166666667
0.5301133649999201,-428751.0047222222
0.5315361689999918,-23168.994166666667
0.5319668710000087,-428751.0047222222
0.5332396019999806,-23168.994166666667
0.5337304859999676,-428751.0047222222
0.5353472429999329,-23168.994166666667
0.5360380299999861,-428751.0047222222
0.5371217260000094,-23168.994166666667
0.5377323949999209,-428751.0047222222
0.5390125369999623,-23168.994166666667
0.5394886880000058,-428751.0047222222
0.5409493369999154,-23168.994166666667
0.5413191960000177,-428751.0047222222
0.5431133429999591,-23168.994166666667
0.5432624129999795,-428751.0047222222
0.5447356199999831,-23168.994166666667
0.545191655999929,-428751.0047222222
0.5467751190000172,-23168.994166666667
0.5472107199999527,-428751.0047222222
0.5485387100000025,-23168.994166666667
0.5489643309999792,-428751.0047222222
0.5506482239999286,-23168.994166666667
0.551094171999921,-428751.0047222222
0.5522450229999549,-23168.994166666667
0.5527226819999669,-428751.0047222222
0.5545152189999953,-23168.994166666667
0.5549400419999984,-428751.0047222222
0.5562442619999501,-23168.994166666667
0.5567222689999198,-428751.0047222222
0.5584369749999496,-23168.994166666667
0.5589966809999396,-428751.0047222222
0.5602445029999217,-23168.994166666667
0.560723052999947,-428751.0047222222
0.5626247530000228,-23168.994166666667
0.5631629759999441,-428751.0047222222
0.5644054439999309,-23168.994166666667
0.564723736000019,-428751.0047222222
0.5664724739999656,-23168.994166666667
0.5667236649999268,-428751.0047222222
0.5685884739999665,-23168.994166666667
0.5692238719999523,-428751.0047222222
0.5705871619999243,-23168.994166666667
0.5710768509999298,-428751.0047222222
0.5722268499999927,-23168.994166666667
0.5726221599999235,-428751.0047222222
0.5745052170000235,-23168.994166666667
0.5750901809999505,-428751.0047222222
0.5762153979999312,-23168.994166666667
0.5766826249999895,-428751.0047222222
0.5785063209999635,-23168.994166666667
0.5789421559999255,-428751.0047222222
0.5805116089999274,-23168.994166666667
0.5809392149999439,-428751.0047222222
0.5824736679999205,-23168.994166666667
0.5830053619999944,-428751.0047222222
0.5842309910000267,-23168.994166666667
0.584623990999944,-428751.0047222222
0.5867213359999823,-23168.994166666667
0.5871609590000162,-428751.0047222222
0.5885134619999235,-23168.994166666667
0.5889329189999444,-428751.0047222222
0.5904755550000118,-23168.994166666667
0.5910140400000046,-428751.0047222222
0.5922230929999159,-23168.994166666667
0.5926178319999735,-428751.0047222222
0.5942367619999231,-23168.994166666667
0.594763172999933,-428751.0047222222
0.5961872560000074,-23168.994166666667
0.5967454709999629,-428751.0047222222
0.5981531139999561,-23168.994166666667
0.5985849840000128,-428751.0047222222
0.6002224169999408,-23168.994166666667
0.6006531309999446,-428751.0047222222
0.602238476000025,-23168.994166666667
0.6026648889999251,-428751.0047222222
0.6042343770000116,-23168.994166666667
0.6046344159999535,-428751.0047222222
0.6062108109999826,-23168.994166666667
0.6065990509999892,-428751.0047222222
0.6083411060000117,-23168.994166666667
0.609126778000018,-428751.0047222222
0.6098991110000043,-23168.994166666667
0.6102938860000222,-428751.0047222222
0.6116232219999347,-23168.994166666667
0.6120189849999633,-428751.0047222222
0.6132591489999868,-23168.994166666667
0.6140038949999962,-428751.0047222222
0.6152340779999577,-23168.994166666667
0.6158248939999567,-428751.0047222222
0.6173392609999837,-23168.994166666667
0.6179956619999984,-428751.0047222222
0.6189823109999679,-23168.994166666667
0.61955448599997,-428751.0047222222
0.620651147999979,-23168.994166666667
0.6210696829999733,-428751.0047222222
0.6223407769999767,-23168.994166666667
0.6228471370000079,-428751.0047222222
0.624509896999939,-23168.994166666667
0.6248739609999348,-428751.0047222222
0.6264382989999149,-23168.994166666667
0.6268598409999413,-428751.0047222222
0.628153062000024,-23168.994166666667
0.628616989999955,-428751.0047222222
0.6302323369999385,-23168.994166666667
0.6307884120000153,-428751.0047222222
0.632159738999917,-23168.994166666667
0.6325648679999176,-428751.0047222222
0.6340167149999161,-23168.994166666667
0.6344890139999961,-428751.0047222222
0.6359106190000148,-23168.994166666667
0.6362686369999437,-428751.0047222222
0.6380282479999551,-23168.994166666667
0.6385880619999398,-428751.0047222222
0.6406243860000131,-23168.994166666667
0.6412665220000235,-428751.0047222222
0.6431637260000116,-23168.994166666667
0.643748344999949,-428751.0047222222
0.6458499149999852,-23168.994166666667
0.6463100439999607,-428751.0047222222
0.6477825189999749,-23168.994166666667
0.6480316369999173,-428751.0047222222
0.6502835279999317,-23168.994166666667
0.6510460289999855,-428751.0047222222
0.6519408890000022,-23168.994166666667
0.652542024000013,-428751.0047222222
0.6537487209999426,-23168.994166666667
0.6540949149999733,-428751.0047222222
0.6560164229999828,-23168.994166666667
0.6564877419999675,-428751.0047222222
0.6583707559999539,-23168.994166666667
0.6588152279999804,-428751.0047222222
0.6601918829999249,-23168.994166666667
0.6605174200000192,-428751.0047222222
0.6620494509999162,-23168.994166666667
0.6626798879999569,-428751.0047222222
0.6644772859999648,-23168.994166666667
0.6652104459999464,-428751.0047222222
0.666109545999916,-23168.994166666667
0.6665741719999687,-428751.0047222222
0.668145858999992,-23168.994166666667
0.6686276729999463,-428751.0047222222
0.6697565519999671,-23168.994166666667
0.6701352300000281,-428751.0047222222
0.6721621799999866,-23168.994166666667
0.6725756590000174,-428751.0047222222
0.6741177420000213,-23168.994166666667
0.6747610669999631,-428751.0047222222
0.6770423759999176,-23168.994166666667
0.6775864730000194,-428751.0047222222
0.6796259640000244,-23168.994166666667
0.6801539049999974,-428751.0047222222
0.681423470000027,-23168.994166666667
0.6817481799999996,-428751.0047222222
0.6838249180000275,-23168.994166666667
0.6842123139999785,-428751.0047222222
0.6862240689999908,-23168.994166666667
0.6866474799999196,-428751.0047222222
0.6883198969999285,-23168.994166666667
0.6885941799999955,-428751.0047222222
0.690346778999924,-23168.994166666667
0.6906169330000012,-428751.0047222222
0.6922382259999722,-23168.994166666667
0.6928627759999699,-428751.0047222222
0.6942412719999993,-23168.994166666667
0.694913296999971,-428751.0047222222
0.6960180669999545,-23168.994166666667
0.6965948839999783,-428751.0047222222
0.69799534699996,-23168.994166666667
0.6984705699999267,-428751.0047222222
0.6996115559999225,-23168.994166666667
0.7000017949999346,-428751.0047222222
0.7015461380000261,-23168.994166666667
0.7019722389999288,-428751.0047222222
0.7036133569999947,-23168.994166666667
0.7041648229999282,-428751.0047222222
0.7057124399999566,-23168.994166666667
0.7062193990000196,-428751.0047222222
0.7078294550000237,-23168.994166666667
0.7082124190000059,-428751.0047222222
0.7124570830000039,-23168.994166666667
0.7130416499999228,-428751.0047222222
0.7157169029999295,-23168.994166666667
0.7161144579999927,-428751.0047222222
0.71821003499997,-23168.994166666667
0.7186081720000175,-428751.0047222222
0.7194846139999527,-23168.994166666667
0.7216649810000035,-23168.994166666667
0.7223552440000276,-428751.0047222222
0.7230835629999319,-23168.994166666667
0.723823988999925,-428751.0047222222
0.7259074979999696,-23168.994166666667
0.7263252929999453,-428751.0047222222
0.729204674000016,-23168.994166666667
0.7298089029999346,-428751.0047222222
0.731535636999979,-23168.994166666667
0.7319712060000256,-428751.0047222222
0.7345129079999424,-23168.994166666667
0.7351310719999447,-428751.0047222222
0.7362003289999848,-23168.994166666667
0.7369249189999891,-428751.0047222222
0.7404565780000212,-23168.994166666667
0.7410717660000046,-428751.0047222222
0.7442291589999286,-23168.994166666667
0.7445318069999303,-428751.0047222222
0.7474965939999265,-23168.994166666667
0.7481247099999564,-428751.0047222222
0.7491640319999533,-23168.994166666667
0.749607941000022,-428751.0047222222
0.7531280250000236,-23168.994166666667
0.7537671979999914,-428751.0047222222
0.7590908099999751,-23168.994166666667
0.7595456419999209,-428751.0047222222
0.761192279999932,-23168.994166666667
0.7618302939999921,-428751.0047222222
0.7632879169999569,-23168.994166666667
0.7635738210000227,-428751.0047222222
0.765475912999932,-23168.994166666667
0.7663540300000022,-428751.0047222222
0.768239456999936,-23168.994166666667
0.7688078469999482,-428751.0047222222
0.7733174389999249,-23168.994166666667
0.7739171519999672,-428751.0047222222
0.775145269999939,-23168.994166666667
0.7755451169999787,-428751.0047222222
0.7775117520000094,-23168.994166666667
0.7780771249999816,-428751.0047222222
0.7799091790000148,-23168.994166666667
0.7803392710000026,-428751.0047222222
0.7822816020000118,-23168.994166666667
0.7826883750000206,-428751.0047222222
0.7868184449999944,-23168.994166666667
0.7874181739999813,-428751.0047222222
0.79112833399995,-23168.994166666667
0.7916512499999726,-428751.0047222222
0.792966698999976,-23168.994166666667
0.7936578259999578,-428751.0047222222
0.794960246999949,-23168.994166666667
0.7955202769999232,-428751.0047222222
0.7972648819999222,-23168.994166666667
0.7981277939999245,-428751.0047222222
0.7998180299999831,-23168.994166666667
0.800245395999923,-428751.0047222222
0.8035126159999209,-23168.994166666667
0.8040843399999176,-428751.0047222222
0.8072960040000225,-23168.994166666667
0.8077173389999643,-428751.0047222222
0.809501389999923,-23168.994166666667
0.8100874909999902,-428751.0047222222
0.8117210760000262,-23168.994166666667
0.8121142229999805,-428751.0047222222
0.816122068000027,-23168.994166666667
0.8166030269999283,-428751.0047222222
0.8210733920000166,-23168.994166666667
0.8214762009999959,-428751.0047222222
0.8232513819999667,-23168.994166666667
0.8237984379999261,-428751.0047222222
0.8281789469999694,-23168.994166666667
0.8285784079999985,-428751.0047222222
0.8313124200000175,-23168.994166666667
0.8317811809999966,-428751.0047222222
0.8332036539999308,-23168.994166666667
0.833638151999935,-428751.0047222222
0.8386255929999606,-23168.994166666667
0.8390927680000004,-428751.0047222222
0.8420884649999607,-23168.994166666667
0.842521228999999,-428751.0047222222
0.8447301669999661,-23168.994166666667
0.8452184279999528,-428751.0047222222
0.8494465300000229,-23168.994166666667
0.8498608919999242,-428751.0047222222
0.8524344109999902,-23168.994166666667
0.8529907869999533,-428751.0047222222
0.8556400179999173,-23168.994166666667
0.8562273229999846,-428751.0047222222
0.8579288129999441,-23168.994166666667
0.8582909749999317,-428751.0047222222
0.8605570170000192,-23168.994166666667
0.8610687179999559,-428751.0047222222
0.8624062009999989,-23168.994166666667
0.8628019870000116,-428751.0047222222
0.8650908600000093,-23168.994166666667
0.8655248559999791,-428751.0047222222
0.8670924419999437,-23168.994166666667
0.8676870819999749,-428751.0047222222
0.8691848589999154,-23168.994166666667
0.8696028859999387,-428751.0047222222
0.8745868219999693,-23168.994166666667
0.8751523829999996,-428751.0047222222
0.8783145500000273,-23168.994166666667
0.8785537259999501,-428751.0047222222
0.8801663479999888,-23168.994166666667
0.8808007549999957,-428751.0047222222
0.881797301000006,-23168.994166666667
0.882213763999971,-428751.0047222222
0.8844067909999467,-23168.994166666667
0.8849382739999783,-428751.0047222222
0.8871810949999599,-23168.994166666667
0.887529658999938,-428751.0047222222
0.8904058509999686,-23168.994166666667
0.890856433999943,-428751.0047222222
0.8925374880000163,-23168.994166666667
0.8930900679999922,-428751.0047222222
0.898200410999948,-23168.994166666667
0.8986331879999625,-428751.0047222222
0.9002078170000232,-23168.994166666667
0.9005953910000244,-428751.0047222222
0.9035437219999949,-23168.994166666667
0.9039046709999639,-428751.0047222222
0.9051346349999676,-23168.994166666667
0.9057448379999187,-428751.0047222222
0.9071916709999641,-23168.994166666667
0.9076147480000145,-428751.0047222222
0.9092313679999506,-23168.994166666667
0.9096226230000184,-428751.0047222222
0.9111685529999249,-23168.994166666667
0.9116041119999636,-428751.0047222222
0.9131837429999905,-23168.994166666667
0.9135754919999499,-428751.0047222222
0.9160009889999401,-23168.994166666667
0.9163537749999477,-428751.0047222222
0.918989617999955,-23168.994166666667
0.9195609439999544,-428751.0047222222
0.921083590999956,-23168.994166666667
0.921708530999922,-428751.0047222222
0.923937455999976,-23168.994166666667
0.9244240959999388,-428751.0047222222
0.928646361999995,-23168.994166666667
0.9289594460000217,-428751.0047222222
0.9304513199999747,-23168.994166666667
0.9308899609999344,-428751.0047222222
0.9339524289999872,-23168.994166666667
0.9343150579999246,-428751.0047222222
0.9372650529999191,-23168.994166666667
0.9376497419999623,-428751.0047222222
0.9399492019999798,-23168.994166666667
0.9403252519999796,-428751.0047222222
0.9462296839999453,-23168.994166666667
0.9468313029999536,-428751.0047222222
0.9506637189999765,-23168.994166666667
0.9512750989999859,-428751.0047222222
0.9537490809999554,-23168.994166666667
0.95424668499993,-428751.0047222222
0.9567664489999288,-23168.994166666667
0.9572350689999212,-428751.0047222222
0.9589854789999208,-23168.994166666667
0.9599424990000216,-428751.0047222222
0.9616005560000076,-23168.994166666667
0.9621852999999874,-428751.0047222222
0.9665279929999997,-23168.994166666667
0.9669642420000173,-428751.0047222222
0.9682732850000093,-23168.994166666667
0.9687475649999442,-428751.0047222222
0.9760962770000106,-23168.994166666667
0.9768165929999668,-428751.0047222222
0.97954869900002,-23168.994166666667
0.9799799740000026,-428751.0047222222
0.9850890909999634,-23168.994166666667
0.9855293009999286,-428751.0047222222
0.9870885059999637,-23168.994166666667
0.9877208870000231,-428751.0047222222
0.9932363149999901,-23168.994166666667
0.9932614460000195,-428751.0047222222
0.9944359419999955,-23168.994166666667
0.9948706650000076,-428751.0047222222
0.9962699089999205,-23168.994166666667
0.9967340329999388,-428751.0047222222
0.9985299059999306,-23168.994166666667
0.9990913199999341,-428751.0047222222
1.0006582589999198,-23168.994166666667
1.001083331000018,-428751.0047222222
1.0026529670000173,-23168.994166666667
1.003083791999984,-428751.0047222222
1.0048639589999766,-23168.994166666667
1.0052343859999837,-428751.0047222222
1.0066172819999792,-23168.994166666667
1.0069961980000244,-428751.0047222222
1.008238031000019,-23168.994166666667
1.0086272749999807,-428751.0047222222
1.011295840999992,-23168.994166666667
1.0118023730000232,-428751.0047222222
1.0150174870000228,-23168.994166666667
1.015543346999948,-428751.0047222222
1.0167710749999515,-23168.994166666667
1.0171226019999722,-428751.0047222222
1.0199692009999808,-23168.994166666667
1.0203187559999378,-428751.0047222222
1.0215760649999766,-23168.994166666667
1.021962695999946,-428751.0047222222
1.0234490089999326,-23168.994166666667
1.0239807839999457,-428751.0047222222
1.0255231479999338,-23168.994166666667
1.0259537759999375,-428751.0047222222
1.0274276029999783,-23168.994166666667
1.027985674999968,-428751.0047222222
1.0296326089999184,-23168.994166666667
1.0300265549999494,-428751.0047222222
1.031377185999986,-23168.994166666667
1.0318349340000168,-428751.0047222222
1.0338298409999425,-23168.994166666667
1.0342334209999535,-428751.0047222222
1.0358558109999194,-23168.994166666667
1.036247923000019,-428751.0047222222
1.0420644639999637,-23168.994166666667
1.0426203709999982,-428751.0047222222
1.0440819299999475,-23168.994166666667
1.0446297149999282,-428751.0047222222
1.048142617999929,-23168.994166666667
1.0487139879999177,-428751.0047222222
1.0511738629999172,-23168.994166666667
1.0516265759999897,-428751.0047222222
1.0592156939999313,-23168.994166666667
1.0598300240000071,-428751.0047222222
1.0612387300000137,-23168.994166666667
1.0616407589999426,-428751.0047222222
1.0642519209999364,-23168.994166666667
1.064783948000013,-428751.0047222222
1.0660803129999294,-23168.994166666667
1.0666477170000235,-428751.0047222222
1.0703836719999344,-23168.994166666667
1.0708120659999167,-428751.0047222222
1.0724468369999158,-23168.994166666667
1.0728700459999345,-428751.0047222222
1.0762040649999562,-23168.994166666667
1.0765928729999814,-428751.0047222222
1.0792330639999363,-23168.994166666667
1.0796289589999333,-428751.0047222222
1.0812254749999965,-23168.994166666667
1.081633839999995,-428751.0047222222
1.0836754389999896,-23168.994166666667
1.084102496000014,-428751.0047222222
1.0884374789999356,-23168.994166666667
1.0888736360000166,-428751.0047222222
1.0912384449999308,-23168.994166666667
1.0916264379999348,-428751.0047222222
1.0931999329999371,-23168.994166666667
1.093626464999943,-428751.0047222222
1.0982452029999195,-23168.994166666667
1.098647117999917,-428751.0047222222
1.1023862629999712,-23168.994166666667
1.1028387579999617,-428751.0047222222
1.1080297070000142,-23168.994166666667
1.1084920349999265,-428751.0047222222
1.1098214740000003,-23168.994166666667
1.1102548229999911,-428751.0047222222
1.1149083289999453,-23168.994166666667
1.1152902119999908,-428751.0047222222
1.1164943620000258,-23168.994166666667
1.1169823079999333,-428751.0047222222
1.1182067810000262,-23168.994166666667
1.1186242989999755,-428751.0047222222
1.120202453999923,-23168.994166666667
1.120653156000003,-428751.0047222222
1.1221824629999446,-23168.994166666667
1.1225735729999542,-428751.0047222222
1.1250872879999179,-23168.994166666667
1.1255474109999568,-428751.0047222222
1.1290885270000217,-23168.994166666667
1.129526004000013,-428751.0047222222
1.132015090999971,-23168.994166666667
1.132595634999916,-428751.0047222222
1.1365702619999638,-23168.994166666667
1.1370269980000103,-428751.0047222222
1.1393054339999935,-23168.994166666667
1.1397201449999557,-428751.0047222222
1.1414543370000274,-23168.994166666667
1.1418788839999934,-428751.0047222222
1.1434329009999828,-23168.994166666667
1.1438623860000234,-428751.0047222222
1.1465242939999598,-23168.994166666667
1.1469528960000162,-428751.0047222222
1.148319119000007,-23168.994166666667
1.1487401809999938,-428751.0047222222
1.1512001689999352,-23168.994166666667
1.1515854570000101,-428751.0047222222
1.1540458549999357,-23168.994166666667
1.1545444380000163,-428751.0047222222
1.1599390819999371,-23168.994166666667
1.1603134659999341,-428751.0047222222
1.161589714999991,-23168.994166666667
1.1620932920000087,-428751.0047222222
1.1637439520000044,-23168.994166666667
1.1641072510000186,-428751.0047222222
1.1662854830000242,-23168.994166666667
1.166720664999957,-428751.0047222222
1.1695239890000266,-23168.994166666667
1.1699549149999484,-428751.0047222222
1.1716013509999357,-23168.994166666667
1.1720407839999325,-428751.0047222222
1.1736599729999853,-23168.994166666667
1.1740930899999285,-428751.0047222222
1.1756815709999273,-23168.994166666667
1.1760925369999313,-428751.0047222222
1.1790863019999733,-23168.994166666667
1.1795178510000142,-428751.0047222222
1.1810832029999574,-23168.994166666667
1.1816898060000085,-428751.0047222222
1.1834301189999223,-23168.994166666667
1.1836195559999396,-428751.0047222222
1.185442844000022,-23168.994166666667
1.1861437509999178,-428751.0047222222
1.1891494159999638,-23168.994166666667
1.1895361589999993,-428751.0047222222
1.1950041239999791,-23168.994166666667
1.195371578999925,-428751.0047222222
1.1973517269999547,-23168.994166666667
1.1976356540000097,-428751.0047222222
1.2005729379999366,-23168.994166666667
1.2010025679999217,-428751.0047222222
1.2032552949999626,-23168.994166666667
1.203817742999945,-428751.0047222222
1.2077853929999947,-23168.994166666667
1.2082279489999337,-428751.0047222222
1.2100139369999852,-23168.994166666667
1.2104894829999466,-428751.0047222222
1.211959620000016,-23168.994166666667
1.2123987859999943,-428751.0047222222
1.219235628999968,-23168.994166666667
1.2196613259999367,-428751.0047222222
1.222110454000017,-23168.994166666667
1.222641858999964,-428751.0047222222
1.224093799000002,-23168.994166666667
1.224618497999927,-428751.0047222222
1.2271847819999948,-23168.994166666667
1.227643908999994,-428751.0047222222
1.2326264260000244,-23168.994166666667
1.2330951139999797,-428751.0047222222
1.2347642119999591,-23168.994166666667
1.2351938919999839,-428751.0047222222
1.237308240999937,-23168.994166666667
1.2377620149999302,-428751.0047222222
1.239547000000016,-23168.994166666667
1.240110340000001,-428751.0047222222
1.2447319319999224,-23168.994166666667
1.244969648999927,-428751.0047222222
1.2495972049999864,-23168.994166666667
1.2500374269999384,-428751.0047222222
1.2516423839999788,-23168.994166666667
1.252072650999935,-428751.0047222222
1.2534828269999707,-23168.994166666667
1.25422193899999,-428751.0047222222
1.2565462389999311,-23168.994166666667
1.2569612070000176,-428751.0047222222
1.2591011380000054,-23168.994166666667
1.259544453999979,-428751.0047222222
1.261103028999969,-23168.994166666667
1.2617250139999214,-428751.0047222222
1.2670942439999635,-23168.994166666667
1.267529354999965,-428751.0047222222
1.272091209999985,-23168.994166666667
1.272770070999968,-428751.0047222222
1.2782175969999798,-23168.994166666667
1.2785136489999331,-428751.0047222222
1.2811081259999355,-23168.994166666667
1.281714844000021,-428751.0047222222
1.2860814709999886,-23168.994166666667
1.286524806999978,-428751.0047222222
1.288012733999949,-23168.994166666667
1.2886213199999474,-428751.0047222222
1.2902548819999993,-23168.994166666667
1.2906848320000108,-428751.0047222222
1.292930149999961,-23168.994166666667
1.2932928230000016,-428751.0047222222
1.2946442579999484,-23168.994166666667
1.2950227640000094,-428751.0047222222
1.2965071109999826,-23168.994166666667
1.2969375879999916,-428751.0047222222
1.2984288860000106,-23168.994166666667
1.298844911999936,-428751.0047222222
1.3005054729999301,-23168.994166666667
1.3009387979999474,-428751.0047222222
1.3024177329999702,-23168.994166666667
1.3027965599999334,-428751.0047222222
1.3040977350000276,-23168.994166666667
1.3047017379999488,-428751.0047222222
1.3058006750000004,-23168.994166666667
1.3063395269999774,-428751.0047222222
1.307956092999916,-23168.994166666667
1.308515175000025,-428751.0047222222
1.309905394999987,-23168.994166666667
1.3102067579999357,-428751.0047222222
1.312624282999991,-23168.994166666667
1.313037478999945,-428751.0047222222
1.3149301920000198,-23168.994166666667
1.3154503009999416,-428751.0047222222
1.3173241119999375,-23168.994166666667
1.3175481929999933,-428751.0047222222
1.3190852699999596,-23168.994166666667
1.3194915709999577,-428751.0047222222
1.3212137209999355,-23168.994166666667
1.3216197589999865,-428751.0047222222
1.3232958730000064,-23168.994166666667
1.3238919739999346,-428751.0047222222
1.32519287599996,-23168.994166666667
1.3256082099999276,-428751.0047222222
1.3270812690000184,-23168.994166666667
1.3276873119999664,-428751.0047222222
1.329512904000012,-23168.994166666667
1.3299458189999314,-428751.0047222222
1.3313677219999818,-23168.994166666667
1.3317617709999467,-428751.0047222222
1.3335010050000164,-23168.994166666667
1.3339214909999555,-428751.0047222222
1.33544430500001,-23168.994166666667
1.3359776300000021,-428751.0047222222
1.337222675000021,-23168.994166666667
1.3376176839999516,-428751.0047222222
1.3395190139999613,-23168.994166666667
1.3400687899999184,-428751.0047222222
1.3412592089999862,-23168.994166666667
1.341688918999921,-428751.0047222222
1.3432013579999875,-23168.994166666667
1.3436316019999595,-428751.0047222222
1.3454544559999704,-23168.994166666667
1.3460258679999697,-428751.0047222222
1.3474993169999152,-23168.994166666667
1.3479709920000005,-428751.0047222222
1.349389694000024,-23168.994166666667
1.349795341999993,-428751.0047222222
1.3515085679999856,-23168.994166666667
1.3519307789999857,-428751.0047222222
1.3533896899999718,-23168.994166666667
1.353796564999925,-428751.0047222222
1.3555055419999462,-23168.994166666667
1.3559267419999514,-428751.0047222222
1.3573952419999387,-23168.994166666667
1.3577583559999766,-428751.0047222222
1.3590001039999606,-23168.994166666667
1.359573016000013,-428751.0047222222
1.3611944859999312,-23168.994166666667
1.3616027769999164,-428751.0047222222
1.362930762000019,-23168.994166666667
1.3632882179999797,-428751.0047222222
1.3646767309999177,-23168.994166666667
1.3650929519999409,-428751.0047222222
1.3669859660000157,-23168.994166666667
1.367557617999978,-428751.0047222222
1.369015859000001,-23168.994166666667
1.3695868439999686,-428751.0047222222
1.3711422929999344,-23168.994166666667
1.3717210899999372,-428751.0047222222
1.3730031310000186,-23168.994166666667
1.373484695000002,-428751.0047222222
1.3747653359999958,-23168.994166666667
1.3752049710000165,-428751.0047222222
1.376596473999939,-23168.994166666667
1.3770237029999635,-428751.0047222222
1.378800554999998,-23168.994166666667
1.3792146119999416,-428751.0047222222
1.3805856489999542,-23168.994166666667
1.381012544999976,-428751.0047222222
1.3831122589999723,-23168.994166666667
1.3831486849999237,-428751.0047222222
1.3850488739999491,-23168.994166666667
1.3853117169999223,-428751.0047222222
1.3865903409999873,-23168.994166666667
1.3871833470000183,-428751.0047222222
1.389017061000004,-23168.994166666667
1.389572725999983,-428751.0047222222
1.3910276519999343,-23168.994166666667
1.391478789999951,-428751.0047222222
1.393105429000002,-23168.994166666667
1.3935817269999689,-428751.0047222222
1.394699003000028,-23168.994166666667
1.3950857019999603,-428751.0047222222
1.3969916369999282,-23168.994166666667
1.3975742559999844,-428751.0047222222
1.3987381419999565,-23168.994166666667
1.3991219339999361,-428751.0047222222
1.400611554999955,-23168.994166666667
1.4011738539999214,-428751.0047222222
1.404038845999935,-23168.994166666667
1.40406808299997,-428751.0047222222
1.4045701750000035,-23168.994166666667
1.4049872009999262,-428751.0047222222
1.4078842709999435,-23168.994166666667
1.4082133849999536,-428751.0047222222
1.409732313999939,-23168.994166666667
1.4099837179999213,-428751.0047222222
1.4118371739999702,-23168.994166666667
1.41223340800002,-428751.0047222222
1.4135534999999209,-23168.994166666667
1.413977104999958,-428751.0047222222
1.415579839999964,-23168.994166666667
1.4158474409999826,-428751.0047222222
1.4171358269999246,-23168.994166666667
1.4175720680000268,-428751.0047222222
1.419767505999971,-23168.994166666667
1.4197971199999984,-428751.0047222222
1.4210160509999241,-23168.994166666667
1.4237248439999348,-428751.0047222222
1.423759552999968,-23168.994166666667
1.4237697119999666,-428751.0047222222
1.4242383590000145,-23168.994166666667
1.4247409079999898,-428751.0047222222
1.4262147419999565,-23168.994166666667
1.4265502939999806,-428751.0047222222
1.428150432999928,-23168.994166666667
1.428760954999916,-428751.0047222222
1.4297956020000129,-23168.994166666667
1.4302314540000225,-428751.0047222222
1.4321456420000231,-23168.994166666667
1.4324202220000188,-428751.0047222222
1.433529904000011,-23168.994166666667
1.4339649830000099,-428751.0047222222
1.43526542099994,-23168.994166666667
1.4357460319999973,-428751.0047222222
1.4375221499999498,-23168.994166666667
1.4379398999999466,-428751.0047222222
1.4392610500000274,-23168.994166666667
1.4397038089999796,-428751.0047222222
1.4413618959999894,-23168.994166666667
1.4420014049999281,-428751.0047222222
1.4432293789999449,-23168.994166666667
1.4436194129999649,-428751.0047222222
1.4451348840000264,-23168.994166666667
1.4456843609999623,-428751.0047222222
1.446797495999931,-23168.994166666667
1.4472220729999208,-428751.0047222222
1.4484511529999509,-23168.994166666667
1.4490458059999582,-428751.0047222222
1.4505934630000183,-23168.994166666667
1.4506227979999267,-428751.0047222222
1.4523871459999782,-23168.994166666667
1.4527632079999648,-428751.0047222222
1.454542624999931,-23168.994166666667
1.4545793899999353,-428751.0047222222
1.4555939969999372,-23168.994166666667
1.4560436639999352,-428751.0047222222
1.4572448110000096,-23168.994166666667
1.4581479019999506,-428751.0047222222
1.459250967999992,-23168.994166666667
1.4596815209999932,-428751.0047222222
1.4636163399999305,-23168.994166666667
1.4641036189999568,-428751.0047222222
1.467186933999983,-23168.994166666667
1.4676568709999174,-428751.0047222222
1.4691639299999224,-23168.994166666667
1.4696089669999992,-428751.0047222222
1.4712941970000202,-23168.994166666667
1.4715818490000174,-428751.0047222222
1.4732060549999915,-23168.994166666667
1.4737547769999537,-428751.0047222222
1.4756847789999483,-23168.994166666667
1.4760923420000154,-428751.0047222222
1.4778859880000255,-23168.994166666667
1.478217107999967,-428751.0047222222
1.4806578789999776,-23168.994166666667
1.4810575210000252,-428751.0047222222
1.482657675999917,-23168.994166666667
1.4831732760000023,-428751.0047222222
1.4850197749999552,-23168.994166666667
1.485501693999936,-428751.0047222222
1.4874489129999802,-23168.994166666667
1.4876175969999395,-428751.0047222222
1.488946288999955,-23168.994166666667
1.4893096569999216,-428751.0047222222
1.491208846999939,-23168.994166666667
1.4915553539999564,-428751.0047222222
1.4938149359999215,-23168.994166666667
1.4944539570000188,-428751.0047222222
1.4960603270000092,-23168.994166666667
1.496643345999928,-428751.0047222222
1.4981351430000132,-23168.994166666667
1.4986184919999914,-428751.0047222222
1.5004084969999667,-23168.994166666667
1.5007772289999366,-428751.0047222222
1.50231471099994,-23168.994166666667
1.5027351599999292,-428751.0047222222
1.5043305089999421,-23168.994166666667
1.5047481990000051,-428751.0047222222
1.506448440999975,-23168.994166666667
1.5068177769999238,-428751.0047222222
1.5079709689999845,-23168.994166666667
1.5088871130000143,-428751.0047222222
1.5094674769999301,-23168.994166666667
1.5099059829999533,-428751.0047222222
1.5115032489999294,-23168.994166666667
1.5119165190000103,-428751.0047222222
1.5132094409999581,-23168.994166666667
1.5136972509999396,-428751.0047222222
1.5152197180000258,-23168.994166666667
1.5160643909999862,-428751.0047222222
1.5170768579999958,-23168.994166666667
1.5175505669999438,-428751.0047222222
1.5191838019999295,-23168.994166666667
1.5194842939999944,-428751.0047222222
1.5209371669999427,-23168.994166666667
1.521308169000008,-428751.0047222222
1.5224107579999782,-23168.994166666667
1.5231525719999581,-428751.0047222222
1.5243099319999374,-23168.994166666667
1.524634753999976,-428751.0047222222
1.5267146190000176,-23168.994166666667
1.5271812270000282,-428751.0047222222
1.5282245519999833,-23168.994166666667
1.5289864449999868,-428751.0047222222
1.529970857999956,-23168.994166666667
1.5305673450000086,-428751.0047222222
1.5317563549999704,-23168.994166666667
1.5321327599999677,-428751.0047222222
1.5338932820000082,-23168.994166666667
1.5344400110000151,-428751.0047222222
1.5352749730000141,-23168.994166666667
1.5360422759999892,-428751.0047222222
1.5369987220000212,-23168.994166666667
1.5376183810000157,-428751.0047222222
1.5391108889999714,-23168.994166666667
1.5395948209999233,-428751.0047222222
1.5420197879999478,-23168.994166666667
1.5425728430000163,-428751.0047222222
1.5439183319999756,-23168.994166666667
1.5442837969999346,-428751.0047222222
1.545610260999979,-23168.994166666667
1.5460189069999615,-428751.0047222222
1.5472333809999554,-23168.994166666667
1.547984724999992,-428751.0047222222
1.5492241839999679,-23168.994166666667
1.5496450719999757,-428751.0047222222
1.5511900330000117,-23168.994166666667
1.5517968770000152,-428751.0047222222
1.553070469999966,-23168.994166666667
1.553499266000017,-428751.0047222222
1.5550661710000213,-23168.994166666667
1.5556684299999688,-428751.0047222222
1.556871894999972,-23168.994166666667
1.5572265509999852,-428751.0047222222
1.5588830440000265,-23168.994166666667
1.5592506279999725,-428751.0047222222
1.5605952419999767,-23168.994166666667
1.5610191649999479,-428751.0047222222
1.5625008719999869,-23168.994166666667
1.5629105119999167,-428751.0047222222
1.564187961000016,-23168.994166666667
1.5646285789999865,-428751.0047222222
1.5662495629999285,-23168.994166666667
1.566648025999939,-428751.0047222222
1.5681761999999253,-23168.994166666667
1.5686186739999357,-428751.0047222222
1.570233475000009,-23168.994166666667
1.5706597419999753,-428751.0047222222
1.5721896459999698,-23168.994166666667
1.5727155920000087,-428751.0047222222
1.5741424440000173,-23168.994166666667
1.5747688409999228,-428751.0047222222
1.5761399599999777,-23168.994166666667
1.5765841359999513,-428751.0047222222
1.5782867739999347,-23168.994166666667
1.5785800119999749,-428751.0047222222
1.5801737729999559,-23168.994166666667
1.5805680189999975,-428751.0047222222
1.5820172749999983,-23168.994166666667
1.5826348800000005,-428751.0047222222
1.5837044290000222,-23168.994166666667
1.5842169860000013,-428751.0047222222
1.5855920619999324,-23168.994166666667
1.586005575999934,-428751.0047222222
1.587511372999984,-23168.994166666667
1.587931813999944,-428751.0047222222
1.58954570100002,-23168.994166666667
1.5901372359999186,-428751.0047222222
1.5911749289999761,-23168.994166666667
1.5916071279999642,-428751.0047222222
1.5930011539999214,-23168.994166666667
1.593634781999981,-428751.0047222222
1.5946089909999728,-23168.994166666667
1.5950375899999472,-428751.0047222222
1.596215476999987,-23168.994166666667
1.596959194999954,-428751.0047222222
1.5982291599999598,-23168.994166666667
1.5986524749999944,-428751.0047222222
1.6001675719999184,-23168.994166666667
1.600566740999966,-428751.0047222222
1.602236646999927,-23168.994166666667
1.6027584419999812,-428751.0047222222
1.6038433179999174,-23168.994166666667
1.604234238999993,-428751.0047222222
1.605584656000019,-23168.994166666667
1.6060110930000064,-428751.0047222222
1.607599061999963,-23168.994166666667
1.6080222649999314,-428751.0047222222
1.609576823999987,-23168.994166666667
1.6100040420000141,-428751.0047222222
1.6116018149999718,-23168.994166666667
1.61202381399994,-428751.0047222222
1.6140812849999975,-23168.994166666667
1.6145223720000104,-428751.0047222222
1.616004524999994,-23168.994166666667
1.616628066999965,-428751.0047222222
1.61811425399992,-23168.994166666667
1.618692694999936,-428751.0047222222
1.6200876460000018,-23168.994166666667
1.6206578229999877,-428751.0047222222
1.6218789399999878,-23168.994166666667
1.622473834999937,-428751.0047222222
1.6235529229999202,-23168.994166666667
1.6239990330000182,-428751.0047222222
1.6251951519999466,-23168.994166666667
1.6258993650000093,-428751.0047222222
1.627237503999936,-23168.994166666667
1.6276892810000163,-428751.0047222222
1.629415789999939,-23168.994166666667
1.6297755240000242,-428751.0047222222
1.631145253999989,-23168.994166666667
1.631736821000004,-428751.0047222222
1.6330125069999895,-23168.994166666667
1.6335862639999732,-428751.0047222222
1.6348926439999332,-23168.994166666667
1.6353967049999483,-428751.0047222222
1.6365483039999162,-23168.994166666667
1.6369708390000142,-428751.0047222222
1.6382856189999302,-23168.994166666667
1.6387426969999979,-428751.0047222222
1.6414241489999313,-23168.994166666667
1.6421296959999836,-428751.0047222222
1.6430001319999974,-23168.994166666667
1.6438182299999653,-428751.0047222222
1.6449355089999926,-23168.994166666667
1.6460379909999574,-428751.0047222222
1.6478846149999526,-23168.994166666667
1.6483775010000272,-428751.0047222222
1.649628139000015,-23168.994166666667
1.6499969459999875,-428751.0047222222
1.6516917100000228,-23168.994166666667
1.6520843819999982,-428751.0047222222
1.6540057649999653,-23168.994166666667
1.654572782999935,-428751.0047222222
1.6559858839999606,-23168.994166666667
1.6565351369999917,-428751.0047222222
1.658061120999946,-23168.994166666667
1.6584522619999689,-428751.0047222222
1.6596703509999315,-23168.994166666667
1.6600773289999324,-428751.0047222222
1.6619751680000263,-23168.994166666667
1.6625097799999367,-428751.0047222222
1.6640838659999417,-23168.994166666667
1.6645093769999448,-428751.0047222222
1.6661373790000198,-23168.994166666667
1.666689582999993,-428751.0047222222
1.668527283000003,-23168.994166666667
1.6690186629999744,-428751.0047222222
1.6706550039999684,-23168.994166666667
1.6710559499999817,-428751.0047222222
1.6729094290000148,-23168.994166666667
1.6732857900000226,-428751.0047222222
1.6748462399999653,-23168.994166666667
1.6752024359999496,-428751.0047222222
1.6771570739999788,-23168.994166666667
1.6775791699999445,-428751.0047222222
1.6792474579999634,-23168.994166666667
1.6798199039999417,-428751.0047222222
1.6813517079999656,-23168.994166666667
1.6820721000000276,-428751.0047222222
1.6835838779999222,-23168.994166666667
1.6839127859999508,-428751.0047222222
1.6856587940000054,-23168.994166666667
1.6860739149999517,-428751.0047222222
1.68760583400001,-23168.994166666667
1.688011596000024,-428751.0047222222
1.6894119669999554,-23168.994166666667
1.6898366279999664,-428751.0047222222
1.6914949989999286,-23168.994166666667
1.6919288770000094,-428751.0047222222
1.6932311499999741,-23168.994166666667
1.6937260590000278,-428751.0047222222
1.6953267479999568,-23168.994166666667
1.6960965700000088,-428751.0047222222
1.6973941200000127,-23168.994166666667
1.6978543349999882,-428751.0047222222
1.6994325890000255,-23168.994166666667
1.6996841709999444,-428751.0047222222
1.7014226939999162,-23168.994166666667
1.7020641909999767,-428751.0047222222
1.7031269199999315,-23168.994166666667
1.7036515239999517,-428751.0047222222
1.706196236999972,-23168.994166666667
1.706499100999963,-428751.0047222222
1.7079620519999708,-23168.994166666667
1.7085447849999582,-428751.0047222222
1.7099474770000143,-23168.994166666667
1.7104780879999453,-428751.0047222222
1.7126453710000078,-23168.994166666667
1.71303891499997,-428751.0047222222
1.7145282519999228,-23168.994166666667
1.714948192999941,-428751.0047222222
1.7162269689999903,-23168.994166666667
1.716977652999958,-428751.0047222222
1.7185965659999738,-23168.994166666667
1.7190224280000166,-428751.0047222222
1.7211921339999208,-23168.994166666667
1.7216323359999706,-428751.0047222222
1.7225972319999983,-23168.994166666667
1.7230241459999434,-428751.0047222222
1.7245224040000267,-23168.994166666667
1.724969729999998,-428751.0047222222
1.7270078159999684,-23168.994166666667
1.7275904409999612,-428751.0047222222
1.7290155859999459,-23168.994166666667
1.7295866570000271,-428751.0047222222
1.7310115629999245,-23168.994166666667
1.7314874929999178,-428751.0047222222
1.733078217999946,-23168.994166666667
1.7334793009999885,-428751.0047222222
1.7346347179999384,-23168.994166666667
1.7350907090000192,-428751.0047222222
1.7363891269999385,-23168.994166666667
1.7368269419999933,-428751.0047222222
1.7382305259999384,-23168.994166666667
1.7386680319999641,-428751.0047222222
1.7402936839999938,-23168.994166666667
1.7407200489999468,-428751.0047222222
1.7422231020000254,-23168.994166666667
1.7430803649999689,-428751.0047222222
1.7439637429999948,-23168.994166666667
1.7445434829999158,-428751.0047222222
1.7457477039999958,-23168.994166666667
1.7462496849999525,-428751.0047222222
1.747519312999998,-23168.994166666667
1.7478027999999313,-428751.0047222222
1.7490072809999901,-23168.994166666667
1.7496398539999518,-428751.0047222222
1.7510208269999339,-23168.994166666667
1.7514925759999187,-428751.0047222222
1.7529210850000254,-23168.994166666667
1.753282741000021,-428751.0047222222
1.7545865390000017,-23168.994166666667
1.7550262789999351,-428751.0047222222
1.7564987029999202,-23168.994166666667
1.756926548000024,-428751.0047222222
1.7584233420000146,-23168.994166666667
1.7588509679999333,-428751.0047222222
1.7601947949999612,-23168.994166666667
1.7606751129999338,-428751.0047222222
1.7621930870000142,-23168.994166666667
1.7628068509999366,-428751.0047222222
1.7640711089999286,-23168.994166666667
1.7646520659999396,-428751.0047222222
1.7658571040000197,-23168.994166666667
1.7662257139999156,-428751.0047222222
1.7676055360000191,-23168.994166666667
1.7680264609999767,-428751.0047222222
1.7692516370000249,-23168.994166666667
1.7699684709999701,-428751.0047222222
1.7712304389999645,-23168.994166666667
1.771648607999964,-428751.0047222222
1.7732202519999873,-23168.994166666667
1.7736482770000066,-428751.0047222222
1.7752151349999394,-23168.994166666667
1.7756488850000096,-428751.0047222222
1.7771872659999417,-23168.994166666667
1.7775837099999308,-428751.0047222222
1.779227010999989,-23168.994166666667
1.7796467419999544,-428751.0047222222
1.7811886449999292,-23168.994166666667
1.7815819709999232,-428751.0047222222
1.7831656260000273,-23168.994166666667
1.7835695589999432,-428751.0047222222
1.7850731920000271,-23168.994166666667
1.785486354999989,-428751.0047222222
1.787242268,-23168.994166666667
1.7876878179999949,-428751.0047222222
1.7901488969999946,-23168.994166666667
1.7905727209999895,-428751.0047222222
1.7924306369999385,-23168.994166666667
1.793066223999972,-428751.0047222222
1.794188229999918,-23168.994166666667
1.794584236999981,-428751.0047222222
1.7961512129999164,-23168.994166666667
1.7967762929999935,-428751.0047222222
1.7980126779999637,-23168.994166666667
1.7985904459999347,-428751.0047222222
1.800004950000016,-23168.994166666667
1.8004801999999245,-428751.0047222222
1.8034162399999332,-23168.994166666667
1.8037841240000034,-428751.0047222222
1.8050741590000143,-23168.994166666667
1.8056804729999385,-428751.0047222222
1.8071962989999975,-23168.994166666667
1.8076909679999744,-428751.0047222222
1.8091508279999289,-23168.994166666667
1.809703829,-428751.0047222222
1.8111557219999668,-23168.994166666667
1.811542294999981,-428751.0047222222
1.8130899849999196,-23168.994166666667
1.813543033999963,-428751.0047222222
1.8152340169999661,-23168.994166666667
1.815619743999946,-428751.0047222222
1.817138798999963,-23168.994166666667
1.817842660999986,-428751.0047222222
1.819230781999977,-23168.994166666667
1.8196582450000278,-428751.0047222222
1.821503622000023,-23168.994166666667
1.8219334539999181,-428751.0047222222
1.8232543699999724,-23168.994166666667
1.823746822999965,-428751.0047222222
1.825909524999929,-23168.994166666667
1.8262779359999968,-428751.0047222222
1.8275779019999163,-23168.994166666667
1.828019129999916,-428751.0047222222
1.829971033999982,-23168.994166666667
1.8304674879999538,-428751.0047222222
1.8317238229999475,-23168.994166666667
1.8320752539999603,-428751.0047222222
1.833757754999965,-23168.994166666667
1.8341125460000285,-428751.0047222222
1.8358059459999367,-23168.994166666667
1.8361994739999545,-428751.0047222222
1.8375705729999936,-23168.994166666667
1.838016281000023,-428751.0047222222
1.8398165199999994,-23168.994166666667
1.8402062269999533,-428751.0047222222
1.84176498599993,-23168.994166666667
1.8420206509999844,-428751.0047222222
1.843570418000013,-23168.994166666667
1.843992344999947,-428751.0047222222
1.8457643389999703,-23168.994166666667
1.846120717999952,-428751.0047222222
1.847672105000015,-23168.994166666667
1.8480708710000044,-428751.0047222222
1.849567595999929,-23168.994166666667
1.8499511379999376,-428751.0047222222
1.8520541819999607,-23168.994166666667
1.8526422429999911,-428751.0047222222
1.8536459399999785,-23168.994166666667
1.8542284349999818,-428751.0047222222
1.8555690360000199,-23168.994166666667
1.8559916749999275,-428751.0047222222
1.8578040209999926,-23168.994166666667
1.8583320089999233,-428751.0047222222
1.8599729300000263,-23168.994166666667
1.8605015179999782,-428751.0047222222
1.8616884639999398,-23168.994166666667
1.8620783860000074,-428751.0047222222
1.8639746599999398,-23168.994166666667
1.8644445740000037,-428751.0047222222
1.8656329319999259,-23168.994166666667
1.8659963819999348,-428751.0047222222
1.867817729999956,-23168.994166666667
1.8686410660000092,-428751.0047222222
1.8697453749999795,-23168.994166666667
1.8703488200000038,-428751.0047222222
1.8710106159999214,-23168.994166666667
1.8724808459999167,-428751.0047222222
1.8731740700000046,-23168.994166666667
1.8740029329999288,-428751.0047222222
1.8751404910000247,-23168.994166666667
1.8755333859999155,-428751.0047222222
1.8771451899999647,-23168.994166666667
1.8775686149999729,-428751.0047222222
1.8791350129999955,-23168.994166666667
1.879539660999967,-428751.0047222222
1.8811663819999467,-23168.994166666667
1.8815669580000076,-428751.0047222222
1.8830075590000206,-23168.994166666667
1.8834184599999162,-428751.0047222222
1.8844126729999289,-23168.994166666667
1.884910960999946,-428751.0047222222
1.8859545299999354,-23168.994166666667
1.8865138669999624,-428751.0047222222
1.887442946999954,-23168.994166666667
1.8879527870000175,-428751.0047222222
1.8889835830000266,-23168.994166666667
1.889609489999998,-428751.0047222222
1.8907593100000213,-23168.994166666667
1.8911952600000177,-428751.0047222222
1.8928068409999241,-23168.994166666667
1.8932000459999472,-428751.0047222222
1.8944936619999453,-23168.994166666667
1.8950325270000121,-428751.0047222222
1.8966253529999904,-23168.994166666667
1.8971978219999528,-428751.0047222222
1.8983071349999818,-23168.994166666667
1.8987664449999784,-428751.0047222222
1.9004996789999495,-23168.994166666667
1.9009229989999312,-428751.0047222222
1.9022522389999494,-23168.994166666667
1.9027371959999755,-428751.0047222222
1.9045219029999316,-23168.994166666667
1.9049451019999424,-428751.0047222222
1.9062532729999475,-23168.994166666667
1.9066975690000163,-428751.0047222222
1.9084962939999741,-23168.994166666667
1.9089366209999525,-428751.0047222222
1.9102223419999973,-23168.994166666667
1.9107148560000269,-428751.0047222222
1.9122893520000162,-23168.994166666667
1.9126854180000237,-428751.0047222222
1.914413475999936,-23168.994166666667
1.915134390999924,-428751.0047222222
1.916131058000019,-23168.994166666667
1.9165317549999372,-428751.0047222222
1.9182125679999444,-23168.994166666667
1.918766423999955,-428751.0047222222
1.919987237999976,-23168.994166666667
1.9205580130000044,-428751.0047222222
1.921941095999955,-23168.994166666667
1.9225049519999402,-428751.0047222222
1.923938174,-23168.994166666667
1.924500342999977,-428751.0047222222
1.9261217270000088,-23168.994166666667
1.9265806299999895,-428751.0047222222
1.9280126849999988,-23168.994166666667
1.9285864070000116,-428751.0047222222
1.9297172709999586,-23168.994166666667
1.930106253999952,-428751.0047222222
1.9315238269999782,-23168.994166666667
1.931951771999934,-428751.0047222222
1.9334008559999347,-23168.994166666667
1.933708671999966,-428751.0047222222
1.9354106690000208,-23168.994166666667
1.9360524080000232,-428751.0047222222
1.9372175949999928,-23168.994166666667
1.937706900999956,-428751.0047222222
1.9394969300000184,-23168.994166666667
1.9399531919999617,-428751.0047222222
1.940976816999978,-23168.994166666667
1.942391569999927,-23168.994166666667
1.944030421999969,-428751.0047222222
1.9442309500000192,-23168.994166666667
1.9446398469999622,-428751.0047222222
1.9462766639999245,-23168.994166666667
1.9467127469999923,-428751.0047222222
1.9484642359999498,-23168.994166666667
1.949033514000007,-428751.0047222222
1.9502283229999193,-23168.994166666667
1.9506212719999212,-428751.0047222222
1.9520983569999544,-23168.994166666667
1.9528121189999865,-428751.0047222222
1.9539501799999925,-23168.994166666667
1.9545170439999993,-428751.0047222222
1.9560607959999743,-23168.994166666667
1.9566693859999305,-428751.0047222222
1.9584786079999503,-23168.994166666667
1.9590781309999556,-428751.0047222222
1.960226587999955,-23168.994166666667
1.9608051870000054,-428751.0047222222
1.9624755489999188,-23168.994166666667
1.963058488999991,-428751.0047222222
1.9645813050000243,-23168.994166666667
1.9648429860000078,-428751.0047222222
1.9670792509999728,-23168.994166666667
1.9676128379999227,-428751.0047222222
1.9686907899999824,-23168.994166666667
1.9690775440000152,-428751.0047222222
1.970879965999984,-23168.994166666667
1.9712428709999585,-428751.0047222222
1.9725843149999491,-23168.994166666667
1.973025631999917,-428751.0047222222
1.97422144199993,-23168.994166666667
1.9746941339999466,-428751.0047222222
1.9762195539999539,-23168.994166666667
1.977006934999963,-428751.0047222222
1.9780393920000279,-23168.994166666667
1.9785018979999904,-428751.0047222222
1.9799078459999464,-23168.994166666667
1.9804977750000035,-428751.0047222222
1.9819096699999363,-23168.994166666667
1.9822788459999856,-428751.0047222222
1.9836375459999545,-23168.994166666667
1.984037533999981,-428751.0047222222
1.9854758089999223,-23168.994166666667
1.9859017449999783,-428751.0047222222
1.9871980359999952,-23168.994166666667
1.987692587999959,-428751.0047222222
1.9892064879999225,-23168.994166666667
1.9898347859999603,-428751.0047222222
1.991002008999999,-23168.994166666667
1.991577688999996,-428751.0047222222
1.9930149690000007,-23168.994166666667
1.993561365000005,-428751.0047222222
1.9945377789999839,-23168.994166666667
1.9949986789999912,-428751.0047222222
1.9969378170000027,-23168.994166666667
1.9974098799999638,-428751.0047222222
1.9994985069999984,-23168.994166666667
1.9999241009999196,-428751.0047222222
2.0014292710000063,-23168.994166666667
2.001794700000005,-428751.0047222222
2.0038934079999535,-23168.994166666667
2.0042551569999887,-428751.0047222222
2.006428872000015,-23168.994166666667
2.0067307250000113,-428751.0047222222
2.0085008549999657,-23168.994166666667
2.0089231719999816,-428751.0047222222
2.01049577699996,-23168.994166666667
2.010928442000022,-428751.0047222222
2.012439904999951,-23168.994166666667
2.013200311999981,-428751.0047222222
2.0142445689999704,-23168.994166666667
2.0146384339999486,-428751.0047222222
2.016314432999934,-23168.994166666667
2.0165886839999985,-428751.0047222222
2.0182284389999268,-23168.994166666667
2.0186215960000027,-428751.0047222222
2.020205732000022,-23168.994166666667
2.020802752999998,-428751.0047222222
2.022078439999973,-23168.994166666667
2.0225078579999263,-428751.0047222222
2.024043634999998,-23168.994166666667
2.0246487309999566,-428751.0047222222
2.025848570999983,-23168.994166666667
2.0262244949999513,-428751.0047222222
2.027598129000012,-23168.994166666667
2.0280192689999694,-428751.0047222222
2.0297649259999844,-23168.994166666667
2.0303376250000156,-428751.0047222222
2.0317368139999417,-23168.994166666667
2.032220115999962,-428751.0047222222
2.033386655999948,-23168.994166666667
2.033817916999965,-428751.0047222222
2.0351517220000233,-23168.994166666667
2.0355639069999825,-428751.0047222222
2.0372128409999277,-23168.994166666667
2.0376090549999617,-428751.0047222222
2.0391937709999866,-23168.994166666667
2.0398006079999504,-428751.0047222222
2.0411262879999867,-23168.994166666667
2.041506013000003,-428751.0047222222
2.043192488999921,-23168.994166666667
2.043836775999921,-428751.0047222222
2.0447570410000253,-23168.994166666667
2.045197415999951,-428751.0047222222
2.0469752320000225,-23168.994166666667
2.0474928759999784,-428751.0047222222
2.0488916329999256,-23168.994166666667
2.049250405999942,-428751.0047222222
2.0509722020000254,-23168.994166666667
2.0514454429999205,-428751.0047222222
2.05292752999992,-23168.994166666667
2.0531765160000077,-428751.0047222222
2.0543656199999987,-23168.994166666667
2.054877415999954,-428751.0047222222
2.0561483589999625,-23168.994166666667
2.0565395969999827,-428751.0047222222
2.0580399469999975,-23168.994166666667
2.05864399699999,-428751.0047222222
2.059991449999984,-23168.994166666667
2.0604667559999825,-428751.0047222222
2.061569386999963,-23168.994166666667
2.062039647000006,-428751.0047222222
2.063205885000002,-23168.994166666667
2.0639508560000195,-428751.0047222222
2.0651620549999734,-23168.994166666667
2.06559499399998,-428751.0047222222
2.067372918999922,-23168.994166666667
2.0676264329999867,-428751.0047222222
2.069173415000023,-23168.994166666667
2.0695944179999515,-428751.0047222222
2.071216887999981,-23168.994166666667
2.071611888999996,-428751.0047222222
2.073171278000018,-23168.994166666667
2.073597061999976,-428751.0047222222
2.0748793230000047,-23168.994166666667
2.0753842990000066,-428751.0047222222
2.0767672160000075,-23168.994166666667
2.0770279719999962,-428751.0047222222
2.0781429090000074,-23168.994166666667
2.0785778769999297,-428751.0047222222
2.080163142999936,-23168.994166666667
2.080694231999928,-428751.0047222222
2.082106166000017,-23168.994166666667
2.082702006999966,-428751.0047222222
2.084072196999955,-23168.994166666667
2.0845017189999453,-428751.0047222222
2.0860340799999904,-23168.994166666667
2.086436687999935,-428751.0047222222
2.087538527999982,-23168.994166666667
2.087961345999929,-428751.0047222222
2.0891760759999443,-23168.994166666667
2.0898138769999832,-428751.0047222222
2.0911287369999627,-23168.994166666667
2.091543592999983,-428751.0047222222
2.0927049790000183,-23168.994166666667
2.093196732000024,-428751.0047222222
2.095134026999972,-23168.994166666667
2.095452522999949,-428751.0047222222
2.096642877000022,-23168.994166666667
2.0970255510000015,-428751.0047222222
2.098473227999989,-23168.994166666667
2.0989001179999605,-428751.0047222222
2.100178289999917,-23168.994166666667
2.1009251460000087,-428751.0047222222
2.102151549999917,-23168.994166666667
2.1025698529999772,-428751.0047222222
2.1041545949999545,-23168.994166666667
2.1045805410000185,-428751.0047222222
2.1061631609999267,-23168.994166666667
2.106698888999972,-428751.0047222222
2.1080222460000186,-23168.994166666667
2.1084926119999636,-428751.0047222222
2.109955275999937,-23168.994166666667
2.110430324999925,-428751.0047222222
2.1118383799999947,-23168.994166666667
2.1121990429999187,-428751.0047222222
2.113561718000028,-23168.994166666667
2.113985313999933,-428751.0047222222
2.115675650999947,-23168.994166666667
2.11602794800001,-428751.0047222222
2.1175616069999705,-23168.994166666667
2.117988233999995,-428751.0047222222
2.1195887979999952,-23168.994166666667
2.1200173109999696,-428751.0047222222
2.1214492990000053,-23168.994166666667
2.1232636159999174,-23168.994166666667
2.1249159709999503,-23168.994166666667
2.1250832739999623,-428751.0047222222
2.125556114999995,-428751.0047222222
2.126942944999996,-23168.994166666667
2.127492469999993,-428751.0047222222
2.128624120999916,-23168.994166666667
2.129002137999919,-428751.0047222222
2.130270700999972,-23168.994166666667
2.130708303000006,-428751.0047222222
2.132500250000021,-23168.994166666667
2.132940609000002,-428751.0047222222
2.134239346999948,-23168.994166666667
2.1347262799999953,-428751.0047222222
2.1363322649999645,-23168.994166666667
2.1368348390000165,-428751.0047222222
2.1378272389999893,-23168.994166666667
2.138392615999919,-428751.0047222222
2.1398387030000094,-23168.994166666667
2.1401989339999545,-428751.0047222222
2.1416012820000105,-23168.994166666667
2.1419802219999156,-428751.0047222222
2.1432172290000153,-23168.994166666667
2.1436535569999933,-428751.0047222222
2.145130799999947,-23168.994166666667
2.145734286999982,-428751.0047222222
2.146802905999948,-23168.994166666667
2.1471996269999636,-428751.0047222222
2.149404562999962,-23168.994166666667
2.149829619000002,-428751.0047222222
2.1521991469999193,-23168.994166666667
2.1525764619999563,-428751.0047222222
2.154116596999984,-23168.994166666667
2.154752441000028,-428751.0047222222
2.1560259880000103,-23168.994166666667
2.1563967869999487,-428751.0047222222
2.1582247769999867,-23168.994166666667
2.1585353069999655,-428751.0047222222
2.161152099999981,-23168.994166666667
2.1617552789999763,-428751.0047222222
2.1632546639999646,-23168.994166666667
2.1636923710000247,-428751.0047222222
2.165370036000013,-23168.994166666667
2.1658051269999987,-428751.0047222222
2.167417054999987,-23168.994166666667
2.1679350969999405,-428751.0047222222
2.1694890219999934,-23168.994166666667
2.1699159259999306,-428751.0047222222
2.1712139769999794,-23168.994166666667
2.1716984049999155,-428751.0047222222
2.1730854349999618,-23168.994166666667
2.1736907150000206,-428751.0047222222
2.1750068809999448,-23168.994166666667
2.1754812880000145,-428751.0047222222
2.176714994000008,-23168.994166666667
2.177082853999991,-428751.0047222222
2.1782201720000103,-23168.994166666667
2.178693366999937,-428751.0047222222
2.1804179260000183,-23168.994166666667
2.180988377999938,-428751.0047222222
2.182196150999971,-23168.994166666667
2.1826933979999694,-428751.0047222222
2.184274187000028,-23168.994166666667
2.1846745029999965,-428751.0047222222
2.186474520999923,-23168.994166666667
2.1869041579999475,-428751.0047222222
2.18822120599998,-23168.994166666667
2.188698267999939,-428751.0047222222
2.190413238000019,-23168.994166666667
2.1908427459999302,-428751.0047222222
2.192217414999959,-23168.994166666667
2.192702770999972,-428751.0047222222
2.1942249850000053,-23168.994166666667
2.195098099000006,-428751.0047222222
2.195872900999916,-23168.994166666667
2.196508699999981,-428751.0047222222
2.1979048790000206,-23168.994166666667
2.198274416000004,-428751.0047222222
2.1998997539999436,-23168.994166666667
2.2002731359999643,-428751.0047222222
2.2015916220000236,-23168.994166666667
2.202019378999921,-428751.0047222222
2.2034137910000027,-23168.994166666667
2.2037855589999253,-428751.0047222222
2.2050841870000113,-23168.994166666667
2.2056896179999512,-428751.0047222222
2.2070102279999446,-23168.994166666667
2.207588962999921,-428751.0047222222
2.208940347999942,-23168.994166666667
2.209419116999925,-428751.0047222222
2.210886418999962,-23168.994166666667
2.2113987110000153,-428751.0047222222
2.212606512999969,-23168.994166666667
2.2130239869999286,-428751.0047222222
2.214492987999961,-23168.994166666667
2.2149132879999343,-428751.0047222222
2.2163054029999785,-23168.994166666667
2.216811037999946,-428751.0047222222
2.218014693999976,-23168.994166666667
2.2186405359999526,-428751.0047222222
2.2200097229999756,-23168.994166666667
2.220591122999963,-428751.0047222222
2.2220089510000207,-23168.994166666667
2.222580741999991,-428751.0047222222
2.224004220999973,-23168.994166666667
2.22458411599996,-428751.0047222222
2.2260071040000184,-23168.994166666667
2.226582338999947,-428751.0047222222
2.228017281999996,-23168.994166666667
2.2284919469999522,-428751.0047222222
2.2295767329999308,-23168.994166666667
2.230016018000015,-428751.0047222222
2.2314866749999283,-23168.994166666667
2.2319131729999526,-428751.0047222222
2.233489375999966,-23168.994166666667
2.233872173000009,-428751.0047222222
2.236002751000001,-23168.994166666667
2.2368522619999567,-428751.0047222222
2.237933724999948,-23168.994166666667
2.2385006109999495,-428751.0047222222
2.2401062689999662,-23168.994166666667
2.240349478999974,-428751.0047222222
2.241595812000014,-23168.994166666667
2.2421284910000168,-428751.0047222222
2.2438122940000085,-23168.994166666667
2.244199373000015,-428751.0047222222
2.2459075739999435,-23168.994166666667
2.2462785320000194,-428751.0047222222
2.2475955799999383,-23168.994166666667
2.248022644999992,-428751.0047222222
2.249814232999938,-23168.994166666667
2.2502059930000087,-428751.0047222222
2.2515960959999575,-23168.994166666667
2.2520263579999664,-428751.0047222222
2.2542053849999775,-23168.994166666667
2.254642935999982,-428751.0047222222
2.25668572099994,-23168.994166666667
2.2570862430000034,-428751.0047222222
2.2589288670000087,-23168.994166666667
2.2592756729999337,-428751.0047222222
2.2605813960000205,-23168.994166666667
2.261026228999981,-428751.0047222222
2.2626138680000167,-23168.994166666667
2.2630186330000015,-428751.0047222222
2.2645678569999745,-23168.994166666667
2.264967145000014,-428751.0047222222
2.266194817999917,-23168.994166666667
2.266601092999963,-428751.0047222222
2.268213593999917,-23168.994166666667
2.2687738480000235,-428751.0047222222
2.270019139999931,-23168.994166666667
2.2705886200000123,-428751.0047222222
2.2720059360000278,-23168.994166666667
2.272523944999989,-428751.0047222222
2.274005658999954,-23168.994166666667
2.2745554539999375,-428751.0047222222
2.276001468000004,-23168.994166666667
2.2765605179999966,-428751.0047222222
2.278016091999916,-23168.994166666667
2.2784921009999834,-428751.0047222222
2.2799184649999233,-23168.994166666667
2.280275567999979,-428751.0047222222
2.2818941869999207,-23168.994166666667
2.282249927999942,-428751.0047222222
2.284014812999999,-23168.994166666667
2.28453609099995,-428751.0047222222
2.2864072720000195,-23168.994166666667
2.2868382949999386,-428751.0047222222
2.288217263999968,-23168.994166666667
2.288704241000005,-428751.0047222222
2.290141831000028,-23168.994166666667
2.2907023569999865,-428751.0047222222
2.29213000499999,-23168.994166666667
2.292702583999926,-428751.0047222222
2.293745672,-23168.994166666667
2.294195221999985,-428751.0047222222
2.295246565999946,-23168.994166666667
2.2959484109999266,-428751.0047222222
2.2970163059999322,-23168.994166666667
2.2976815819999956,-428751.0047222222
2.299012472999948,-23168.994166666667
2.2994808539999667,-428751.0047222222
2.300954389000026,-23168.994166666667
2.301430732999961,-428751.0047222222
2.302645634999976,-23168.994166666667
2.3030120119999538,-428751.0047222222
2.3048007620000135,-23168.994166666667
2.305217297000013,-428751.0047222222
2.3065725829999337,-23168.994166666667
2.3070005329999503,-428751.0047222222
2.308813678999968,-23168.994166666667
2.3092002569999295,-428751.0047222222
2.3105837539999357,-23168.994166666667
2.3110126349999973,-428751.0047222222
2.3126075169999467,-23168.994166666667
2.3131168589999334,-428751.0047222222
2.314572407000014,-23168.994166666667
2.315002167999978,-428751.0047222222
2.3165844469999683,-23168.994166666667
2.317007366999974,-428751.0047222222
2.3190110759999243,-23168.994166666667
2.3195035420000067,-428751.0047222222
2.3211552179999444,-23168.994166666667
2.3217026019999594,-428751.0047222222
2.323170563999952,-23168.994166666667
2.3235635019999563,-428751.0047222222
2.3251862969999593,-23168.994166666667
2.3255703989999574,-428751.0047222222
2.3271543239999346,-23168.994166666667
2.327576606999969,-428751.0047222222
2.329167202000008,-23168.994166666667
2.3295917329999156,-428751.0047222222
2.331130994999967,-23168.994166666667
2.33174588199995,-428751.0047222222
2.333068801999957,-23168.994166666667
2.333499207999921,-428751.0047222222
2.335156514999994,-23168.994166666667
2.335575156999994,-428751.0047222222
2.337145134000025,-23168.994166666667
2.33757548199992,-428751.0047222222
2.3391437609999457,-23168.994166666667
2.3395351109999183,-428751.0047222222
2.3411487449999413,-23168.994166666667
2.341562941999996,-428751.0047222222
2.343133590999969,-23168.994166666667
2.3435684849999916,-428751.0047222222
2.345153566000022,-23168.994166666667
2.345589698000026,-428751.0047222222
2.347139411999933,-23168.994166666667
2.347572140000011,-428751.0047222222
2.349143331999926,-23168.994166666667
2.3495755069999404,-428751.0047222222
2.3511402999999973,-23168.994166666667
2.351728108999964,-428751.0047222222
2.3531573699999626,-23168.994166666667
2.3535641559999476,-428751.0047222222
2.355135398000016,-23168.994166666667
2.3556322629999613,-428751.0047222222
2.357140829999935,-23168.994166666667
2.3575788269999975,-428751.0047222222
2.3591326959999606,-23168.994166666667
2.3595355649999874,-428751.0047222222
2.361065796999924,-23168.994166666667
2.3614965159999883,-428751.0047222222
2.363137687999938,-23168.994166666667
2.3635822359999565,-428751.0047222222
2.365147075999971,-23168.994166666667
2.365674186999968,-428751.0047222222
2.3669976449999695,-23168.994166666667
2.3674823009999955,-428751.0047222222
2.3689270439999746,-23168.994166666667
2.369425265000018,-428751.0047222222
2.3708419679999224,-23168.994166666667
2.3711963409999726,-428751.0047222222
2.3725985390000233,-23168.994166666667
2.372986319000006,-428751.0047222222
2.3742223219999232,-23168.994166666667
2.3746223780000264,-428751.0047222222
2.376475437999943,-23168.994166666667
2.377057270000023,-428751.0047222222
2.3783344219999663,-23168.994166666667
2.3786958009999353,-428751.0047222222
2.3805369890000065,-23168.994166666667
2.381092824999996,-428751.0047222222
2.3829367260000254,-23168.994166666667
2.383503346999987,-428751.0047222222
2.384951547000014,-23168.994166666667
2.3855225589999236,-428751.0047222222
2.386937945999989,-23168.994166666667
2.387500541999998,-428751.0047222222
2.3889519719999726,-23168.994166666667
2.3895046729999194,-428751.0047222222
2.390945600000009,-23168.994166666667
2.3914968870000166,-428751.0047222222
2.3929355049999685,-23168.994166666667
2.3935014039999487,-428751.0047222222
2.394936713999982,-23168.994166666667
2.3954992029999858,-428751.0047222222
2.3969450879999386,-23168.994166666667
2.3975059599999895,-428751.0047222222
2.398934844999985,-23168.994166666667
2.3995022309999285,-428751.0047222222
2.400950887000022,-23168.994166666667
2.4014831490000006,-428751.0047222222
2.402934087999938,-23168.994166666667
2.403504358999953,-428751.0047222222
2.4050070559999313,-23168.994166666667
2.40562209899997,-428751.0047222222
2.407070687999976,-23168.994166666667
2.4073536319999675,-428751.0047222222
2.4090985359999877,-23168.994166666667
2.4095398669999213,-428751.0047222222
2.41109781199998,-23168.994166666667
2.4115214219999643,-428751.0047222222
2.413129810999976,-23168.994166666667
2.413705934999939,-428751.0047222222
2.4152025519999825,-23168.994166666667
2.416039654999963,-428751.0047222222
2.417254039999989,-23168.994166666667
2.4174927560000015,-428751.0047222222
2.41929698499996,-23168.994166666667
2.4195664540000053,-428751.0047222222
2.421092649000002,-23168.994166666667
2.4216924329999756,-428751.0047222222
2.423167561000014,-23168.994166666667
2.423528653999938,-428751.0047222222
2.4249798539999574,-23168.994166666667
2.425552444999994,-428751.0047222222
2.426569767999922,-23168.994166666667
2.4270072429999345,-428751.0047222222
2.4284115299999485,-23168.994166666667
2.4289761509999153,-428751.0047222222
2.430595986999947,-23168.994166666667
2.43111227899999,-428751.0047222222
2.4323149199999534,-23168.994166666667
2.432783163999943,-428751.0047222222
2.4349400009999727,-23168.994166666667
2.435350423999921,-428751.0047222222
2.436388674,-23168.994166666667
2.4368943459999173,-428751.0047222222
2.438498377999963,-23168.994166666667
2.4389304630000197,-428751.0047222222
2.440486211999996,-23168.994166666667
2.4409130629999254,-428751.0047222222
2.442666082999949,-23168.994166666667
2.443068104999952,-428751.0047222222
2.4448530099999743,-23168.994166666667
2.4452266280000003,-428751.0047222222
2.446613164999917,-23168.994166666667
2.4470127679999223,-428751.0047222222
2.4485009389999277,-23168.994166666667
2.4489327399999183,-428751.0047222222
2.4504894209999293,-23168.994166666667
2.450912105999919,-428751.0047222222
2.453010510000013,-23168.994166666667
2.4534015059999774,-428751.0047222222
2.454953608999972,-23168.994166666667
2.4555576359999804,-428751.0047222222
2.4570228540000016,-23168.994166666667
2.4573750280000013,-428751.0047222222
2.4592304130000002,-23168.994166666667
2.4597385979999444,-428751.0047222222
2.461084831999983,-23168.994166666667
2.461689567999997,-428751.0047222222
2.463007826999956,-23168.994166666667
2.4632342379999272,-428751.0047222222
2.4652334520000068,-23168.994166666667
2.465633028999946,-428751.0047222222
2.467139366999959,-23168.994166666667
2.4675796389999505,-428751.0047222222
2.4693233939999573,-23168.994166666667
2.4696139110000104,-428751.0047222222
2.471206596000002,-23168.994166666667
2.471997690999956,-428751.0047222222
2.473475852999968,-23168.994166666667
2.474065213000017,-428751.0047222222
2.475160512000002,-23168.994166666667
2.475614319999977,-428751.0047222222
2.477335736999976,-23168.994166666667
2.477612889999932,-428751.0047222222
2.4793604349999896,-23168.994166666667
2.4796667599999864,-428751.0047222222
2.481233105000001,-23168.994166666667
2.4816291849999743,-428751.0047222222
2.4831003709999777,-23168.994166666667
2.4837178099999164,-428751.0047222222
2.485127749999947,-23168.994166666667
2.4855143889999454,-428751.0047222222
2.487370585000008,-23168.994166666667
2.4880067259999805,-428751.0047222222
2.4891891439999654,-23168.994166666667
2.4895849040000257,-428751.0047222222
2.491394817000014,-23168.994166666667
2.4916566849999526,-428751.0047222222
2.4933150499999783,-23168.994166666667
2.493616653999993,-428751.0047222222
2.4952213189999384,-23168.994166666667
2.4958192240000017,-428751.0047222222
2.4971971819999226,-23168.994166666667
2.497585504999961,-428751.0047222222
2.499222106999923,-23168.994166666667
2.499659332999954,-428751.0047222222
2.501192027000002,-23168.994166666667
2.5018021579999186,-428751.0047222222
2.5030650720000267,-23168.994166666667
2.503495654999938,-428751.0047222222
2.5050602189999154,-23168.994166666667
2.505678962999923,-428751.0047222222
2.5071447379999654,-23168.994166666667
2.5075659699999733,-428751.0047222222
2.5091990749999695,-23168.994166666667
2.5094167439999637,-428751.0047222222
2.5112749679999524,-23168.994166666667
2.5118637179999723,-428751.0047222222
2.5132141660000116,-23168.994166666667
2.5138133529999322,-428751.0047222222
2.5150683549999258,-23168.994166666667
2.5156743200000165,-428751.0047222222
2.5171511049999253,-23168.994166666667
2.5176044090000005,-428751.0047222222
2.5190038810000033,-23168.994166666667
2.519585501999927,-428751.0047222222
2.5209890070000256,-23168.994166666667
2.521467381999969,-428751.0047222222
2.523097476999965,-23168.994166666667
2.52356354199992,-428751.0047222222
2.5251045249999606,-23168.994166666667
2.525573908999945,-428751.0047222222
2.5266621539999505,-23168.994166666667
2.5272028480000017,-428751.0047222222
2.5289863130000185,-23168.994166666667
2.5294603739999957,-428751.0047222222
2.5306992619999846,-23168.994166666667
2.531079696000006,-428751.0047222222
2.5330435280000074,-23168.994166666667
2.533515063999971,-428751.0047222222
2.5352102560000276,-23168.994166666667
2.535860114000002,-428751.0047222222
2.5370295689999693,-23168.994166666667
2.5375390969999216,-428751.0047222222
2.539219537000008,-23168.994166666667
2.539608095999938,-428751.0047222222
2.5413339519999454,-23168.994166666667
2.5417651629999227,-428751.0047222222
2.543311086000017,-23168.994166666667
2.5435885069999813,-428751.0047222222
2.545246401999975,-23168.994166666667
2.5459032549999847,-428751.0047222222
2.5470693899999333,-23168.994166666667
2.5473694659999637,-428751.0047222222
2.5511711739999328,-23168.994166666667
2.551945544999967,-428751.0047222222
2.5542769019999696,-23168.994166666667
2.554748952999944,-428751.0047222222
2.556470390999948,-23168.994166666667
2.5568947890000118,-428751.0047222222
2.5582820119999496,-23168.994166666667
2.558854471000018,-428751.0047222222
2.5601552619999666,-23168.994166666667
2.5605888059999415,-428751.0047222222
2.5633855129999574,-23168.994166666667
2.5636417459999166,-428751.0047222222
2.565138241999989,-23168.994166666667
2.565563347999955,-428751.0047222222
2.5671487529999695,-23168.994166666667
2.5675569039999573,-428751.0047222222
2.56996243399999,-23168.994166666667
2.5705198169999903,-428751.0047222222
2.571979287999966,-23168.994166666667
2.5724983799999563,-428751.0047222222
2.5743816059999745,-23168.994166666667
2.5749416129999645,-428751.0047222222
2.5766039339999907,-23168.994166666667
2.576906405999921,-428751.0047222222
2.5782875859999876,-23168.994166666667
2.578696885999989,-428751.0047222222
2.5806179869999823,-23168.994166666667
2.5811198609999337,-428751.0047222222
2.5822836859999825,-23168.994166666667
2.5827386930000102,-428751.0047222222
2.584488890999978,-23168.994166666667
2.5849149279999892,-428751.0047222222
2.5864417139999887,-23168.994166666667
2.5868694209999603,-428751.0047222222
2.588243164000005,-23168.994166666667
2.5887066409999306,-428751.0047222222
2.591040342999918,-23168.994166666667
2.591484479999963,-428751.0047222222
2.5926390009999523,-23168.994166666667
2.5930267269999376,-428751.0047222222
2.595391147999976,-23168.994166666667
2.595659742999942,-428751.0047222222
2.5975246279999737,-23168.994166666667
2.5980003219999617,-428751.0047222222
2.5995883319999393,-23168.994166666667
2.600070104999986,-428751.0047222222
2.6013061319999906,-23168.994166666667
2.6018016749999333,-428751.0047222222
2.6034941909999816,-23168.994166666667
2.6038507729999765,-428751.0047222222
2.606118255999945,-23168.994166666667
2.606651974999977,-428751.0047222222
2.609458467999957,-23168.994166666667
2.6099031589999413,-428751.0047222222
2.611271970999951,-23168.994166666667
2.611688266999977,-428751.0047222222
2.613368711000021,-23168.994166666667
2.613991108999926,-428751.0047222222
2.6151226690000158,-23168.994166666667
2.615530024000009,-428751.0047222222
2.617059790999974,-23168.994166666667
2.6174759900000026,-428751.0047222222
2.6190715870000076,-23168.994166666667
2.619406433999984,-428751.0047222222
2.620619663999946,-23168.994166666667
2.6210227020000048,-428751.0047222222
2.6226553399999375,-23168.994166666667
2.6231009509999694,-428751.0047222222
2.6248210029999655,-23168.994166666667
2.625173724999968,-428751.0047222222
2.6272921019999558,-23168.994166666667
2.628057541999965,-428751.0047222222
2.632321465000018,-23168.994166666667
2.632379656000012,-428751.0047222222
2.6342152920000217,-23168.994166666667
2.6346715549999544,-428751.0047222222
2.636205483000026,-23168.994166666667
2.636642173999917,-428751.0047222222
2.6381100259999357,-23168.994166666667
2.638547684999935,-428751.0047222222
2.64018764299999,-23168.994166666667
2.6408410489999596,-428751.0047222222
2.642211137000004,-23168.994166666667
2.642585052999948,-428751.0047222222
2.6441169449999506,-23168.994166666667
2.644643051999992,-428751.0047222222
2.6462847419999207,-23168.994166666667
2.6466850009999234,-428751.0047222222
2.6480870379999715,-23168.994166666667
2.648689998000009,-428751.0047222222
2.6500121870000157,-23168.994166666667
2.650580194999975,-428751.0047222222
2.6521330659999194,-23168.994166666667
2.6526159449999795,-428751.0047222222
2.654016040999977,-23168.994166666667
2.6543676300000243,-428751.0047222222
2.655827400000021,-23168.994166666667
2.6561969580000095,-428751.0047222222
2.6580700839999736,-23168.994166666667
2.6586102759999903,-428751.0047222222
2.6595725129999437,-23168.994166666667
2.6600318409999772,-428751.0047222222
2.66149497899994,-23168.994166666667
2.661920264999935,-428751.0047222222
2.6634919050000008,-23168.994166666667
2.6639256799999202,-428751.0047222222
2.665413605000026,-23168.994166666667
2.6658039399999325,-428751.0047222222
2.6670213149999427,-23168.994166666667
2.6676571729999523,-428751.0047222222
2.6690125750000107,-23168.994166666667
2.6695955210000193,-428751.0047222222
2.671010876999958,-23168.994166666667
2.671491350999986,-428751.0047222222
2.672908176999954,-23168.994166666667
2.673272269999984,-428751.0047222222
2.6745707689999563,-23168.994166666667
2.6750097299999425,-428751.0047222222
2.6764917939999577,-23168.994166666667
2.6769263589999355,-428751.0047222222
2.6784571949999645,-23168.994166666667
2.6788871589999417,-428751.0047222222
2.6801884139999856,-23168.994166666667
2.680679624999925,-428751.0047222222
2.6821894329999623,-23168.994166666667
2.682801505999919,-428751.0047222222
2.684012526999936,-23168.994166666667
2.6844902660000116,-428751.0047222222
2.685579125000004,-23168.994166666667
2.6860160389999237,-428751.0047222222
2.6875356150000016,-23168.994166666667
2.6879628660000208,-428751.0047222222
2.6894823239999823,-23168.994166666667
2.6900319489999447,-428751.0047222222
2.691593758999943,-23168.994166666667
2.692022597999994,-428751.0047222222
2.6937990879999916,-23168.994166666667
2.694194763999917,-428751.0047222222
2.6958912479999526,-23168.994166666667
2.6963667699999405,-428751.0047222222
2.6974324409999326,-23168.994166666667
2.6979069089999257,-428751.0047222222
2.6993901749999623,-23168.994166666667
2.6998571379999703,-428751.0047222222
2.701184739999917,-23168.994166666667
2.701607183999954,-428751.0047222222
2.702992505999987,-23168.994166666667
2.703569714999958,-428751.0047222222
2.7050081659999705,-23168.994166666667
2.705402096999933,-428751.0047222222
2.706273636999981,-23168.994166666667
2.706991443999982,-428751.0047222222
2.7079984859999513,-23168.994166666667
2.7086417519999486,-428751.0047222222
2.7099992109999675,-23168.994166666667
2.7105275420000225,-428751.0047222222
2.7117173289999528,-23168.994166666667
2.7120841459999383,-428751.0047222222
2.7136744059999955,-23168.994166666667
2.7140729789999796,-428751.0047222222
2.715830776999951,-23168.994166666667
2.715901573999986,-428751.0047222222
2.717225282999948,-23168.994166666667
2.717561946999922,-428751.0047222222
2.719229723000012,-23168.994166666667
2.7196583319999945,-428751.0047222222
2.7211948269999766,-23168.994166666667
2.721628957000007,-428751.0047222222
2.723186354999939,-23168.994166666667
2.72379488699994,-428751.0047222222
2.725013242999921,-23168.994166666667
2.7255891049999263,-428751.0047222222
2.727001894999944,-23168.994166666667
2.7274924069999997,-428751.0047222222
2.728738270000008,-23168.994166666667
2.729120216999945,-428751.0047222222
2.730369780999922,-23168.994166666667
2.7307754019999493,-428751.0047222222
2.7323946829999386,-23168.994166666667
2.732942563999927,-428751.0047222222
2.734220481999955,-23168.994166666667
2.734771147999936,-428751.0047222222
2.7360143459999335,-23168.994166666667
2.7365849729999354,-428751.0047222222
2.7379950289999897,-23168.994166666667
2.738558430000012,-428751.0047222222
2.7400169410000217,-23168.994166666667
2.740487843999972,-428751.0047222222
2.741906502000006,-23168.994166666667
2.7424533559999418,-428751.0047222222
2.7436709099999916,-23168.994166666667
2.744078790000003,-428751.0047222222
2.7457886830000007,-23168.994166666667
2.7460831989999406,-428751.0047222222
2.7474185139999463,-23168.994166666667
2.7479546800000207,-428751.0047222222
2.749248376999958,-23168.994166666667
2.749657430999946,-428751.0047222222
2.7511826259999452,-23168.994166666667
2.751644467999995,-428751.0047222222
2.7530384499999627,-23168.994166666667
2.7536424139999554,-428751.0047222222
2.754924710999944,-23168.994166666667
2.755503251999926,-428751.0047222222
2.756736837999938,-23168.994166666667
2.7570763559999705,-428751.0047222222
2.7589627219999784,-23168.994166666667
2.759431790000008,-428751.0047222222
2.760576216000004,-23168.994166666667
2.761012720999929,-428751.0047222222
2.7621909910000113,-23168.994166666667
2.762934495999957,-428751.0047222222
2.7641637570000057,-23168.994166666667
2.7646464270000024,-428751.0047222222
2.7661612360000163,-23168.994166666667
2.7666796689999273,-428751.0047222222
2.7681184580000036,-23168.994166666667
2.7688388440000153,-428751.0047222222
2.770125345999986,-23168.994166666667
2.770718527999975,-428751.0047222222
2.772099885999978,-23168.994166666667
2.772743590999994,-428751.0047222222
2.774013071000013,-23168.994166666667
2.7744836759999316,-428751.0047222222
2.775955554999996,-23168.994166666667
2.7765351299999566,-428751.0047222222
2.7779869249999365,-23168.994166666667
2.7785044940000034,-428751.0047222222
2.779973138999935,-23168.994166666667
2.780459776999919,-428751.0047222222
2.7816795469999533,-23168.994166666667
2.7820558710000114,-428751.0047222222
2.7837891020000143,-23168.994166666667
2.784198821000018,-428751.0047222222
2.7855638849999877,-23168.994166666667
2.7859835759999214,-428751.0047222222
2.7878099179999936,-23168.994166666667
2.7881929879999916,-428751.0047222222
2.789542302999962,-23168.994166666667
2.7899667429999226,-428751.0047222222
2.791188164999994,-23168.994166666667
2.7919305389999636,-428751.0047222222
2.793139945000007,-23168.994166666667
2.7935724960000243,-428751.0047222222
2.7951390289999836,-23168.994166666667
2.7955287070000168,-428751.0047222222
2.7971374850000075,-23168.994166666667
2.797562816999971,-428751.0047222222
2.79913765699996,-23168.994166666667
2.799745463000022,-428751.0047222222
2.8010103609999533,-23168.994166666667
2.8014875860000075,-428751.0047222222
2.8029645179999534,-23168.994166666667
2.8034879329999285,-428751.0047222222
2.8046809999999596,-23168.994166666667
2.8050734959999772,-428751.0047222222
2.8069555160000164,-23168.994166666667
2.8075333599999794,-428751.0047222222
2.808966224999949,-23168.994166666667
2.809526367999979,-428751.0047222222
2.8109507639999265,-23168.994166666667
2.8114342719999286,-428751.0047222222
2.812823746999925,-23168.994166666667
2.813192832000027,-428751.0047222222
2.8146630869999854,-23168.994166666667
2.8150817199999665,-428751.0047222222
2.816948823999951,-23168.994166666667
2.8174224609999783,-428751.0047222222
2.8186566260000063,-23168.994166666667
2.819077070999924,-428751.0047222222
2.8205398789999663,-23168.994166666667
2.821073970999919,-428751.0047222222
2.8222770809999247,-23168.994166666667
2.822689129999958,-428751.0047222222
2.8244744649999802,-23168.994166666667
2.8248959659999855,-428751.0047222222
2.8265195719999383,-23168.994166666667
2.8269516849999263,-428751.0047222222
2.828241767999998,-23168.994166666667
2.8287127930000224,-428751.0047222222
2.8302810399999316,-23168.994166666667
2.8306754860000183,-428751.0047222222
2.8324225939999224,-23168.994166666667
2.8330513079999946,-428751.0047222222
2.834244498999965,-23168.994166666667
2.8346919619999653,-428751.0047222222
2.8363275980000253,-23168.994166666667
2.8371106390000023,-428751.0047222222
2.838112315999979,-23168.994166666667
2.8387487730000203,-428751.0047222222
2.839722134999988,-23168.994166666667
2.8401882370000067,-428751.0047222222
2.841951901000016,-23168.994166666667
2.8425303110000186,-428751.0047222222
2.8439246469999944,-23168.994166666667
2.844504244999939,-428751.0047222222
2.8459360699999934,-23168.994166666667
2.8465024170000106,-428751.0047222222
2.8479279619999716,-23168.994166666667
2.848420952999959,-428751.0047222222
2.8496170129999427,-23168.994166666667
2.850019743999951,-428751.0047222222
2.8512695729999677,-23168.994166666667
2.852024054000026,-428751.0047222222
2.8534816379999484,-23168.994166666667
2.8539040009999326,-428751.0047222222
2.8554788359999748,-23168.994166666667
2.8559064999999464,-428751.0047222222
2.8572518380000247,-23168.994166666667
2.8577044169999226,-428751.0047222222
2.8594740529999854,-23168.994166666667
2.8600223180000057,-428751.0047222222
2.861214350999944,-23168.994166666667
2.8617175069999803,-428751.0047222222
2.863118075999978,-23168.994166666667
2.8635764910000034,-428751.0047222222
2.8651143889999275,-23168.994166666667
2.865743038000005,-428751.0047222222
2.866874112000005,-23168.994166666667
2.8672396239999216,-428751.0047222222
2.8688123150000138,-23168.994166666667
2.869187752000016,-428751.0047222222
2.8707978059999277,-23168.994166666667
2.8711914909999905,-428751.0047222222
2.8724605659999725,-23168.994166666667
2.8728562869999905,-428751.0047222222
2.8742226690000052,-23168.994166666667
2.874667606999992,-428751.0047222222
2.876279636999925,-23168.994166666667
2.8766743859999906,-428751.0047222222
2.878223258999924,-23168.994166666667
2.8790763910000123,-428751.0047222222
2.8800941939999802,-23168.994166666667
2.880755206999993,-428751.0047222222
2.881969222999942,-23168.994166666667
2.8826029250000147,-428751.0047222222
2.883998070999951,-23168.994166666667
2.884603580999965,-428751.0047222222
2.88602111900002,-23168.994166666667
2.8866266879999785,-428751.0047222222
2.8880156139999826,-23168.994166666667
2.8883886369999345,-428751.0047222222
2.890008813999998,-23168.994166666667
2.8905629779999344,-428751.0047222222
2.89157524299992,-23168.994166666667
2.8920185790000232,-428751.0047222222
2.8934866920000104,-23168.994166666667
2.8939148069999874,-428751.0047222222
2.895495129999972,-23168.994166666667
2.8959185740000066,-428751.0047222222
2.8974072459999434,-23168.994166666667
2.8978190020000056,-428751.0047222222
2.8992216799999824,-23168.994166666667
2.899609506999923,-428751.0047222222
2.901219415000014,-23168.994166666667
2.902028300999973,-428751.0047222222
2.902886727000009,-23168.994166666667
2.903493103999949,-428751.0047222222
2.904898655000011,-23168.994166666667
2.9052695509999467,-428751.0047222222
2.906604778999963,-23168.994166666667
2.907018526999991,-428751.0047222222
2.908409925000001,-23168.994166666667
2.908918944999982,-428751.0047222222
2.9100887429999602,-23168.994166666667
2.9106852139999546,-428751.0047222222
2.9121182159999535,-23168.994166666667
2.9126055660000247,-428751.0047222222
2.914020015999995,-23168.994166666667
2.9143770339999264,-428751.0047222222
2.916010280000023,-23168.994166666667
2.9164865839999266,-428751.0047222222
2.9175792359999377,-23168.994166666667
2.9180152120000002,-428751.0047222222
2.919454410999947,-23168.994166666667
2.919886389999988,-428751.0047222222
2.9211618339999177,-23168.994166666667
2.9216002939999726,-428751.0047222222
2.923227628999939,-23168.994166666667
2.923639421999951,-428751.0047222222
2.9252311459999873,-23168.994166666667
2.9256264800000054,-428751.0047222222
2.927215992000015,-23168.994166666667
2.927641689999973,-428751.0047222222
2.929208688000017,-23168.994166666667
2.92981392899992,-428751.0047222222
2.9307226149999224,-23168.994166666667
2.9314376059999177,-428751.0047222222
2.932643455999937,-23168.994166666667
2.9330199710000215,-428751.0047222222
2.9343795339999588,-23168.994166666667
2.9347858589999305,-428751.0047222222
2.9369066360000033,-23168.994166666667
2.9372685339999407,-428751.0047222222
2.9385849559999997,-23168.994166666667
2.9390115229999765,-428751.0047222222
2.941016025999943,-23168.994166666667
2.941546914000014,-428751.0047222222
2.942705865999983,-23168.994166666667
2.943087750000018,-428751.0047222222
2.9449079799999254,-23168.994166666667
2.945270996999966,-428751.0047222222
2.9465471889999435,-23168.994166666667
2.9469813829999794,-428751.0047222222
2.948491196999953,-23168.994166666667
2.948915804999956,-428751.0047222222
2.950486835999982,-23168.994166666667
2.9509164269999246,-428751.0047222222
2.9523794209999323,-23168.994166666667
2.952780685999983,-428751.0047222222
2.9544806289999315,-23168.994166666667
2.9549048530000164,-428751.0047222222
2.9564650009999696,-23169.06527777778
2.9568919499999993,-428751.0047222222
2.958523158999924,-23169.278611111113
2.9589545599999383,-428751.0047222222
2.9604692010000235,-23169.70527777778
2.9608950959999447,-428751.0047222222
2.9623728719999463,-23170.41638888889
2.962885976999928,-428751.0047222222
2.9651981779999232,-23171.483055555556
2.9656785759999593,-428751.0047222222
2.967139879000001,-23172.97638888889
2.967561111000009,-428751.0047222222
2.9690436099999715,-23174.9675
2.9694675779999216,-428751.0047222222
2.9710323119999202,-23177.5275
2.9716383869999845,-428751.0047222222
2.9731388179999385,-23180.65638888889
2.973560132999978,-424090.73805555556
2.9749811149999914,-23184.49638888889
2.975543985999934,-428751.0047222222
2.9770046049999337,-23189.118611111113
2.977475930999958,-424091.44916666666
2.9787441500000114,-23194.594166666666
2.979117927999937,-424090.73805555556
2.980918189000022,-23200.994166666667
2.9813429859999587,-424090.73805555556
2.9825861470000063,-23208.389722222222
2.9829951340000207,-424090.9513888889
2.9849514219999946,-23216.780833333334
2.985512461999974,-428751.85805555555
2.986694736000004,-23226.30972222222
2.9870783729999175,-428752.1425
2.9891113639999958,-23237.0475
2.989580853999996,-428752.6402777778
2.9913492140000244,-23248.994166666667
2.991648502999965,-428752.6402777778
2.993063687000017,-23262.291944444445
2.9935668759999317,-428753.4225
2.995173173000012,-23276.86972222222
2.995563997999966,-433414.5425
2.9975105600000234,-23292.7275
2.9978013769999734,-438075.94694444444
2.9994867819999627,-23309.651944444446
2.9999324259999867,-438076.9425
3.001198694999971,-23327.71416666667
3.0019427060000226,-442738.20472222223
3.0032367559999784,-23346.771944444445
3.0035526399999526,-447399.6802777778
3.0052735079999593,-23366.825277777778
3.0055567929999825,-452061.6536111111
3.007365977999939,-23387.66083333333
3.0079929899999343,-461384.24916666665
3.0091580380000096,-23409.34972222222
3.0095861300000024,-470706.0625
3.011164302999987,-23431.749722222223
3.011772053999948,-475367.6091666667
3.0130567219999875,-23454.789722222224
3.0134815669999853,-484689.4225
3.0151424339999267,-23478.469722222224
3.0155535289999307,-498671.5025
3.017154452999989,-23502.6475
3.0175872999999456,-507994.73805555556
3.019179104999921,-23527.323055555556
3.0195432250000067,-521978.09805555554
3.0211375289999296,-23552.354166666668
3.021747821999952,-535962.0980555556
3.023421121999945,-23577.66972222222
3.024155116999964,-554604.9425
3.0258200889999216,-23603.19861111111
3.02622966499996,-577907.6269444445
3.0274187929999243,-23628.940833333334
3.0278862200000276,-591890.7736111111
3.029282420999948,-23654.825277777778
3.029741668999918,582513.1375
3.0317883829999346,-23680.709722222222
3.032306548999941,559208.9597222222
3.0334319889999506,-23706.523055555557
3.0338496079999686,540567.2530555555
3.035515450999924,-23732.265277777777
3.035946944999978,517263.7863888889
3.037343418999967,-23757.794166666667
3.0377196030000277,498620.7997222222
3.0396303489999354,-23783.109722222223
3.040152766999995,470656.5686111111
3.041782227999988,-23808.140833333335
3.042187189999936,438031.50194444443
3.0435496019999846,-23832.745277777776
3.0439858339999546,414728.03527777776
3.0461012529999607,-23856.851944444443
3.0466229269999303,377443.34194444446
3.0480209769999647,-23880.460833333334
3.048512323999944,349481.0308333333
3.0505021179999403,-23903.50083333333
3.0510178659999383,312196.76416666666
3.0525111089999655,-23925.82972222222
3.0530922629999395,279572.9775
3.055513509999969,-23947.4475
3.0559842679999747,232966.47083333333
3.057526767000013,-23968.425277777777
3.0579578189999665,200343.03972222222
3.0599609050000254,-23988.834166666667
3.0603344769999694,158398.5775
3.061480995000011,-24008.674166666668
3.0618779139999788,125776.56861111111
3.0644326189999447,-24028.01638888889
3.0648074509999788,79172.12416666666
3.066484167999988,-24047.003055555557
3.066903930999956,37227.590833333335
3.0684159090000094,-24065.70527777778
3.068991068999935,4603.946388888889
3.070929539999952,-24084.123055555556
3.071497712999985,-46660.90694444445
3.0729384339999797,-24102.39861111111
3.0735000189999937,-83943.46694444444
3.075070316999927,-24120.531944444443
3.0754934579999826,-121226.31138888889
3.077146254000013,-24138.594166666666
3.077527629999963,-163171.3425
3.0791124989999616,-24156.7275
3.0795284820000006,-205115.52027777777
3.0812128569999686,-24175.003055555557
3.0816798849999714,-247059.48472222223
3.083490592999965,-24193.420833333334
3.083915918999992,-293663.14694444445
3.0854852830000254,-24212.051944444444
3.0859185900000057,-335607.1113888889
3.087215326999967,-24231.03861111111
3.0877099509999653,-372890.73805555556
3.089480074999983,-24250.380833333333
3.0901959819999547,-419495.1113888889
3.091214341999944,-24270.14972222222
3.0917001909999726,-456778.2402777778
3.093480973999931,-24290.4875
3.0939089319999766,-508041.45805555553
3.0952093930000046,-24311.394166666665
3.09569989900001,-545324.9425
3.097273804999986,-24332.940833333334
3.0978033039999673,-587269.1913888889
3.099359562000018,-24355.269722222223
3.0996767519999366,559172.5508333333
3.101514449999968,-24378.30972222222
3.101748282000017,512568.6752777778
3.1034877609999967,-24402.131944444445
3.104027105,461304.03527777776
3.105193133999933,-24426.451944444445
3.1056868580000128,419359.8575
3.1072308880000037,-24451.411944444444
3.1080779079999274,372755.41305555555
3.1089068999999654,-24476.79861111111
3.1095188179999695,330811.09305555554
3.1110980930000096,-24502.683055555557
3.1115043400000104,284207.2886111111
3.112927499999955,-24528.851944444443
3.113494757000012,237603.0575
3.115062254999998,-24555.305277777778
3.115412317999926,186336.85305555555
3.1168968739999627,-24581.971944444445
3.11726737999993,135072.63972222223
3.11861700999998,-24608.709722222222
3.11901792499998,88468.47972222223
3.120412038999916,-24635.589722222223
3.12077964599996,41864.248611111114
3.122089331999973,-24662.469722222224
3.122497363999969,-4739.911388888889
3.123848946999942,-24689.2075
3.124360409000019,-51345.35138888889
3.1255665319999935,-24715.803055555556
3.1259532069999523,-97949.5825
3.127198736999958,-24742.256388888887
3.127596707999942,-144553.1025
3.129235102999928,-24768.354166666668
3.1296301899999435,-200479.57361111112
3.131197193999924,-24794.1675
3.131806353999991,-256405.12027777778
3.1329399759999887,-24819.483055555556
3.1335220419999814,-307669.68916666665
3.134523467000008,-24844.300833333335
3.1349489609999637,-354273.28027777775
3.136495081000021,-24868.620833333334
3.136920551000003,-410198.32916666666
3.1384444550000126,-24892.229722222222
3.1389186719999316,-466123.3069444444
3.1399957569999515,-24915.19861111111
3.140623112999947,-517387.3780555556
3.1420113269999774,-24937.38527777778
3.1425295330000154,-573312.2847222222
3.144002472000011,-24958.71861111111
3.1445609849999983,559147.7330555556
3.146493630000009,-24979.1275
3.146922950999965,479922.4175
3.148706832000016,-24998.540833333333
3.1490651409999373,410016.35527777777
3.151122029000021,-25016.8875
3.151549831000011,340110.22194444446
3.154310824999925,-25034.096388888887
3.154778523999994,237583.35972222223
3.1560116989999187,-25050.1675
3.1563632899999448,186319.8575
3.1578908069999443,-25064.95861111111
3.158471261999921,125734.61305555556
3.1595919809999486,-25078.39861111111
3.159982854999953,69811.27083333333
3.1612106899999617,-25090.4875
3.162088658000016,23207.821944444444
3.163014983999915,-25101.296388888888
3.1636194509999314,-37376.7825
3.1650500769999326,-25110.9675
3.165553937000027,-97961.03138888889
3.1668902699999535,-25119.50083333333
3.1672474250000278,-153884.80027777777
3.1688810189999685,-25126.9675
3.1692421249999825,-214469.1913888889
3.17090503299994,-25133.438611111113
3.1712659180000173,-279713.20916666667
3.172597866999922,-25138.985277777778
3.1731975019999936,-330976.28472222225
3.1745989789999385,-25143.67861111111
3.175029527999982,-391559.8225
3.1763370740000028,-25147.66083333333
3.1769869879999533,-447484.0891666667
3.178172570000015,-25150.860833333332
3.178557461999958,-503407.85805555555
3.1803681349999806,-25153.420833333334
3.180799922999995,-563990.6136111111
3.183070329999964,-25155.483055555556
3.1836465669999825,545170.9863888889
3.185004251999999,-25156.97638888889
3.1855072019999398,493907.62638888886
3.1875682469999447,-25158.114166666666
3.188227369999936,424004.3375
3.189217575999919,-25158.825277777778
3.1897412600000052,368081.49305555556
3.191079310999953,-25159.323055555556
3.191339802000016,326139.1641666667
3.192938560000016,-25159.53638888889
3.1933788719999257,270216.7463888889
3.194674162999945,-25159.6075
3.195210950999922,218955.16416666665
3.1972456419999844,-25159.6075
3.19772703000001,153710.22194444443
3.1991360309999664,-25159.6075
3.199674542000025,107108.55083333333
3.2011116769999717,-25159.6075
3.2015686940000023,55846.115277777775
3.2030676329999324,-25159.6075
3.203384519999986,4583.964166666667
3.2047602669999833,-25159.6075
3.205169729999966,-37358.15138888889
3.2066932139999835,-25159.6075
3.2071390979999705,-88621.0136111111
3.2086631820000093,-25159.6075
3.2091028820000247,-135221.9736111111
3.210357918999989,-25159.6075
3.2110483489999524,-177163.73361111112
3.212301206999996,-25159.6075
3.2126532600000246,-219105.63583333333
3.214160895999953,-25159.6075
3.2146834879999915,-265708.16027777776
3.2175021839999545,-25159.6075
3.2177068510000026,-335611.44916666666
3.2186345359999677,-25159.6075
3.2190569959999493,-368232.9602777778
3.220971373999987,-25159.6075
3.221450981999965,-414834.5602777778
3.222861893999948,-25159.6075
3.2230942109999887,-452116.5513888889
3.2248244930000283,-25159.6075
3.2251063840000143,-494058.73805555556
3.2265794879999703,-25159.6075
3.227003700999944,-531339.6625
3.2287925879999193,-25159.6075
3.229185017999953,-577941.5469444444
3.2305664689999958,-25159.6075
3.2309923760000174,582483.6975
3.2328066960000115,-25159.6075
3.2331869079999933,540541.2975
3.2351084150000133,-25159.6075
3.2357671920000257,493939.6975
3.2369654139999966,-25159.6075
3.237541237999949,461318.3286111111
3.238978864999922,-25159.6075
3.2394533980000233,428698.38194444444
3.24100362899992,-25159.6075
3.2415004999999155,391416.6041666667
3.2429956849999826,-25159.6075
3.243593883000017,358794.4530555556
3.2449870030000056,-25159.6075
3.2455416509999395,326173.4397222222
3.246980236000013,-25159.6075
3.2474966799999265,293551.71527777775
3.2489611009999635,-25159.6075
3.249485305999997,260931.0575
3.2512450839999474,-25159.6075
3.2516375760000074,223649.99083333334
3.2531794799999716,-25159.6075
3.2535564349999504,195688.88861111112
3.255136010000001,-25159.6075
3.2557374579999987,167727.64416666667
3.2571956519999503,-25159.6075
3.2575034599999526,139765.75972222222
3.2590078199999652,-25159.6075
3.259497228999976,111804.94194444445
3.2609705950000034,-25159.6075
3.2614425519999486,83843.41305555556
3.2627141230000234,-25159.6075
3.2630782510000245,60543.14638888889
3.26497162499993,-25159.6075
3.2654948690000083,27922.488611111112
3.2669567509999524,-25159.6075
3.267423325999971,4622.2219444444445
3.2686937049999187,-25159.6075
3.2690772849999803,-18678.898055555557
3.2709586519999903,-25159.6075
3.2714253780000035,-46640.49805555555
3.2726275549999855,-25159.6075
3.272993708999934,-69941.40472222223
3.274384854999994,-25159.6075
3.27477932599993,-88582.04472222223
3.2762323119999337,-25159.6075
3.2766928139999436,-111882.59583333334
3.2781406289999495,-25159.6075
3.278552543999922,-130522.3825
3.280133907999925,-25159.6075
3.280571135999935,-153823.28916666665
3.282135354999923,-25159.6075
3.2825276869999698,-172463.57361111112
3.284123357999988,-25159.6075
3.2845293459999994,-191103.85805555555
3.286064155999952,-25159.6075
3.2864846889999626,-209744.92472222223
3.2881189329999643,-25159.6075
3.288552076999963,-233046.96916666668
3.2899493869999787,-25159.6075
3.2905449059999228,-251688.3202777778
3.2919453819999944,-25159.6075
3.292423857000017,-270328.4625
3.2955768699999908,-25159.6075
3.296077971999921,-302950.11583333334
3.29738260299996,-25159.6075
3.2976712720000023,-321590.75583333336
3.2988623210000014,-25159.6075
3.2992163159999564,-335570.7736111111
3.300960013000008,-25159.6075
3.301550822999957,-349549.6536111111
3.302961405000019,-25159.6075
3.303514521000011,-363530.2402777778
3.304934806999995,-25159.6075
3.3055116279999766,-382170.73805555556
3.307872378999946,-25159.6075
3.308612661999973,-405472.0002777778
3.3105199110000285,-25159.6075
3.310787811999944,-424113.06694444444
3.311770825999929,-25159.6075
3.312368898999921,-433433.60027777776
3.314201701999991,-25159.6075
3.314723239999921,-452074.5958333333
3.3161407789999657,-25159.6075
3.316526536999959,-466055.1113888889
3.3180944019999288,-25159.6075
3.3187268440000253,-480035.05805555556
3.3201601829999845,-25159.6075
3.320548592000023,-489355.0936111111
3.3221059369999466,-25159.6075
3.322736493999969,-503335.1825
3.3237949619999654,-25159.6075
3.3241856309999775,-512655.5025
3.3258679099999426,-25159.6075
3.326188203000015,-526635.1647222223
3.327893016999951,-25159.6075
3.328272597000023,-535955.0580555556
3.3295964589999585,-25159.6075
3.330017355999985,-545275.2358333333
3.3315786260000095,-25159.6075
3.3318194060000224,-554595.3425
3.33313146699993,-25159.6075
3.3335220179999396,-563915.0225
3.335114775999955,-25159.6075
3.335743033999961,-573235.9113888888
3.337170646000004,-25159.6075
3.337558014000024,-582555.8047222223
3.3390789509999195,-25159.6075
3.33968951199995,-591875.8402777778
3.3409754719999682,-25159.6075
3.341452150000009,596511.0752777777
3.343955568999945,-25159.6075
3.3444966810000096,582529.4930555555
3.3459112659999164,-25159.6075
3.3462711089999857,573208.7463888889
3.347830712000018,-25159.6075
3.3481970609999507,563887.2175
3.3499059969999507,-25159.6075
3.3502709939999704,554566.9686111112
3.352074625,-25159.6075
3.3525434399999767,545246.8619444445
3.3539060089999566,-25159.6075
3.3542697450000105,540587.2352777778
3.356065770999976,-25159.6075
3.356858396000007,531266.8441666666
3.357935623000003,-25159.6075
3.358518113999935,521946.2397222222
3.359879836999994,-25159.6075
3.360204672000009,517285.6175
3.3614915350000274,-25159.6075
3.361925191999944,507965.5108333333
3.363744679999968,-25159.6075
3.3641201219999175,503304.53305555554
3.366121176999968,-25159.6075
3.366730175999919,493984.35527777777
3.3682320350000055,-25159.6075
3.368596716999946,484664.24861111114
3.370228353000016,-25159.6075
3.3706322709999768,475344.07083333336
3.3729380019999553,-25159.6075
3.373505229999978,470684.7997222222
3.3747430949999853,-25159.6075
3.375190155999917,466025.3152777778
3.377974968999979,-25159.6075
3.378546302000018,456705.2086111111
3.3796018719999665,-25159.6075
3.3800020359999507,452044.37305555557
3.381487786999969,-25159.6075
3.381917176999991,447384.8175
3.383436030999974,-25159.6075
3.3839835429999994,442724.55083333334
3.385415259999945,-25159.6075
3.386143431999926,438064.35527777777
3.3873411779999287,-25159.6075
3.3878412330000174,433404.37305555557
3.38936838099994,-25159.6075
3.3901586349999207,428744.24861111114
3.3912216479999415,-25159.6075
3.3916679489999524,424084.4086111111
3.393371628999944,-25159.6075
3.393632241999967,419424.14194444445
3.3953943239999944,-25159.6075
3.3958306719999882,414764.37305555557
3.3971791499999426,-25159.6075
3.3976467719999164,410104.3908333333
3.399345503999939,-25159.6075
3.400100156999997,405444.2663888889
3.4016347389999737,-25159.6075
3.402075949999926,400784.07083333336
3.404224478999936,-25159.6075
3.404674350999926,396123.3775
3.4066525889999184,-25159.6075
3.4074127239999825,396123.80416666664
3.4088901999999734,-25159.6075
3.4092685329999313,391463.1819444444
3.4105884119999246,-25159.6075
3.4110737799999242,386802.8441666667
3.4130080630000066,-25159.6075
3.4135577959999637,382142.22194444446
3.4150041880000117,-25159.6075
3.415565638999965,377481.7419444444
3.4171899399999575,-25159.6075
3.417479389999926,377482.0263888889
3.419156374999943,-25159.6075
3.419525032000024,372821.26194444444
3.4214887269999963,-25159.6075
3.422290727000018,368160.7108333333
3.4231955960000278,-25159.6075
3.423677823999924,363500.5863888889
3.4252389370000174,-25159.6075
3.425779423999984,358839.6797222222
3.42765147099999,-25159.6075
3.428275628999927,354179.6975
3.4296657300000106,-25159.6075
3.4300665249999156,349518.50638888887
3.4318908660000034,-25159.6075
3.4321127580000166,344859.51972222223
3.433888192999916,-25159.6075
3.434389972999952,340199.4663888889
3.43602191399998,-25159.6075
3.4363866269999335,340199.9641666667
3.437972474999924,-25159.6075
3.4385450699999183,335540.05305555556
3.44020951899995,-25159.6075
3.440682107999919,330880.07083333336
3.4425511140000253,-25159.6075
3.443254619999948,330879.9997222222
3.4446084549999796,-25159.6075
3.445243858000026,326219.73305555555
3.446481232999986,-25159.6075
3.446998872999984,326219.5908333333
3.448186893999946,-25159.6075
3.4487741469999946,321559.5375
3.4502771359999542,-25159.6075
3.4506870259999687,316898.9863888889
3.4534243529999458,-25159.6075
3.454164966999997,316899.1286111111
3.455687270999988,-25159.6075
3.4559767239999246,312238.71972222225
3.4573812109999835,-25159.6075
3.457726352999998,307578.52416666667
3.459532459000002,-25159.6075
3.460020718999999,307578.80861111113
3.4609992429999465,-25159.6075
3.4615751329999966,302918.18638888886
3.462982727999929,-25159.6075
3.4635038430000122,302918.18638888886
3.4645447139999987,-25159.6075
3.465216363999957,298258.4175
3.4660635530000263,-25159.6075
3.4665715109999837,298258.3463888889
3.4679720120000184,-25159.6075
3.4685713059999443,298258.06194444443
3.469965292999973,-25159.6075
3.470520153999928,293597.65305555554
3.471972914999924,-25159.6075
3.472620134999943,293597.8663888889
3.4736498099999835,-25159.6075
3.474216508999916,288937.10194444447
3.476135898999928,-25159.6075
3.4766265129999283,288937.5286111111
3.4779664059999504,-25159.6075
3.4784388890000173,284277.0486111111
3.4795983269999624,-25159.6075
3.4800786739999694,284277.4041666667
3.4812672829999656,-25159.6075
3.481748358999994,279616.7108333333
3.4833394820000194,-25159.6075
3.484131914999921,279616.9952777778
3.4851532760000055,-25159.6075
3.485588044999986,274956.87083333335
3.48714027099993,-25159.6075
3.4878494739999724,274956.87083333335
3.4891433959999176,-25159.6075
3.489613077999934,274957.36861111113
3.4909647489999998,-25159.6075
3.491443602000004,270297.3152777778
3.492610124999942,-25159.6075
3.492990809999924,270297.17305555556
3.4941749280000067,-25159.6075
3.4949210429999766,270297.7419444444
3.4961393529999896,-25159.6075
3.496558013000026,265637.0486111111
3.4981801000000132,-25159.6075
3.4985832699999264,265637.26194444444
3.5005423210000117,-25159.6075
3.500973961999989,265637.6175
3.5032442360000005,-25159.6075
3.5036721379999562,260977.2797222222
3.5054848349999475,-25159.6075
3.5059172210000042,260977.1375
3.5071642799999836,-25159.6075
3.50791712299997,260977.2086111111
3.509140914999989,-25159.6075
3.5095500129999664,260977.1375
3.510953812000025,-25159.6075
3.511552693999988,256316.72861111112
3.5126910120000048,-25159.6075
3.513069681999923,256316.87083333332
3.514254269999924,-25159.6075
3.5146464849999575,256316.72861111112
3.516704580999999,-25159.6075
3.517122128999972,256317.08416666667
3.5183710939999173,-25159.6075
3.5191461050000044,251656.67527777777
3.520086176999939,-25159.6075
3.5206187109999973,251657.10194444444
3.522184646000028,-25159.6075
3.522674717999962,251656.67527777777
3.52408711999999,-25159.6075
3.524432954999952,251656.67527777777
3.5257573359999697,-25159.6075
3.5261898149999524,251657.10194444444
3.5275166819999413,-25159.6075
3.5279428069999312,251656.95972222224
3.529574892000028,-25159.6075
3.5300020779999386,246996.9063888889
3.53148795300001,-25159.6075
3.5321723399999883,246996.76416666666
3.5334818569999698,-25159.6075
3.5339079529999253,246996.76416666666
3.5355394069999875,-25159.6075
3.535716086999969,246996.83527777778
3.537386731999959,-25159.6075
3.537814039999944,246996.9063888889
3.539361900000017,-25159.6075
3.539801945000022,246996.69305555554
3.541364610999949,-25159.6075
3.541800246999969,242336.71083333335
3.54336238399992,-25159.6075
3.543795791999969,242336.71083333335
3.545020376000025,-25159.6075
3.545628443999931,242336.5686111111
3.5470232299999225,-25159.6075
3.547376944000007,242336.4975
3.5490193649999355,-25159.6075
3.549385249000011,242336.92416666666
3.551018386999999,-25159.6075
3.5513951770000176,242336.85305555555
3.5530199919999177,-25159.6075
3.5533877760000223,242336.78194444443
3.555010789999983,-25159.6075
3.5555898029999753,237676.6575
3.557021969999937,-25159.6075
3.5573871309999276,237676.23083333333
3.5590128339999865,-25159.6075
3.5594862350000085,237677.01305555555
3.560930290999977,-25159.6075
3.5614975669999467,237676.44416666665
3.562914568999986,-25159.6075
3.563392705999945,237677.08416666667
3.5646380739999586,-25159.6075
3.565030515999979,237676.58638888889
3.566638283999964,-25159.6075
3.5670224489999782,237676.72861111112
3.5684723910000002,-25159.6075
3.5689066620000176,237676.72861111112
3.570483913999965,-25159.6075
3.5709089380000023,237676.72861111112
3.572211239000012,-25159.6075
3.5726842589999706,237676.6575
3.5742257329999347,-25159.6075
3.574755643000003,237676.51527777777
3.57593335699994,-25159.6075
3.5765420530000256,233016.39083333334
3.5775554379999903,-25159.6075
3.5779861449999544,233016.39083333334
3.5795847800000047,-25159.6075
3.579914545999941,233016.31972222222
3.5816718969999783,-25159.6075
3.5819148009999253,233016.39083333334
3.583514075999915,-25159.6075
3.583936711999968,233016.10638888887
3.5855747030000202,-25159.6075
3.5859593989999894,233016.2486111111
3.588011864000009,-25159.6075
3.588813535999975,233016.31972222222
3.589897823000001,-25159.6075
3.590270405999945,233016.31972222222
3.5921090360000107,-25159.6075
3.5927357699999902,233016.31972222222
3.5944891130000087,-25159.6075
3.5951435109999466,233016.39083333334
3.596281762999979,-25159.6075
3.5969179899999517,228356.05305555556
3.598600968000028,-25159.6075
3.599071907999928,228355.76861111113
3.6012253259999625,-25159.6075
3.6018677949999756,228356.1952777778
3.6031348469999784,-25159.6075
3.6035285649999196,228356.12416666668
3.605083219999983,-25159.6075
3.6056848109999464,228355.91083333333
3.607176574999926,-25159.6075
3.6078559950000226,228356.05305555556
3.609879673000023,-25159.6075
3.6102399459999788,228355.91083333333
3.611634442999957,-25159.6075
3.6120308380000097,228356.05305555556
3.6143633130000126,-25159.6075
3.6147750189999215,223695.07527777777
3.6160151770000084,-25159.6075
3.6163694050000004,223695.43083333335
3.617946071999995,-25159.6075
3.618418404999943,223695.43083333335
3.6198892469999464,-25159.6075
3.6202642199999673,223695.35972222223
3.6216050409999525,-25159.6075
3.6219711090000146,223695.57305555555
3.6236034919999156,-25159.6075
3.6240667509999867,223695.64416666667
3.625622323000016,-25159.6075
3.6259235999999646,223695.71527777778
3.627482908999923,-25159.6075
3.6279086189999816,223695.50194444443
3.629425298000001,-25159.6075
3.6299901840000075,223695.9286111111
3.6313588719999643,-25159.6075
3.6316138659999524,219035.16416666665
3.6331827430000203,-25159.6075
3.6337948230000165,219035.16416666665
3.6350284009999996,-25159.6075
3.6355926640000007,219035.23527777777
3.6370367719999876,-25159.6075
3.637390891999985,219035.02194444445
3.639062279999962,-25159.6075
3.6395027899999377,219035.73305555555
3.641032166999935,-25159.6075
3.6416281859999344,219035.3063888889
3.6427560399999948,-25159.6075
3.643187021000017,219035.80416666667
3.644803210999953,-25159.6075
3.6451901729999463,219035.51972222223
3.6465914359999942,-25159.6075
3.6470228169999928,219035.87527777778
3.64897487799999,-25159.6075
3.6494964180000125,219035.3063888889
3.650891347999959,-25159.6075
3.651239583000006,219035.66194444444
3.652544089999992,-25159.6075
3.652933937999933,219034.95083333334
3.654165186,-25159.6075
3.6546010299999807,219035.09305555557
3.6562244509999573,-25159.6075
3.6566084469999396,214375.25305555554
3.658169900999951,-25159.6075
3.658563306000019,214375.5375
3.660384611999916,-25159.6075
3.6608346020000226,214374.8975
3.662673945999927,-25159.6075
3.663206023999919,214375.25305555554
3.6645638210000016,-25159.6075
3.665044683000019,214375.39527777777
3.6665252819999523,-25159.6075
3.6669927140000027,214375.32416666666
3.668836738999971,-25159.6075
3.6692858249999745,214375.25305555554
3.6706812339999715,-25159.6075
3.6710726659999864,209715.27083333334
3.6727705239999295,-25159.6075
3.6731849770000053,214375.5375
3.6745953079999936,-25159.6075
3.6750248800000236,214375.32416666666
3.6765647830000034,-25159.6075
3.67707003299995,214375.18194444446
3.678896033000001,-25159.6075
3.679243702000008,214374.9686111111
3.6807195129999855,-25159.6075
3.680992663999973,209715.27083333334
3.6831789819999585,-25159.6075
3.6836405959999183,214375.5375
3.6851910469999893,-25159.6075
3.6855534449999823,214375.4663888889
3.687167809000016,-25159.6075
3.6875602329999992,214374.8975
3.689530578000017,-25159.6075
3.6902250739999545,209715.27083333334
3.6915673180000113,-25159.6075
3.6919951169999194,214375.5375
3.6938189300000204,-25159.6075
3.694189374999951,209715.27083333334
3.695547681999983,-25159.6075
3.6959787590000133,214375.5375
3.6972428789999867,-25159.6075
3.697969849999936,214374.82638888888
3.6996271599999773,-25159.6075
3.700152995999929,209715.27083333334
3.7010810240000183,-25159.6075
3.702529410000011,209715.27083333334
3.7032139309999366,-25159.6075
3.7039140329999327,209714.91527777776
3.704779574999975,-25159.6075
3.705473495999968,209714.5597222222
3.706519372999992,-25159.6075
3.707182583999952,209715.19972222223
3.7089065719999326,-25159.6075
3.70947185,209714.70194444444
3.7109811079999417,-25159.6075
3.7115414099999953,209714.84416666668
3.713224312999955,-25159.6075
3.7137309920000234,205054.93305555556
3.715097528000001,-25159.6075
3.7157220799999777,209715.19972222223
3.7168925899999294,-25159.6075
3.7172495689999323,209714.98638888888
3.7185912239999652,-25159.6075
3.719030714999917,209715.0575
3.720273352999925,-25159.6075
3.7207312299999558,209714.98638888888
3.7223559359999854,-25159.6075
3.723112293999975,209715.19972222223
3.7241347289999567,-25159.6075
3.724545078999995,209715.0575
3.7261305910000146,-25159.6075
3.7265492789999826,209714.98638888888
3.728135130999931,-25159.6075
3.728525048999927,209714.84416666668
3.73059229699993,-25159.6075
3.731153240000026,209714.70194444444
3.732212559000004,-25159.6075
3.732681155000023,209714.84416666668
3.7345182469999827,-25159.6075
3.7350076769999987,209714.98638888888
3.7362205439999343,-25159.6075
3.736655642999949,209714.98638888888
3.738114689999975,-25159.6075
3.7385048400000187,209714.70194444444
3.7400023569999803,-25159.6075
3.7406111320000264,205054.5063888889
3.742080881999982,-25159.6075
3.7425616169999785,205054.6486111111
3.743889996000007,-25159.6075
3.744265632999941,205054.15083333335
3.745785854000019,-25159.6075
3.7460727740000266,205054.22194444443
3.7475262460000067,-25159.6075
3.7480750729999954,205054.29305555555
3.749779498999942,-25159.6075
3.750180603999979,205053.9375
3.751532605999955,-25159.6075
3.7519520160000184,205054.43527777778
3.7539593599999534,-25159.6075
3.7542599409999866,205054.22194444443
3.7552689969999165,-25159.6075
3.756007660000023,205054.43527777778
3.757001348000017,-25159.6075
3.757633771999963,205054.22194444443
3.7589459170000055,-25159.6075
3.7595190380000076,205054.00861111112
3.761416785999927,-25159.6075
3.762201549999986,200393.4575
3.763472127,-25159.6075
3.7638772760000165,200393.95527777777
3.7653515380000044,-25159.6075
3.765784106999945,200393.74194444445
3.767298033999964,-25159.6075
3.7677172429999928,200393.81305555557
3.7692672529999527,-25159.6075
3.7697257539999782,200393.59972222222
3.771363980999922,-25159.6075
3.7717866929999673,200393.5286111111
3.773362216999999,-25159.6075
3.7737859059999437,195733.33305555556
3.7752222609999535,-25159.6075
3.7756174180000244,195733.26194444444
3.77722286300002,-25159.6075
3.7778540539999312,195732.9063888889
3.7789738850000276,-25159.6075
3.7795660680000083,195732.9775
3.7807778869999993,-25159.6075
3.781182987999955,195733.19083333333
3.7824609479999936,-25159.6075
3.7829452270000274,195732.76416666666
3.7842153389999567,-25159.6075
3.784612273999983,191072.5686111111
3.786225435999995,-25159.6075
3.786619244999997,191072.4975
3.7884719479999376,-25159.6075
3.7890642940000134,191072.5686111111
3.79037537399995,-25159.6075
3.7907968519999713,191072.4975
3.7921996049999507,-25159.6075
3.7925922379999975,191072.21305555556
3.794229904999952,-25159.6075
3.794626311000002,186411.80416666667
3.796217867999985,-25159.6075
3.797029834,186411.73305555555
3.798000350999928,-25159.6075
3.7985743560000174,186411.87527777778
3.800138793999963,-25159.6075
3.8005483829999775,186411.73305555555
3.802058580999983,-25159.6075
3.8023900499999854,181751.60861111112
3.8040171139999757,-25159.6075
3.8043620720000035,181751.4663888889
3.806010805000028,-25159.6075
3.806378216999974,181751.5375
3.8080141619999495,-25159.6075
3.808365321999986,181751.4663888889
3.8100142319999577,-25159.6075
3.810391139999979,177090.98638888888
3.812997801999927,-25159.6075
3.8130252400000018,177091.27083333334
3.8146447650000255,-25159.6075
3.8150247369999306,177090.3463888889
3.816738591999979,-25159.6075
3.817092445999947,172430.5063888889
3.8185159700000213,-25159.6075
3.8189424549999558,172431.00416666668
3.821028704000014,-25159.6075
3.8214989929999774,172430.71972222222
3.8227557870000055,-25159.6075
3.8231861780000145,167770.52416666667
3.8247704440000234,-25159.6075
3.8251857279999513,167770.5952777778
3.826887410999916,-25159.6075
3.827333144000022,167770.38194444444
3.8290239990000146,-25159.6075
3.8295533689999957,167770.31083333332
3.8308496419999756,-25159.6075
3.8312440170000173,163109.90194444446
3.8335068789999696,-25159.6075
3.834127405000004,163109.75972222222
3.8358255179999787,-25159.6075
3.8359154459999445,163109.90194444446
3.837402591,-25159.6075
3.837837205000028,158450.13305555555
3.839190015999975,-25159.6075
3.839724672999978,158449.63527777776
3.8410805839999966,-25159.6075
3.841553972999918,158449.70638888888
3.8438042199999245,-25159.6075
3.8441849060000095,158449.7775
3.845897370999978,-25159.6075
3.846264904999998,153789.65305555557
3.8479022110000187,-25159.6075
3.848463725999977,153789.43972222222
3.8509251699999822,-25159.6075
3.851284818999943,153789.58194444445
3.853539769000008,-25159.6075
3.8541472719999774,149129.24416666667
3.8554585890000226,-25159.6075
3.8561890839999933,149129.03083333332
3.8571392489999425,-25159.6075
3.8575345379999817,149129.5286111111
3.859362510999972,-25159.6075
3.859811648999994,149129.4575
3.8610743589999856,-25159.6075
3.861532291000003,149129.3863888889
3.8633994199999506,-25159.6075
3.8638086889999386,144469.6175
3.86559092899995,-25159.6075
3.8660312270000077,144469.97305555554
3.8675888279999526,-25159.6075
3.868009984999958,144469.83083333334
3.86958713599995,-25159.6075
3.8700106069999265,144469.97305555554
3.871598188000007,-25159.6075
3.872071914000003,144470.32861111112
3.8736167050000176,-25159.6075
3.8740150930000254,144470.04416666666
3.875533625999992,-25159.6075
3.8758993189999273,144469.97305555554
3.8771599980000246,-25159.6075
3.877595972999984,144470.11527777778
3.8793578059999163,-25159.6075
3.879798574000006,144470.2575
3.8812186740000243,-25159.6075
3.881644868999956,144470.1863888889
3.883350974999985,-25159.6075
3.8836633959999745,144470.32861111112
3.8853708429999188,-25159.6075
3.8859814959999994,144470.3997222222
3.887223990999928,-25159.6075
3.88761776299998,144470.3997222222
3.8891839550000213,-25159.6075
3.889605895999921,144470.32861111112
3.891166548000001,-25159.6075
3.891753188999928,144470.11527777778
3.8930878209999946,-25159.6075
3.8937379149999742,139810.13305555555
3.895004717000006,-25159.6075
3.895488010000008,139809.8486111111
3.896774824999966,-25159.6075
3.89718329599998,135149.86638888888
3.8985952150000003,-25159.6075
3.8990212879999717,139809.99083333334
3.9013633559999334,-25159.6075
3.901728002000027,139809.99083333334
3.903223347999983,-25159.6075
3.9039416370000026,135149.86638888888
3.9049371169999176,-25159.6075
3.9055831719999787,139809.91972222223
3.907375504000015,-25159.6075
3.9077393039999606,139809.8486111111
3.909143319000009,-25159.6075
3.910057443000028,135149.86638888888
3.911071250999953,-25159.6075
3.9114937009999267,135149.86638888888
3.913125642999944,-25159.6075
3.9137008110000124,139809.99083333334
3.9150748600000043,-25159.6075
3.9155071149999685,135149.86638888888
3.9171928910000133,-25159.6075
3.917721742000026,139810.13305555555
3.919336441999917,-25159.6075
3.91973981000001,135149.86638888888
3.921158360999925,-25159.6075
3.9215873089999604,139810.13305555555
3.922458278000022,-25159.6075
3.923618153999996,135149.86638888888
3.92431477599996,-25159.6075
3.924743786000022,135149.86638888888
3.926187673999948,-25159.6075
3.926604300000008,135149.86638888888
3.928165404999959,-25159.6075
3.9285873929999298,139809.8486111111
3.93220790700002,-25159.6075
3.9326584169999705,135149.86638888888
3.9352270199999566,-25159.6075
3.9356655359999877,135149.86638888888
3.9369901249999657,-25159.6075
3.9375847439999916,135149.86638888888
3.9402426689999857,-25159.6075
3.9405040419999295,139809.99083333334
3.942142333999982,-25159.6075
3.942545528999972,135149.86638888888
3.944130255999994,-25159.6075
3.944522161000009,135149.86638888888
3.9461243889999196,-25159.6075
3.9465168849999372,135149.86638888888
3.9481296999999813,-25159.6075
3.948556018999966,135149.86638888888
3.9501569560000007,-25159.6075
3.950558993999948,135149.86638888888
3.9521332130000246,-25159.6075
3.952730143999929,135149.86638888888
3.9542008039999246,-25159.6075
3.954629625999928,135149.86638888888
3.9561416860000236,-25159.6075
3.956558144999917,135149.86638888888
3.958129136000025,-25159.6075
3.9585194869999896,135149.86638888888
3.9601453440000114,-25159.6075
3.960556870000005,135149.86638888888
3.9621235280000064,-25159.6075
3.962520214999927,135149.86638888888
3.96523283800002,-25159.6075
3.9655812909999213,135149.86638888888
3.967122905999986,-25159.6075
3.9675492369999574,135149.86638888888
3.9693170949999512,-25159.6075
3.969525071000021,135149.86638888888
3.971129006999945,-25159.6075
3.9715126070000224,135149.86638888888
3.9731364839999515,-25159.6075
3.973531679999951,135149.86638888888
3.9751246869999477,-25159.6075
3.9755242410000164,135149.86638888888
3.9771288379999987,-25159.6075
3.97752255599994,135149.86638888888
3.9791274709999698,-25159.6075
3.979524533000017,135149.86638888888
3.9811646890000247,-25159.6075
3.981756809999979,135149.86638888888
3.9838531159999775,-25159.6075
3.984189909999941,135149.86638888888
3.9856911900000114,-25159.6075
3.986088890000019,135149.86638888888
3.9877767929999663,-25159.6075
3.9883329780000167,135149.86638888888
3.989531587999977,-25159.6075
3.9899503440000217,135149.86638888888
3.991767966999987,-25159.6075
3.992257505999987,135149.86638888888
3.9931792359999463,-25159.6075
3.9939196860000266,135149.86638888888
3.9951009609999346,-25159.6075
3.99572349999994,135149.86638888888
3.996989704999919,-25159.6075
3.997462632999941,135149.86638888888
3.998951158999944,-25159.6075
3.9994660059999205,135149.86638888888
4.000936206999995,-25159.6075
4.001494395000009,135149.86638888888
4.002926391999949,-25159.6075
4.003492384999959,135149.86638888888
4.004929801000003,-25159.6075
4.00549677999993,135149.86638888888
4.006922670999984,-25159.6075
4.007495022999933,135149.86638888888
4.008834418999982,-25159.6075
4.009206689999928,139809.8486111111
4.010892221999939,-25159.6075
4.011262557000009,135149.86638888888
4.0125865699999395,-25159.6075
4.0129483570000275,135149.86638888888
4.015213421999988,-25159.6075
4.0158041509999975,135149.86638888888
4.017528491999997,-25159.6075
4.0180730329999506,135149.86638888888
4.019213597999965,-25159.6075
4.019635181000012,139809.99083333334
4.021339540999975,-25159.6075
4.021652116999917,139810.13305555555
4.023061183999971,-25159.6075
4.023517864999917,135149.86638888888
4.024838876999979,-25159.6075
4.025229949999925,135149.86638888888
4.027547035999987,-25159.6075
4.027966740000011,135149.86638888888
4.029504933999988,-25159.6075
4.029933769999957,135149.86638888888
4.031615366999972,-25159.6075
4.031948588999967,139810.13305555555
4.033331744999941,-25159.6075
4.033823290999976,135149.86638888888
4.035317619000011,-25159.6075
4.035767353999972,135149.86638888888
4.037480458999994,-25159.6075
4.037909241999955,139809.7775
4.039509264000003,-25159.6075
4.039932685999929,139810.13305555555
4.041498509000007,-25159.6075
4.0419231979999495,135149.86638888888
4.04351495100002,-25159.6075
4.044004313999949,139809.91972222223
4.046889811000028,-25159.6075
4.047283428000014,135149.86638888888
4.04861451499994,-25159.6075
4.049032275999934,135149.86638888888
4.050799568000002,-25159.6075
4.051183687999924,139809.99083333334
4.0528280369999266,-25159.6075
4.053183749000027,135149.86638888888
4.054893702999948,-25159.6075
4.0552581839999675,135149.86638888888
4.05659183399996,-25159.6075
4.057016138999984,135149.86638888888
4.058628911000028,-25159.6075
4.059025560000009,139810.13305555555
4.060895703000028,-25159.6075
4.0612668100000064,135149.86638888888
4.062611564000008,-25159.6075
4.063069414999973,135149.86638888888
4.064603347000002,-25159.6075
4.065102032000027,135149.51083333333
4.066615480999985,-25159.6075
4.067028666999931,130489.5286111111
4.068560876999982,-25159.6075
4.068938999000011,130489.5286111111
4.070479298000009,-25159.6075
4.07091741399995,130489.5286111111
4.072489583999982,-25159.6075
4.072933590999924,130489.5286111111
4.074485581999966,-25159.6075
4.074912908999977,130489.5286111111
4.076485230999992,-25159.6075
4.0769127749999825,130489.5286111111
4.078486885999951,-25159.6075
4.078913988999943,130489.5286111111
4.080581043999928,-25159.6075
4.080913813999928,130489.5286111111
4.082451463999973,-25159.6075
4.0830180529999325,130489.5286111111
4.084308974999999,-25159.6075
4.084657256000014,130489.5286111111
4.086169881999922,-25159.6075
4.086577588999944,130489.5286111111
4.0880032389999315,-25159.6075
4.088515564999966,130489.5286111111
4.089547876999973,-25159.6075
4.089940619000004,130489.5286111111
4.091485385999931,-25159.6075
4.091908869000008,130489.5286111111
4.093763238999941,-25159.6075
4.094183212999951,130489.5286111111
4.095810409000023,-25159.6075
4.096194030999982,130489.5286111111
4.097814875999916,-25159.6075
4.098184162999928,130489.5286111111
4.09958067599996,-25159.6075
4.100001284999962,130489.5286111111
4.101600714000028,-25159.6075
4.102024191999931,130489.5286111111
4.103533590999973,-25159.6075
4.103962641999942,130489.5286111111
4.105210779999993,-25159.6075
4.105903743999988,130489.5286111111
4.1071125259999235,-25159.6075
4.107745657999999,130489.5286111111
4.109014079999952,-25159.6075
4.109380665000003,130489.5286111111
4.111623680999969,-25159.6075
4.11221096099996,130489.5286111111
4.113355593999927,-25159.6075
4.1137330089999296,130489.5286111111
4.1150187179999875,-25159.6075
4.115663562999998,130489.5286111111
4.116997362999996,-25159.6075
4.117347208999945,130489.5286111111
4.11824870099997,-25159.6075
4.119896368000013,-25159.6075
4.121564231999969,130489.5286111111
4.121583427000019,-25159.6075
4.1229911419999326,130489.5286111111
4.1235297719999835,-25159.6075
4.124101653000025,130489.5286111111
4.125294843000006,-25159.6075
4.125807474999988,130489.5286111111
4.127223605999916,-25159.6075
4.127617581999971,130489.5286111111
4.129243272999929,-25159.6075
4.129623637000009,130489.5286111111
4.131134140999961,-25159.6075
4.131835496000008,130489.5286111111
4.13309756000001,-25159.6075
4.133574015000022,130489.5286111111
4.134920120999936,-25159.6075
4.135323290999963,130489.5286111111
4.136213664000024,-25159.6075
4.137177077999922,130489.5286111111
4.1378568449999875,-25159.6075
4.138458326999967,135149.2975
4.139695317000019,-25159.6075
4.140194464999922,130489.5286111111
4.141767630999993,-25159.6075
4.142295712999953,130489.5286111111
4.143765351999946,-25159.6075
4.1443968559999576,130489.5286111111
4.14567509699998,-25159.6075
4.145980754999982,130489.5286111111
4.1478103079999755,-25159.6075
4.148184161000017,130489.5286111111
4.149511182999959,-25159.6075
4.149874655999952,130489.5286111111
4.15147235500001,-25159.6075
4.152077240999915,130489.5286111111
4.153205765999928,-25159.6075
4.153855273999966,130489.5286111111
4.155178393000028,-25159.6075
4.155735056000026,135149.65305555557
4.15738421399999,-25159.6075
4.157741046999945,130489.5286111111
4.159006146000024,-25159.6075
4.159478500999967,130489.5286111111
4.161280360999967,-25159.6075
4.161804529999927,130489.5286111111
4.162999207999974,-25159.6075
4.163474360999999,130489.5286111111
4.164976764000016,-25159.6075
4.165469729999927,130489.5286111111
4.1669797889999245,-25159.6075
4.167547691999971,135149.65305555557
4.169509805999951,-25159.6075
4.170072557000026,130489.5286111111
4.17124624500002,-25159.6075
4.171887357999935,130489.5286111111
4.173480636000022,-25159.6075
4.173904356999969,130489.5286111111
4.175260406000007,-25159.6075
4.175732812999968,135149.43972222222
4.177479757000015,-25159.6075
4.1780388099999755,130489.5286111111
4.179149928000015,-25159.6075
4.179609099999993,130489.5286111111
4.181139794999922,-25159.6075
4.181570362000002,135149.08416666667
4.1831177560000015,-25159.6075
4.1837210940000205,130489.5286111111
4.1851917679999815,-25159.6075
4.185617151999963,130489.5286111111
4.187079887999971,-25159.6075
4.18755393999993,130489.5286111111
4.188937640999939,-25159.6075
4.189409780999995,135149.58194444445
4.190683807000028,-25159.6075
4.191063764999967,135149.79527777777
4.192943642999921,-25159.6075
4.193416864000028,130489.5286111111
4.194684551000023,-25159.6075
4.1952275639999925,130489.5286111111
4.197101535000002,-25159.6075
4.1975684320000255,135149.65305555557
4.198675514000001,-25159.6075
4.199245657000006,135149.72416666665
4.200573857999984,-25159.6075
4.201106600999992,130489.5286111111
4.202448515000015,-25159.6075
4.203032587999928,130489.5286111111
4.204785061999928,-25159.6075
4.205182773999923,130489.5286111111
4.206415000999982,-25159.6075
4.206855497999982,130489.5286111111
4.208526616999961,-25159.6075
4.20908821799992,130489.5286111111
4.2102223240000285,-25159.6075
4.21065346599994,135149.65305555557
4.212265167999931,-25159.6075
4.21265512399998,135149.79527777777
4.214239148999923,-25159.6075
4.214665824999997,130489.5286111111
4.21636776999992,-25159.6075
4.2167939959999785,130489.5286111111
4.218360605999919,-25159.6075
4.218782868999938,130489.5286111111
4.2201612750000095,-25159.6075
4.220583640999962,130489.5286111111
4.22209622999992,-25159.6075
4.22255428099993,130489.5286111111
4.224114032999978,-25159.6075
4.224723555999958,130489.5286111111
4.225985483999921,-25159.6075
4.22645795599999,130489.5286111111
4.2280539249999265,-25159.6075
4.228479826000012,130489.5286111111
4.230109637999931,-25159.6075
4.230513905999942,130489.5286111111
4.232006027000011,-25159.6075
4.232590846999983,130489.5286111111
4.234023717000014,-25159.6075
4.234384148000004,130489.5286111111
4.236024699999916,-25159.6075
4.236383294000007,130489.5286111111
4.237809755999933,-25159.6075
4.238253873999952,130489.5286111111
4.240995676000011,-25159.6075
4.241562767000005,130489.5286111111
4.242854498999918,-25159.6075
4.243203973999925,130489.5286111111
4.244925903999956,-25159.6075
4.245454677999987,130489.5286111111
4.246918101999995,-25159.6075
4.24748643099997,130489.5286111111
4.248923708999996,-25159.6075
4.2494858179999255,130489.5286111111
4.250900028999922,-25159.6075
4.251259770999923,130489.5286111111
4.253035495999939,-25159.6075
4.253381943000022,130489.5286111111
4.254960159000007,-25159.6075
4.2555333849999215,130489.5286111111
4.256560936000028,-25159.6075
4.256960043999925,130489.5286111111
4.258420034999972,-25159.6075
4.258783283999946,130489.5286111111
4.260379897000007,-25159.6075
4.260809096000003,130489.5286111111
4.262198935000015,-25159.6075
4.2626894740000125,130489.5286111111
4.264386902999945,-25159.6075
4.264994004999949,130489.5286111111
4.2661046119999355,-25159.6075
4.266517099999987,130489.5286111111
4.268076786999927,-25159.6075
4.268684468999936,130489.5286111111
4.270019316000003,-25159.6075
4.2703841789999615,130489.5286111111
4.272057866999944,-25159.6075
4.272477729000002,130489.5286111111
4.274083437999934,-25159.6075
4.274492660999954,130489.5286111111
4.276154771999927,-25159.6075
4.2765907579999975,130489.5286111111
4.278201276000004,-25159.6075
4.278813781999929,130489.5286111111
4.280196342999943,-25159.6075
4.280501656999945,130489.5286111111
4.282054113999948,-25159.6075
4.282425912999997,130489.5286111111
4.284308166999949,-25159.6075
4.284483823999949,130489.5286111111
4.286084888000005,-25159.6075
4.286692236000022,130489.5286111111
4.2880700419999584,-25159.6075
4.288552236999976,130489.5286111111
4.289911028999995,-25159.6075
4.29048034799996,130489.5286111111
4.292028275000007,-25159.6075
4.292469145999917,130489.5286111111
4.2937385949999225,-25159.6075
4.294018484999924,130489.5286111111
4.295969463000006,-25159.6075
4.296397355999943,135149.72416666665
4.298096804000011,-25159.6075
4.298591696000017,130489.5286111111
4.299702992999983,-25159.6075
4.299942379999948,130489.5286111111
4.301975261999928,-25159.6075
4.3023920580000095,130489.5286111111
4.30428304499992,-25159.6075
4.304696691000004,130489.5286111111
4.306086384999958,-25159.6075
4.306682140000021,130489.5286111111
4.308217112999955,-25159.6075
4.308409766999944,130489.5286111111
4.310057434999976,-25159.6075
4.310485509999921,130489.5286111111
4.3120750539999335,-25159.6075
4.312681967000003,130489.5286111111
4.314368885000022,-25159.6075
4.314734727999962,135149.65305555557
4.316499164999982,-25159.6075
4.31698621299995,135149.79527777777
4.318166067999982,-25159.6075
4.318563713999993,130489.5286111111
4.320226205999916,-25159.6075
4.320751451999968,130489.5286111111
4.3222216729999445,-25159.6075
4.322594822999918,130489.5286111111
4.324866260000022,-25159.6075
4.325370341999928,130489.5286111111
4.3274084099999754,-25159.6075
4.327781103000007,130489.5286111111
4.329170348999924,-25159.6075
4.329665965999993,130489.5286111111
4.331583658999989,-25159.6075
4.332008049000024,130489.5286111111
4.333880256999919,-25159.6075
4.334352389999935,135149.79527777777
4.336489191999931,-25159.6075
4.337101349000022,130489.5286111111
4.338223421999942,-25159.6075
4.338689004999992,130489.5286111111
4.34024362699995,-25159.6075
4.340699286000017,130489.5286111111
4.342166367999994,-25159.6075
4.342599682000014,130489.5286111111
4.344170667999947,-25159.6075
4.344595753000021,130489.5286111111
4.346365685000023,-25159.6075
4.346794562000014,130489.5286111111
4.348464756999988,-25159.6075
4.348888170999999,130489.5286111111
4.350370794000014,-25159.6075
4.350778902999991,130489.5286111111
4.352174035999951,-25159.6075
4.352803640999923,130489.5286111111
4.353922945000022,-25159.6075
4.354491644999939,130489.5286111111
4.355857290000017,-25159.53638888889
4.356205004000003,130489.5286111111
4.357711094000024,-25159.323055555556
4.358178709999947,130489.5286111111
4.359999932999926,-25158.89638888889
4.360502194999981,130489.5286111111
4.362037403999921,-25158.18527777778
4.362611011000013,130489.5286111111
4.36388961900002,-25157.118611111113
4.364257296000005,130489.5286111111
4.365829152999936,-25155.625277777777
4.36618087599993,130489.5286111111
4.367865010999935,-25153.70527777778
4.368209061000016,130489.5286111111
4.3697221520000085,-25151.145277777778
4.3700985259999925,130489.5286111111
4.371561472999929,-25147.945277777777
4.371988066999961,130489.5286111111
4.373873781999919,-25144.105277777777
4.374231905999977,130489.5286111111
4.376013467000007,-25139.483055555556
4.376516563999985,130489.5286111111
4.378149344999997,-25134.0075
4.37853703899998,130489.95527777777
4.380199731999937,-25127.6075
4.3805834019999565,130489.5286111111
4.382558420999999,-25120.283055555556
4.382999670000004,130489.74194444444
4.385060117999956,-25111.891944444444
4.3855796179999516,130489.81305555555
4.386819004000017,-25102.291944444445
4.387202720999994,130490.0975
4.38856569099994,-25091.625277777777
4.388989520999985,130490.0975
4.390804076999984,-25079.6075
4.391177218999928,130490.45305555555
4.392509434999965,-25066.30972222222
4.39288959199996,130490.87972222222
4.394127013000002,-25051.589722222223
4.394555310999976,135151.28861111111
4.39602886199998,-25035.4475
4.396631384999978,135151.50194444443
4.398007321000023,-25017.66972222222
4.398592676000021,135152.21305555556
4.399897646999989,-24998.39861111111
4.4004123139999365,135152.28416666668
4.401628662000007,-24977.34972222222
4.4019930629999635,139813.19083333333
4.403777878000028,-24954.594166666666
4.404202316999999,139813.4752777778
4.4055490999999165,-24929.98972222222
4.405976281999983,144474.0263888889
4.407794076999949,-24903.53638888889
4.4081836149999845,144474.8086111111
4.409965659000022,-24875.091944444444
4.410431304999975,149135.9286111111
4.411669945999961,-24844.65638888889
4.412067108999963,153796.55083333334
4.4139586139999665,-24812.0875
4.4144919770000115,158458.16888888887
4.415949269999942,-24777.38527777778
4.416419056999985,163119.85777777777
4.417679367000005,-24740.4075
4.418066814999975,167781.6888888889
4.420068569000023,-24701.154166666667
4.420570034999969,177104.78222222222
4.42168376699999,-24659.625277777777
4.422125111000014,186427.02222222224
4.4239509499999485,-24616.034166666668
4.424475993999977,195750.61333333334
4.425687419999917,-24570.30972222222
4.426059445999954,209734.18666666668
4.4277785819999735,-24522.594166666666
4.428181572999961,223719.39555555556
4.429533987000013,-24472.8875
4.4299588530000165,237702.4711111111
4.431647109999972,-24421.331944444446
4.4320924549999745,256347.52
4.433583773000009,-24367.99861111111
4.434007150999946,279652.5511111111
4.435613199999921,-24312.8875
4.436222272000009,302958.22222222225
4.437221187999967,-24256.140833333335
4.437649904999944,326263.8933333333
4.439347479999924,-24197.758611111112
4.4400970340000185,354231.1822222222
4.441126095999948,-24137.883055555554
4.441719899999953,382197.12
4.443230159999985,-24076.514166666668
4.443760164999958,419485.29777777777
4.445019962999936,-24013.794166666667
4.4453689529999565,456773.68888888886
4.44745569600002,-23949.723055555554
4.447820238999952,508042.6666666667
4.449237928999992,-23884.443055555555
4.449696008999922,549987.7688888889
4.451279779999936,-23817.954166666666
4.45190181800001,-596451.84
4.4533789959999694,-23750.39861111111
4.453589294999915,-545185.3511111111
4.455584348999992,-23681.634166666667
4.456317733999981,-489259.66222222225
4.458577205999973,-23611.589722222223
4.459263158999988,-414692.48
4.459941714000024,-23540.265277777777
4.460929274000023,-368087.32444444444
4.463251487999969,-23467.51861111111
4.463704518999975,-279537.49333333335
4.465539517000025,-23393.34972222222
4.466197708999971,-223611.87555555557
4.4675997339999185,-23317.6875
4.467993106999984,-163025.77777777778
4.46952579699996,-23240.389722222222
4.469955530999982,-107100.30222222222
4.471606327000018,-23161.38527777778
4.471993904999977,-51175.04
4.473506794999935,-23080.674166666668
4.473924186999966,9410.133333333333
4.4751941590000115,-22998.18527777778
4.475694234000002,60675.05777777778
4.477605404999963,-22913.776388888888
4.4780679639999335,135241.95555555556
4.4796157319999566,-22827.4475
4.480018329000018,195826.91555555555
4.481499304999943,-22739.1275
4.481924522999975,256412.8711111111
4.4832434439999815,-22648.674166666668
4.483695149000027,312338.56
4.485365629999933,-22556.0875
4.486127198999952,377584.56888888887
4.4877097290000165,-22461.296388888888
4.488254547999986,456811.02222222224
4.489375326999948,-22364.300833333335
4.490013330000011,512736.78222222225
4.491219883999975,-22265.243055555555
4.491613758999961,573322.5241666667
4.493053735999979,-22164.123055555556
4.493590483999924,-559139.6977777778
4.495015315999922,-22061.083055555555
4.495370269999967,-493893.2625
4.496814537999967,-21956.051944444444
4.497451543000011,-428647.6091666667
4.49892365300002,-21849.243055555555
4.499411443999975,-363402.02694444446
4.500845497,-21740.7275
4.501250219999974,-293495.46694444446
4.502567064000004,-21630.434166666666
4.502933686000006,-232910.9336111111
4.504515833000028,-21518.57638888889
4.504978155999993,-163005.5113888889
4.506516744999999,-21405.22527777778
4.506948818999945,-93098.45361111111
4.508498535999934,-21290.30972222222
4.508931458000006,-18532.05361111111
4.510504130999948,-21174.043055555554
4.510937634000015,51373.9375
4.512386731999982,-21056.425277777777
4.512763055999926,121279.92861111111
4.514362454999969,-20937.5275
4.514798674999952,195847.11083333334
4.516176702999928,-20817.420833333334
4.516613880000023,265750.9686111111
4.518079815999954,-20696.2475
4.518685330999915,335658.31083333335
4.520655329999954,-20574.0075
4.521256895999954,428864.78194444446
4.522924585999931,-20450.700833333332
4.523489391999988,517411.1997222222
4.524923230000013,-20326.540833333333
4.52526087199999,591976.6752777778
4.527256388999945,-20201.5275
4.527854666999929,-517183.2891666667
4.529254842,-20075.803055555556
4.529672682999944,-437957.19138888887
4.531176323999944,-19949.296388888888
4.531782537000026,-363392.49805555557
4.533503583999959,-19822.14972222222
4.534217069999954,-274845.29805555556
4.535227043999953,-19694.50527777778
4.5357156110000005,-204939.44916666666
4.537065224999992,-19566.291944444445
4.537527435000015,-135035.16472222222
4.540258163999965,-19437.651944444446
4.5408482089999325,-18526.009166666667
4.541654822999931,-19308.7275
4.542922783999984,42058.02638888889
4.543478041999947,-19179.4475
4.543909601999985,107301.97305555556
4.545473853999965,-19049.954166666666
4.545896576000018,181868.0886111111
4.547483945999943,-18920.389722222222
4.547912445999941,256432.42638888888
4.549474734,-18790.683055555557
4.549910769999997,330997.7597222222
4.551473696000016,-18660.97638888889
4.551905595999983,405562.52416666667
4.553472166000006,-18531.340833333332
4.553904822999925,480127.2886111111
4.55547651400002,-18401.8475
4.556015057999957,554692.9063888888
4.557480785999928,-18272.354166666668
4.558060147999981,-563789.4402777777
4.560157439000022,-18142.931944444445
4.560555668999996,-465920.99583333335
4.562377502000004,-18013.3675
4.563132289000009,-377374.2225
4.564176624999959,-17883.731944444444
4.564598796999917,-312130.2758333333
4.5661319260000255,-17753.811944444446
4.56657965699992,-237564.3736111111
4.568000762999986,-17623.6075
4.568636549999951,-167660.3025
4.5703626619999795,-17493.118611111113
4.570381479999924,-107076.48027777778
4.572015379999925,-17362.131944444445
4.5725988259999895,-23190.04472222222
4.573762676000001,-17230.6475
4.574943628000028,46713.88416666666
4.575566033999962,-17098.665277777778
4.575987713000018,111959.11083333334
4.577943312000002,-16965.971944444445
4.578380107999919,195844.69305555554
4.5798601669999925,-16832.709722222222
4.580300874999921,265748.4086111111
4.582175032000009,-16698.8075
4.582764699999984,344973.58194444445
4.584042199999999,-16564.4075
4.584630421999918,414878.71972222225
4.5860412889999225,-16429.580833333333
4.58640018199992,480123.23527777777
4.587641632999976,-16294.3275
4.58802806999995,550028.4441666667
4.589215648999925,-16158.860833333334
4.589940268999953,-587094.2580555555
4.591220843999963,-16023.109722222222
4.591659893999918,-521849.8847222222
4.593483468999921,-15887.216388888888
4.593912755000019,-437963.1647222222
4.595191052000018,-15751.180833333334
4.595940006999967,-372718.8625
4.597458320999976,-15615.145277777778
4.598225392000018,-298154.2402777778
4.599206348999928,-15479.180833333334
4.6000464499999225,-228249.2447222222
4.6013645859999315,-15343.35861111111
4.601594580999972,-163004.8713888889
4.603165639999929,-15207.67861111111
4.603551369000002,-93100.44472222222
4.6058338349999985,-15072.283055555556
4.606298657000025,106.45305555555555
4.607524192000028,-14937.243055555555
4.6079520299999785,60690.91527777778
4.6091674519999515,-14802.558611111112
4.609907850000013,121274.31083333334
4.611536849000004,-14668.371944444445
4.612159175999977,200500.26638888888
4.613228567999954,-14534.683055555555
4.61366223899995,261083.66194444444
4.615706344999921,-14401.634166666667
4.616181166999922,344970.0263888889
4.617960439999933,-14269.225277777778
4.6184295499999735,424194.8441666667
4.619634018999932,-14137.59861111111
4.619999564999944,484778.6663888889
4.621259870000017,-14006.754166666668
4.62174457499998,540703.0752777777
4.623406264999971,-13876.834166666667
4.623833926999964,-582437.4758333333
4.625477255999954,-13747.909722222223
4.625902810999946,-512532.90694444446
4.627267143999916,-13619.980833333333
4.627713061000009,-447288.3202777778
4.629330185999947,-13493.118611111111
4.63011105399994,-372723.3425
4.631147673999976,-13367.465277777777
4.631538397999975,-312139.3069444444
4.63313600999993,-13243.020833333334
4.633536351999965,-246894.9336111111
4.63514226999996,-13119.85638888889
4.63559506699994,-176988.44472222222
4.6370339320000085,-12998.114166666666
4.63755546099992,-111744.92472222222
4.638954420000005,-12877.865277777777
4.639325862999954,-46500.26694444445
4.641487160999986,-12759.038611111111
4.642138554999974,42045.65305555556
4.643054562999964,-12641.91861111111
4.644456691999949,121271.32416666667
4.644869127999982,-12526.363055555556
4.645804429000009,172535.89305555556
4.646505777000016,-12412.585277777778
4.647502242999963,223799.4663888889
4.648546592999992,-12300.514166666666
4.6489729549999765,279722.9508333333
4.650805925999975,-12190.434166666666
4.651176772999975,354288.7108333333
4.652950111999985,-12082.203055555556
4.653311205000023,428855.0397222222
4.654934720000028,-11976.034166666666
4.655392952999932,498760.3197222222
4.656600632999925,-11871.714166666667
4.656973257999994,559344.8530555556
4.658577343999923,-11769.314166666667
4.659007850999956,-568456.5336111111
4.660534765999955,-11668.763055555555
4.6609634029999825,-498551.2536111111
4.662797257999955,-11569.8475
4.66317526499995,-419325.79583333334
4.664478987999928,-11472.638611111111
4.665002611999967,-358740.6936111111
4.666208962999917,-11376.994166666667
4.666621462999956,-298157.22694444447
4.668897422999976,-11282.914166666667
4.669176257999993,-214270.1513888889
4.671058087000006,-11190.256388888889
4.671481516999961,-135044.6225
4.673113068000021,-11098.949722222222
4.673525297999959,-60479.64472222222
4.6757334899999705,-11008.994166666667
4.676349318999996,32727.60861111111
4.677404640999953,-10920.2475
4.6778268659999185,88652.0175
4.679376866999974,-10832.638611111111
4.679807954000012,158556.58638888889
4.6814720889999535,-10746.238611111112
4.68189831899997,233122.4175
4.6833942329999445,-10660.834166666667
4.68381938899995,298367.43083333335
4.685386109999968,-10576.709722222222
4.685756234999985,368273.1375
4.687371981999945,-10493.794166666667
4.687796847999948,438178.06194444443
4.689473685999928,-10412.158611111112
4.689904748000004,512743.6086111111
4.69126715099992,-10331.945277777777
4.6916818590000275,573327.1463888889
4.6940122019999535,-10253.225277777778
4.6944894639999575,-521851.8047222222
4.696045224999921,-10175.99861111111
4.696529247999933,-451946.66694444447
4.698304398999994,-10100.4075
4.699115144999951,-368060.65805555554
4.700000577999958,-10026.451944444445
4.7006063339999855,-312136.7469444444
4.702017482999963,-9954.274166666666
4.70238236900002,-242232.60472222223
4.704201559000012,-9883.874166666666
4.704811989999939,-163007.21805555557
4.705959851999978,-9815.394166666667
4.706559066999944,-102422.75583333333
4.708177707000004,-9748.834166666667
4.708556123999983,-27857.4225
4.710098642999924,-9684.265277777778
4.710732101999952,42047.57305555556
4.711772075999988,-9621.829722222223
4.71217862200001,97971.41305555556
4.71388117999993,-9561.59861111111
4.714253773999985,167876.9063888889
4.715601106000008,-9503.500833333334
4.716033859999925,228462.15083333335
4.71763341999997,-9447.749722222223
4.718035966999992,298366.71972222225
4.719502965999936,-9394.416388888889
4.719933831999924,363611.1641666667
4.721505186999934,-9343.429722222223
4.721927740999945,433516.3019444444
4.7235025009999845,-9295.074166666667
4.723928344000001,503421.79527777777
4.725502378999977,-9249.136388888888
4.72593357300002,573326.2219444445
4.727328649000015,-9205.829722222223
4.727833286999953,-554474.9513888889
4.729361122,-9164.869722222222
4.729788050000025,-484570.31138888886
4.731200933999958,-9126.256388888889
4.731587398999977,-419326.0802777778
4.733412713999996,-9089.989722222223
4.733915779999961,-344760.7469444444
4.735214206000023,-9055.9275
4.736120798000002,-270195.76916666667
4.737411543999997,-9023.99861111111
4.738134046000027,-209610.80916666667
4.739316394999946,-8994.131944444445
4.739740739000013,-139705.6002777778
4.741548185999932,-8966.256388888889
4.741982808999978,-60480.711388888885
4.743502987999932,-8940.371944444445
4.743935354999962,4764.515277777778
4.745435455000006,-8916.336388888889
4.74587773799999,74670.22194444445
4.747905385999957,-8894.149722222222
4.748357573000021,153895.6797222222
4.7492865379999785,-8873.59861111111
4.7499224680000225,205159.11083333334
4.752220927999929,-8854.754166666668
4.752622246999977,307686.2575
4.755032050999944,-8837.545277777777
4.75547149099998,400892.5152777778
4.75707412600002,-8821.829722222223
4.757679838999934,475459.4841666667
4.759056664000013,-8807.53638888889
4.759491220999962,545363.1286111111
4.761199495000028,-8794.594166666666
4.761783915000024,-577777.9202777778
4.762930094000012,-8783.003055555555
4.76353440999992,-517193.45805555553
4.764481903999922,-8772.620833333332
4.7649870359999795,-465930.2402777778
4.766563355000017,-8763.4475
4.766984123999919,-391365.1202777778
4.768487645999926,-8755.340833333334
4.76891612899999,-326119.8225
4.770480736999957,-8748.300833333333
4.7709009970000125,-260876.01805555556
4.772384918999933,-8742.185277777779
4.772756953999988,-195631.78694444444
4.774486520999972,-8736.994166666667
4.774916695999991,-121064.96027777778
4.7764758260000235,-8732.585277777778
4.776916839000023,-55820.089166666665
4.77848828499998,-8728.958611111111
4.778898228999992,14084.408611111112
4.780473514999926,-8725.971944444444
4.780907011999943,83989.75972222222
4.7840735930000164,-8723.625277777777
4.784652553000001,209819.3063888889
4.786135134999995,-8721.77638888889
4.786587074999943,279724.0886111111
4.788059172999965,-8720.496388888889
4.788510192999979,344968.46194444445
4.790054890999954,-8719.500833333334
4.790455468000005,414873.3152777778
4.792115964000004,-8718.860833333334
4.792516638999928,480118.39972222224
4.7940350520000266,-8718.505277777778
4.794641685999977,550023.0397222223
4.795839612999998,-8718.363055555556
4.796225106999941,-582439.0402777778
4.7975359189999836,-8718.291944444445
4.797931215999938,-521854.50694444444
4.799503108999943,-8718.291944444445
4.799931378999986,-456609.20916666667
4.801468731999989,-8718.291944444445
4.801902788999996,-391364.97805555555
4.803622915000005,-8718.149722222222
4.804038550999962,-316799.5025
4.805576868000003,-8717.865277777777
4.806005110000001,-246893.72472222222
4.807890898999972,-8717.3675
4.808255600999928,-172328.60472222223
4.809591827999952,-8716.585277777778
4.810022925999988,-111744.1425
4.811570039000003,-8715.37638888889
4.811998587999938,-41839.075833333336
4.8140215009999565,-8713.740833333333
4.814459919000001,46706.84416666667
4.81576106,-8711.6075
4.817015354999967,-8708.905277777778
4.818711484000005,-8705.563055555556
4.820005705999961,-8701.43861111111
4.821917514000006,-8696.603055555555
4.824129361000018,-8690.843055555555
4.824185623999938,107292.08861111112
4.824652038999943,386911.1463888889
4.825841645999958,-8684.158611111112
4.826207668999928,447495.4663888889
4.827546462999976,-8676.549722222222
4.82797325699994,508079.9286111111
4.829625780000015,-8667.803055555556
4.830179238000028,577984.9241666667
4.831580856999949,-8657.91861111111
4.832013704000019,-549816.6758333333
4.833462286999975,-8646.825277777778
4.835063579000007,-8634.451944444445
4.835071281999944,-475251.6980555556
4.835881277999988,-414667.0936111111
4.836899632999916,-8620.7275
4.837512955999955,-363402.80916666664
4.838987705000022,-8605.794166666667
4.8396875720000025,-298157.29805555556
4.841173523999942,-8589.651944444444
4.841638068999941,-223592.96027777778
4.84298637400002,-8572.300833333333
4.843567259999986,-158348.72916666666
4.845055677000005,-8553.954166666666
4.845489466000004,-88442.95138888889
4.847152353999945,-8534.611944444445
4.847762109999962,-13877.97361111111
4.849018492000027,-8514.345277777778
4.849596646000009,51366.47083333333
4.851101310999979,-8493.225277777778
4.851836472999935,121271.89305555556
4.852585551999937,-8471.323055555555
4.853020913000023,172535.6797222222
4.854475268999977,-8448.709722222222
4.85490310199998,233119.43083333335
4.856251767000003,-8425.45638888889
4.856745068000009,298364.15972222225
4.858337146999929,-8401.634166666667
4.859090114999958,368268.5863888889
4.860144559999981,-8377.314166666667
4.860526418999939,428852.6930555556
4.863099697999928,-8352.5675
4.863671494999949,531380.4797222222
4.865080649999982,-8327.394166666667
4.865542080999944,591964.6575
4.867918562,-8302.0075
4.868256630000019,-503214.2225
4.869958624999981,-8276.4075
4.870429358000024,-433308.4447222222
4.871665355000005,-8250.594166666666
4.872056612999927,-377384.7469444444
4.873977292999939,-8224.709722222222
4.874549215999991,-298159.2891666667
4.875869974000011,-8198.825277777778
4.876224440999977,-232914.20472222223
4.8790988779999225,-8173.011944444444
4.879724161000013,-121067.09361111111
4.88202464099993,-8147.340833333334
4.882475819999968,-23198.506944444445
4.88413493500002,-8121.883055555556
4.88453377299993,46705.7775
4.886122195999974,-8096.6386111111115
4.886553362999962,116610.3463888889
4.8881215509999265,-8071.749722222222
4.888508664000028,181854.79083333333
4.890383703999987,-8047.2875
4.890770612999972,261080.60416666666
4.892000269999926,-8023.323055555556
4.892597581000018,312345.5286111111
4.894368721999967,-7999.856388888889
4.894811655000012,396230.7552777778
4.896098575999986,-7977.0297222222225
4.8967431099999885,452154.2397222222
4.898155802000019,-7954.9141666666665
4.89873632299998,517400.24861111114
4.900181302999954,-7933.509722222222
4.900796887999945,591966.2219444445
4.901812548999942,-7912.958611111111
4.902447833999986,-545156.4091666667
4.90366613599997,-7893.331944444444
4.904054792000011,-484572.2313888889
4.9059355260000075,-7874.629722222222
4.906404123000016,-405346.20472222223
4.90801805000001,-7856.994166666666
4.908317606999958,-344761.60027777776
4.910036636999962,-7840.496388888889
4.910645411000019,-270196.19583333336
4.911979402999918,-7825.136388888889
4.912489913999934,-195630.64916666667
4.915071413999954,-7811.056388888889
4.9154019279999375,-97763.91138888888
4.916397758000016,-7798.256388888889
4.916848970999922,-41839.786944444444
4.918234218999942,-7786.7363888888885
4.918625732999999,18744.675277777777
4.92058297199992,-7776.496388888889
4.921199227999978,93309.65305555555
4.922306640999977,-7767.394166666667
4.9227400969999735,158554.6663888889
4.92422494799996,-7759.429722222222
4.924622612999997,223799.6797222222
4.926324136999938,-7752.389722222222
4.926819584999976,293703.6086111111
4.928300717999946,-7746.416388888889
4.928650958999924,358948.9775
4.930455852000023,-7741.225277777778
4.9307802590000165,428853.90194444446
4.932370080999931,-7736.958611111111
4.9327957579999975,498759.6086111111
4.934205818999999,-7733.331944444444
4.934635083999979,564004.4086111111
4.936372209999945,-7730.416388888889
4.936781635999978,-559137.4225
4.938463349000017,-7728.140833333333
4.938890047999962,-484572.3025
4.940358479999986,-7726.363055555556
4.940779942999939,-419327.2891666667
4.94236398299995,-7725.011944444444
4.942796069999986,-354084.19583333336
4.944193503999941,-7724.0875
4.94461687799992,-288838.40027777775
4.946324839999988,-7723.518611111111
4.9467574259999765,-218933.76027777776
4.94824598799994,-7723.163055555556
4.948650756999996,-153689.2447222222
4.950224504999937,-7723.020833333333
4.951090454999985,-88444.9425
4.95277635299999,-7722.949722222223
4.952846839000017,-13879.111388888889
4.95433751600001,-7722.949722222223
4.954808080000021,46705.27972222222
4.956449033000013,-7722.949722222223
4.956713520999983,121271.11083333334
4.958412391000024,-7722.949722222223
4.958605370999976,181855.07527777777
4.960510246000013,-7722.949722222223
4.960797184999933,256420.12416666668
4.962324878999993,-7722.949722222223
4.962686285000018,317004.94194444444
4.964521752999985,-7722.949722222223
4.964801405999992,391571.0575
4.967217760999915,-7722.949722222223
4.967706822999958,484777.10194444447
4.96885544700001,-7722.949722222223
4.969222628000011,540701.7952777778
4.971069187000012,-7722.949722222223
4.971646656999951,-573118.7913888888
4.973187562000021,-7722.949722222223
4.973898459999987,-498554.2402777778
4.975411745999963,-7722.949722222223
4.975456925999993,-442629.5469444444
4.977220399999965,-7722.949722222223
4.977649120000024,-372724.6225
4.979687953999928,-7722.949722222223
4.980593773999999,-288839.04027777776
4.981193361999999,-7722.949722222223
4.981645733999926,-232914.7736111111
4.983520401999954,-7722.949722222223
4.9840760539999565,-153689.1025
4.985477488000015,-7722.949722222223
4.985644877000027,-97765.12027777778
4.987310798999943,-7722.949722222223
4.98764568699994,-27859.484722222223
4.989984738999965,-7722.949722222223
4.990764635000005,65346.48861111111
4.991652005999981,-7722.949722222223
4.992105486000014,121270.2575
4.993476914999974,-7722.949722222223
4.993992304000017,181855.9286111111
4.995195775999946,-7722.949722222223
4.995586092999929,242440.2486111111
4.997492231000024,-7722.949722222223
4.998125439999967,321665.56416666665
4.999332570999968,-7722.949722222223
4.999783707999995,382250.38194444444
5.001354284999934,-7722.949722222223
5.001796924000018,452155.66194444447
5.003169292999928,-7722.949722222223
5.003603505000001,517399.6086111111
5.005235720999963,-7722.949722222223
5.005778577000001,582645.1197222222
5.006919198999981,-7722.949722222223
5.007485067999937,-549816.3913888889
5.008877804000008,-7722.949722222223
5.009235228999955,-484572.3025
5.010541319000026,-7722.949722222223
5.010970792999956,-428649.0313888889
5.012300556000014,-7722.949722222223
5.012772757999983,-368064.9247222222
5.0142232910000075,-7722.949722222223
5.014663601999928,-302819.9113888889
5.016163951999943,-7722.949722222223
5.0167686349999485,-237574.6136111111
5.0180117789999485,-7722.949722222223
5.018369452999991,-176990.2225
5.020007126999985,-7722.949722222223
5.020584668999959,-111746.34694444445
5.021986898000023,-7722.949722222223
5.022505438999929,-41841.35138888889
5.02352908499995,-7722.949722222223
5.024026898999978,14083.981944444444
5.02558210199993,-7722.949722222223
5.026000495999938,83989.19083333333
5.0277880819999154,-7722.949722222223
5.028173810999988,158554.0975
5.0298921300000075,-7722.949722222223
5.03025586199999,228459.9463888889
5.031578250999928,-7722.949722222223
5.03201856599992,284383.64416666667
5.033591119999983,-7722.949722222223
5.034010240999919,354288.4263888889
5.035547053999949,-7722.949722222223
5.035972905999984,424194.06194444443
5.037268754000024,-7722.949722222223
5.037744051000004,480117.0486111111
5.039177649999942,-7722.949722222223
5.039780055999927,545361.9197222223
5.040946222999992,-7722.949722222223
5.041505065000024,-587099.4491666667
5.04255952099993,-7722.949722222223
5.0430779609999945,-531175.1825
5.044406370999923,-7722.949722222223
5.045000055999935,-465931.0225
5.04615370199997,-7722.949722222223
5.046547810999982,-410007.1113888889
5.048355681999965,-7722.949722222223
5.04877391399998,-335440.7113888889
5.051471363000019,-7722.949722222223
5.052016082000023,-228253.86694444445
5.053992075999986,-7722.949722222223
5.054555744000027,-144367.07583333334
5.05673354299995,-7722.949722222223
5.057279495999978,-46499.62694444445
5.0585898799999995,-7722.949722222223
5.059028874999967,14085.119722222222
5.061283138000022,-7722.949722222223
5.061671235999938,111951.99972222222
5.063144457000021,-7722.949722222223
5.063547206999942,172536.0352777778
5.065217677999954,-7722.949722222223
5.0656052059999865,242441.67083333334
5.067157043999941,-7722.949722222223
5.067550652000023,312345.9552777778
5.071062431999962,-7722.949722222223
5.071723105999922,442835.2708333333
5.0751720129999285,-7722.949722222223
5.075815239999997,582644.6219444445
5.077229351000028,-7722.949722222223
5.0777298900000005,-540496.6402777778
5.079021115999922,-7722.949722222223
5.079377602000022,-475251.84027777775
5.080966219999937,-7722.949722222223
5.081607652999992,-414667.6625
5.08297518400002,-7722.949722222223
5.083535731999973,-344762.31138888886
5.086054013999956,-7722.949722222223
5.086549514000012,-237574.25805555555
5.089392869999983,-7722.949722222223
5.0898184289999335,-121065.17361111111
5.091363774000001,-7722.949722222223
5.091798414999971,-55821.369166666664
5.093156115999932,-7722.949722222223
5.093567705999931,4763.306388888889
5.09498444999997,-7722.949722222223
5.095579578999946,65347.981944444444
5.096992793000027,-7722.949722222223
5.09754830199995,130591.78638888888
5.09897158199999,-7722.949722222223
5.099535424999999,200496.63972222223
5.100964792000013,-7722.949722222223
5.101517246999947,270402.3463888889
5.102952343999959,-7722.949722222223
5.1034297229999765,335646.29305555555
5.104667597999992,-7722.949722222223
5.105056451999985,396230.68416666664
5.106953080999915,-7722.949722222223
5.107426020999924,470796.0886111111
5.108700575999933,-7722.949722222223
5.109076817999949,531379.7686111111
5.110799107999924,-7722.949722222223
5.111188073999983,-591760.9958333333
5.1124027690000275,-7722.949722222223
5.112816761999966,-535837.1558333334
5.114224319999948,-7722.949722222223
5.114622182999938,-475253.5469444444
5.116484335999985,-7722.949722222223
5.116818619000014,-400688.0713888889
5.118467312000007,-7722.949722222223
5.119050529999981,-335442.63138888887
5.120158758999992,-7722.949722222223
5.120906714999933,-270198.11583333334
5.122114757999952,-7722.949722222223
5.12270154700002,-209613.72472222222
5.123972711999954,-7722.949722222223
5.124442283999997,-149029.54694444445
5.12572597999997,-7722.949722222223
5.126176326999939,-88445.15583333334
5.12721151300002,-7722.949722222223
5.127700204000007,-37181.65361111111
5.129350672999976,-7722.949722222223
5.129677712999978,28062.293055555554
5.1312271119999195,-7722.949722222223
5.131646080999985,97968.63972222223
5.13402994799992,-7722.949722222223
5.134596035999948,186514.4175
5.13640812999995,-7722.949722222223
5.136831609999945,265740.15972222225
5.1382339880000245,-7722.949722222223
5.138679789999969,330983.9641666667
5.140152121000028,-7722.949722222223
5.140575968000007,391568.21305555553
5.1421202440000116,-7722.949722222223
5.142509464,456814.0086111111
5.14418281199994,-7722.949722222223
5.144772450999994,522058.1686111111
5.145884841999987,-7722.949722222223
5.146257048999928,582642.2041666667
5.14763621499992,-7722.949722222223
5.148033337000015,-554479.8580555556
5.149606695999978,-7722.949722222223
5.150034217999973,-484573.93805555557
5.151523064000003,-7722.949722222223
5.151971658999969,-423989.40472222224
5.153527073999953,-7722.949722222223
5.153966546999982,-354084.33805555553
5.155523637999977,-7722.949722222223
5.155953608000004,-288839.1825
5.157522803999996,-7722.949722222223
5.158006339999929,-218934.11583333334
5.160892158000024,-7722.949722222223
5.161254848999988,-107085.79583333334
5.163470029999985,-7722.949722222223
5.163836125999978,-18539.449166666665
5.165227110999922,-7722.949722222223
5.165378314000009,32724.195277777777
5.16702519699993,-7722.949722222223
5.1673815859999195,97969.27972222223
5.169111735000001,-7722.949722222223
5.169541057999936,172534.61305555556
5.171096162000026,-7722.949722222223
5.171727400000009,237779.1286111111
5.172866303999967,-7722.949722222223
5.1732260449999785,298364.0886111111
5.1766185369999675,-7722.949722222223
5.177011332999996,419532.23083333333
5.178465496999934,-7722.949722222223
5.179054002999919,489437.8663888889
5.18100514799994,-7722.949722222223
5.1814283609999165,573324.2308333333
5.182735071000025,-7722.949722222223
5.183083258000011,-559136.6402777778
5.184600902999932,-7722.949722222223
5.185067128000014,-498552.17805555556
5.186581579999938,-7722.949722222223
5.18715152499999,-428647.75138888886
5.188201005999986,-7722.949722222223
5.188630945,-368063.5025
5.190370241999972,-7722.949722222223
5.190801039999997,-298157.5825
5.192191714999922,-7722.949722222223
5.1925841659999605,-232914.27583333335
5.194227944999966,-7722.949722222223
5.194650272999979,-163007.92916666667
5.196209525999961,-7722.949722222223
5.196816802999933,-93103.21805555555
5.198399000999984,-7722.949722222223
5.199138844000004,-18537.955833333333
5.200209742999959,-7722.949722222223
5.200830807999978,42046.00861111111
5.201850004999983,-7722.949722222223
5.202265097000009,97969.63527777778
5.203415973999995,-7722.949722222223
5.2037783279999985,149233.1375
5.205502156999955,-7722.949722222223
5.205929270999945,219138.5597222222
5.207498505999979,-7722.949722222223
5.207924014000014,289043.9819444445
5.209488116999978,-7722.949722222223
5.209912176999978,354288.7108333333
5.21161233700002,-7722.949722222223
5.211996042999999,424193.9197222222
5.213432635999993,-7722.949722222223
5.2139686040000015,494099.83972222224
5.215477711999938,-7722.949722222223
5.21574960800001,559344.3552777778
5.217220580999992,-7722.949722222223
5.21761638199996,-573118.4358333333
5.219205855999917,-7722.949722222223
5.219813669000018,-503212.8713888889
5.2209941180000214,-7722.949722222223
5.221554216999948,-442628.1247222222
5.223009764999915,-7722.949722222223
5.223483070999919,-372723.9825
5.224694662999923,-7722.949722222223
5.225207028,-312139.3780555556
5.226419946999954,-7722.949722222223
5.22698960799994,-251554.84472222222
5.228194766000001,-7722.949722222223
5.228614255000025,-195630.8625
5.23019290000002,-7722.949722222223
5.230620997999949,-125726.08027777777
5.232250979000014,-7722.949722222223
5.232603084999937,-55821.08472222222
5.234131942999966,-7722.949722222223
5.234551407000026,9422.861944444445
5.236072590999925,-7722.949722222223
5.236679807999963,74668.23083333333
5.238097945999925,-7722.949722222223
5.238553918999969,144572.79972222223
5.2402457749999485,-7722.949722222223
5.240715724999973,214477.2975
5.242098554999984,-7722.949722222223
5.24250727499998,275062.0441666667
5.24401697199994,-7722.949722222223
5.244371321000017,340307.5552777778
5.24594868600002,-7722.949722222223
5.24652438499993,410211.9108333333
5.248007334000022,-7722.949722222223
5.2483620109999265,475456.4975
5.250087301999997,-7722.949722222223
5.250519164000025,545361.5641666667
5.251512695999963,-7722.949722222223
5.252162740000017,-591760.2847222222
5.253465778999953,-7722.949722222223
5.253894688999935,-531177.1736111111
5.255464881999956,-7722.949722222223
5.255900293999957,-461270.6847222222
5.2574694139999565,-7722.949722222223
5.2578943409999965,-396027.1647222222
5.259463406999998,-7722.949722222223
5.259887112000001,-326121.8847222222
5.261474564999958,-7722.949722222223
5.261891236999986,-260877.15583333332
5.2636260470000025,-7722.949722222223
5.264038129000028,-195632.85361111112
5.265487056999973,-7722.949722222223
5.265888273999963,-130388.6225
5.2669669900000144,-7722.949722222223
5.267585954999959,-69802.95138888889
5.268988589999935,-7722.949722222223
5.269528342999934,-9219.698055555555
5.270662209999955,-7722.949722222223
5.271170347999941,51364.12416666667
5.27304707899998,-7722.949722222223
5.273605362000012,130591.00416666667
5.275235128999952,-7722.949722222223
5.275492783999994,195836.0175
5.277133643999946,-7722.949722222223
5.277509903000009,261080.39083333334
5.279091051000023,-7722.949722222223
5.279688534000002,330985.3863888889
5.281134910999981,-7722.949722222223
5.281551346000015,400891.3063888889
5.283025110999915,-7722.949722222223
5.283459546000017,466135.8930555555
5.284882528000026,-7722.949722222223
5.285253771999919,531380.4086111111
5.286572507999949,-7722.949722222223
5.287004679000006,587304.8175
5.288879251000026,-7722.949722222223
5.289254421999999,-531177.0313888888
5.290571580000005,-7722.949722222223
5.291001282000025,-475252.48027777777
5.292562395999994,-7722.949722222223
5.292987601999926,-405347.2713888889
5.294588275000024,-7722.949722222223
5.295015777000003,-340102.89805555553
5.296559585999944,-7722.949722222223
5.296979790000023,-270197.9025
5.298863596999922,-7722.949722222223
5.299225540999942,-195631.57361111112
5.300555603000021,-7722.949722222223
5.301000154000008,-135048.5336111111
5.302555003999942,-7722.949722222223
5.303072843999985,-69802.80916666667
5.304625238999961,-7722.949722222223
5.305004933999953,4762.8086111111115
5.306163955999978,-7722.949722222223
5.306596016999947,56026.453055555554
5.308154930000001,-7722.949722222223
5.308762472000012,121271.67972222222
5.3098776539999335,-7722.949722222223
5.310379098999988,181856.14194444445
5.311552006999932,-7722.949722222223
5.311987640999973,237780.1952777778
5.313272461999986,-7722.949722222223
5.31375372499997,298363.80416666664
5.315591396999935,-7722.949722222223
5.316224633999923,372930.27527777775
5.317179142999976,-7722.949722222223
5.3177293989999725,428853.1197222222
5.319129561999944,-7722.949722222223
5.319563133999964,498758.68416666664
5.321051712999974,-7722.949722222223
5.321540882000022,564003.4130555555
5.322937503999924,-7722.949722222223
5.3234192659999735,-568458.7380555555
5.32466913899998,-7722.949722222223
5.325067786999966,-507875.05805555556
5.32697090399995,-7722.949722222223
5.327440119000016,-433309.6536111111
5.329157056999975,-7722.949722222223
5.329537846999983,-363404.37361111114
5.3309386449999465,-7722.949722222223
5.331553301999975,-293499.1647222222
5.333154852000007,-7722.949722222223
5.333486160000007,-228254.50694444444
5.334967908999943,-7722.949722222223
5.335515739000016,-163010.34694444443
5.337009259999945,-7722.949722222223
5.33757647099992,-88444.3025
5.339011239999991,-7722.949722222223
5.339559283999961,-23198.435833333333
5.340704619000007,-7722.949722222223
5.341073817999927,32724.835277777776
5.342769181999984,-7722.949722222223
5.343173966999984,97969.27972222223
5.344481599000005,-7722.949722222223
5.344979329000012,163214.29305555555
5.346592975000021,-7722.949722222223
5.347012000999939,228459.51972222223
5.348189741999931,-7722.949722222223
5.348854381000024,284382.6486111111
5.350500133999958,-7722.949722222223
5.350932224999951,368268.94194444444
5.352158839000026,-7722.949722222223
5.352910135000002,424192.9241666667
5.354133225999931,-7722.949722222223
5.3545340389999865,489437.15527777775
5.356205698999929,-7722.949722222223
5.356520584999998,559342.4352777777
5.3578892939999605,-7722.949722222223
5.358248451999998,-577780.1958333333
5.360126072999947,-7722.949722222223
5.360497875999954,-507875.4136111111
5.3619428879999305,-7722.949722222223
5.36243970999999,-442629.9736111111
5.363905073999945,-7722.949722222223
5.364294629000028,-377386.1691666667
5.365555804999985,-7722.949722222223
5.365983987999925,-321462.4713888889
5.367514124999957,-7722.949722222223
5.367962278999926,-251556.83583333335
5.36962121199997,-7722.949722222223
5.370115447999979,-186311.46694444446
5.371930390999978,-7722.949722222223
5.372381774000019,-111746.41805555555
5.373627785999929,-7722.949722222223
5.374056639999935,-51162.31138888889
5.376189537999949,-7722.949722222223
5.376471994999974,28063.92861111111
5.3776379569999335,-7722.949722222223
5.378068708000001,83987.98194444444
5.379365473000007,-7722.949722222223
5.379814609999926,144571.73305555555
5.3820211249999375,-7722.949722222223
5.3825740070000165,237779.48416666666
5.384174884999993,-7722.949722222223
5.384602271999938,307683.83972222224
5.38624713899992,-7722.949722222223
5.386872776000018,372928.2841666667
5.388002074999918,-7722.949722222223
5.388352784999938,433512.3908333333
5.3897483370000145,-7722.949722222223
5.390196823999986,489436.37305555557
5.392772553999976,-7722.949722222223
5.393307714999992,-596421.4047222222
5.395078244999922,-7722.949722222223
5.395386332999919,-526517.1202777778
5.396468168999945,-7722.949722222223
5.3971991639999715,-470593.49361111113
5.3983911709999575,-7722.949722222223
5.398819830999969,-410008.17805555556
5.400188187000026,-7722.949722222223
5.400817914999948,-344763.6625
5.402223381999988,-7722.949722222223
5.402585498999997,-284179.2713888889
5.404298456999982,-7722.949722222223
5.40475664600001,-209614.00916666666
5.406349202999991,-7722.949722222223
5.406776951999973,-139708.65805555554
5.408181016999947,-7722.949722222223
5.408609808999927,-74463.71583333334
5.410073410999985,-7722.949722222223
5.410507637000023,-13878.898055555555
5.412419025999952,-7722.949722222223
5.413087021000024,65346.34638888889
5.414337308999961,-7722.949722222223
5.41465942100001,125930.52416666667
5.416424792999919,-7722.949722222223
5.416641008999932,195835.87527777778
5.418345103999968,-7722.949722222223
5.41875822399993,261080.95972222224
5.420261890999996,-7722.949722222223
5.4210739049999574,326324.9063888889
5.422118159999968,-7722.949722222223
5.422400891999928,386909.0130555556
5.42381912999997,-7722.949722222223
5.424445918999936,452154.80861111113
5.4261234049999985,-7722.949722222223
5.426653999999985,517399.6086111111
5.428015313999936,-7722.949722222223
5.428381765999916,582643.2708333334
5.4296028469999555,-7722.949722222223
5.430024848000016,-549818.3825
5.431566137999994,-7722.949722222223
5.43192735599996,-479913.31583333336
5.433248760999959,-7722.949722222223
5.43362072299999,-428648.9602777778
5.435371952999958,-7722.949722222223
5.435796859999982,-354083.84027777775
5.437188185999958,-7722.949722222223
5.437583397000026,-293499.0936111111
5.439374784999927,-7722.949722222223
5.4398022159999755,-218934.25805555555
5.441178504999925,-7722.949722222223
5.441844242000002,-158349.36916666667
5.442694323999945,-7722.949722222223
5.4431683289999455,-107086.64916666667
5.444645424999976,-7722.949722222223
5.445080572999927,-37180.87138888889
5.446830385999988,-7722.949722222223
5.44702409599995,23403.3775
5.448863776999929,-7722.949722222223
5.449622126000008,102629.04861111111
5.4505926059999865,-7722.949722222223
5.451002924000022,158552.0352777778
5.452214829000013,-7722.949722222223
5.452970499999992,214476.23083333333
5.454226965999965,-7722.949722222223
5.454652247000013,279721.67083333334
5.456203533999997,-7722.949722222223
5.456814711999982,344966.2575
5.457660035999993,-7722.949722222223
5.4586086539999314,400890.6663888889
5.45963235399995,-7722.949722222223
5.460169256999961,461474.77305555553
5.46112343499999,-7722.949722222223
5.4615898719999905,512738.06194444443
5.463202581000019,-7722.949722222223
5.463596046000021,582643.8397222222
5.4651982169999656,-7722.949722222223
5.465808829000025,-545157.4047222222
5.466967936999936,-7722.949722222223
5.467543116000002,-484574.00916666666
5.469001628000001,-7722.949722222223
5.469356384999969,-414668.4447222222
5.471020959999919,-7722.949722222223
5.471402470999919,-349422.64916666667
5.473009833999981,-7722.949722222223
5.473590849999937,-279517.6536111111
5.474990584000011,-7722.949722222223
5.4755023860000165,-214273.4936111111
5.476989336999964,-7722.949722222223
5.4774559659999795,-144367.71583333332
5.47909576099994,-7722.949722222223
5.4794915449999735,-79123.20027777778
5.481455753999967,-7722.949722222223
5.481908970999939,9423.2175
5.483176264999997,-7722.949722222223
5.483613557000012,65347.341944444444
5.485174454999992,-7722.949722222223
5.485609206999925,135251.98194444444
5.489048777999983,-7722.949722222223
5.489614009999968,265741.79527777777
5.49098909199995,-7722.949722222223
5.491469825999957,330986.38194444444
5.492615955000019,-7722.949722222223
5.493087500999991,386910.22194444446
5.495165906000011,-7722.949722222223
5.4955817329999945,475457.8486111111
5.497105253999962,-7722.949722222223
5.497747507999975,545362.7730555555
5.499180926000008,-7722.949722222223
5.499569350000002,-582439.4669444445
5.501072824999937,-7722.949722222223
5.501714707000019,-512533.5469444444
5.5031165109999165,-7722.949722222223
5.503541242999972,-442628.33805555553
5.505189847999986,-7722.949722222223
5.505558382999993,-377384.3202777778
5.507383468999933,-7722.949722222223
5.507811243999981,-298157.4402777778
5.509574232999967,-7722.949722222223
5.510008884999934,-223592.67583333334
5.511581203999981,-7722.949722222223
5.512004350999973,-158348.51583333334
5.513535945999934,-7722.949722222223
5.5139656489999425,-88443.6625
5.515189772999975,-7722.949722222223
5.51593715599995,-27859.41361111111
5.517376237999997,-7722.949722222223
5.518094299999916,37386.453055555554
5.520341590999919,-7722.949722222223
5.520731012999931,135252.47972222223
5.522195607999947,-7722.949722222223
5.522655320000013,205157.04861111112
5.524297465000018,-7722.949722222223
5.524706403999971,275063.11083333334
5.526170569999977,-7722.949722222223
5.526679209000008,340307.9108333333
5.528385772999968,-7722.949722222223
5.528888497000025,414873.0308333333
5.530476595999971,-7722.949722222223
5.531012902999919,484778.59527777776
5.532589084999927,-7722.949722222223
5.53287125199995,554683.6619444444
5.536065056999973,-7722.949722222223
5.536354706999987,-517194.09805555554
5.538649387999953,-7722.949722222223
5.539239893999934,-428648.5336111111
5.540252581999994,-7722.949722222223
5.540785357000004,-372724.5513888889
5.542369975999918,-7722.949722222223
5.54324085799999,-298158.50694444444
5.544134681999935,-7722.949722222223
5.544531139000014,-237574.32916666666
5.546138772999939,-7722.949722222223
5.546578339999996,-167669.9025
5.548132221999936,-7722.949722222223
5.548531293999986,-102424.60472222223
5.550130492999983,-7722.949722222223
5.550533677999965,-32518.755833333333
5.5521463520000225,-7722.949722222223
5.552542269000014,37384.67527777778
5.554137802000014,-7722.949722222223
5.554751044,102629.75972222222
5.555787552999959,-7722.949722222223
5.556168958999933,158554.52416666667
5.557545448999917,-7722.949722222223
5.55796601499992,219139.0575
5.5597768619999215,-7722.949722222223
5.560172405000003,298364.87083333335
5.561535097999922,-7722.949722222223
5.561962828999981,354289.06638888887
5.563785290999931,-7722.949722222223
5.564170848999993,433513.81305555557
5.565536725000015,-7722.949722222223
5.565962335999984,494099.1286111111
5.567892006999955,-7722.949722222223
5.568254158999935,573323.1641666667
5.569614944000023,-7722.949722222223
5.569979024999952,-559138.0625
5.571248024999932,-7722.949722222223
5.571726700999989,-507874.84472222225
5.573379906000014,-7722.949722222223
5.573984294999946,-433309.22694444447
5.575107435999939,-7722.949722222223
5.575710307999998,-377386.09805555554
5.576997093999921,-7722.949722222223
5.5774683869999535,-312141.79583333334
5.578934970999967,-7722.949722222223
5.5794055179999305,-251557.2625
5.58066118499994,-7722.949722222223
5.58105409999996,-190972.65805555554
5.582934315999978,-7722.949722222223
5.583402469000021,-116407.04027777778
5.584659912999996,-7722.949722222223
5.585022103000028,-55823.21805555555
5.586529337000002,-7722.949722222223
5.586948006999933,4761.315277777778
5.588796542999944,-7722.949722222223
5.589176533999989,79327.43083333333
5.59051766999994,-7722.949722222223
5.590938119999919,139911.96416666667
5.5927624779999405,-7722.949722222223
5.593165933000023,214477.01305555555
5.594518592999975,-7722.949722222223
5.594942648000028,275061.6175
5.5968262100000175,-7722.949722222223
5.597193685999969,349627.1641666667
5.598875522999947,-7722.949722222223
5.599270529000023,419531.9463888889
5.600626509999984,-7722.949722222223
5.601018582999927,480115.41305555555
5.602252995999947,-7722.949722222223
5.602997074999962,536040.3197222222
5.604466713999955,-7722.949722222223
5.604884540999933,-587101.5825
5.60621270799993,-7722.949722222223
5.606704723000007,-526517.5469444444
5.608351089999928,-7722.949722222223
5.608776507000016,-451951.85805555555
5.610221861000014,-7722.949722222223
5.61060088399995,-391367.75138888886
5.612218058999929,-7722.949722222223
5.6126135819999945,-326123.0225
5.614361324000015,-7722.949722222223
5.614787080999918,-256217.88472222222
5.6161888189999445,-7722.949722222223
5.6165838239999175,-190974.1513888889
5.618091358000015,-7722.949722222223
5.618501827999921,-130389.76027777778
5.6199614710000105,-7722.949722222223
5.620554549999952,-69804.3025
5.6216105309999875,-7722.949722222223
5.621968830000014,-13879.964722222223
5.6231841939999185,-7722.949722222223
5.623676323999916,37383.46638888889
5.625350399000013,-7722.949722222223
5.626007245999972,111948.94194444445
5.626926724999976,-7722.949722222223
5.6275056179999865,163212.37305555557
5.628884620999997,-7722.949722222223
5.629371398999979,228456.8175
5.630621440000027,-7722.949722222223
5.631020362999948,284380.15972222225
5.6322322930000155,-7722.949722222223
5.632984254999997,340305.56416666665
5.634354902999917,-7722.949722222223
5.634777818999964,410209.27972222224
5.636172538999972,-7722.949722222223
5.636594711999919,470794.0975
5.638073577,-7722.949722222223
5.638677994999966,536039.2530555555
5.640905405000012,-7722.949722222223
5.641482736999933,-568461.7247222222
5.642984826999964,-7722.949722222223
5.6435683600000175,-498555.87583333335
5.6458753919999936,-7722.949722222223
5.646297458999925,-400689.70694444445
5.647978825999985,-7722.949722222223
5.648339779000025,-330785.1380555556
5.64991330099997,-7722.949722222223
5.650456762999966,-270199.53805555555
5.652637744000003,-7722.949722222223
5.6530041959999835,-181652.55138888888
5.654107489000012,-7722.949722222223
5.654567562000011,-125728.85361111112
5.656131246999962,-7722.949722222223
5.656511382999952,-60484.053611111114
5.659014762999959,-7722.949722222223
5.659402414999931,32722.98638888889
5.661020463999989,-7722.949722222223
5.6614044169999715,102628.40861111111
5.6630456859999185,-7722.949722222223
5.663491926000006,167873.49305555556
5.666208051000012,-7722.949722222223
5.66657425599999,265740.23083333333
5.668041451000022,-7722.949722222223
5.668599911999991,330985.81305555557
5.6701162279999835,-7722.949722222223
5.670396116000006,396230.3286111111
5.671589606999987,-7722.949722222223
5.6722116369999185,456813.7241666667
5.6736372259999825,-7722.949722222223
5.674041827999986,522059.09305555554
5.675492383000005,-7722.949722222223
5.675914259000024,587304.7463888889
5.677465837999989,-7722.949722222223
5.677891522999971,-540497.8491666666
5.679466986999955,-7722.949722222223
5.679894850999972,-470592.0713888889
5.681386793999991,-7722.949722222223
5.681788982999933,-405346.84472222225
5.6833507759999975,-7722.949722222223
5.683776860999956,-340102.2580555556
5.685174304999919,-7722.949722222223
5.685599865999961,-274855.96472222224
5.687464761000001,-7722.949722222223
5.6880013809999355,-195630.57805555555
5.689469863999989,-7722.949722222223
5.689900816999966,-130385.99138888888
5.691467351000028,-7722.949722222223
5.691899078000006,-60480.64027777778
5.694017834999954,-7722.949722222223
5.6945866349999505,23404.6575
5.69597377599996,-7722.949722222223
5.6965178570000035,93310.86194444445
5.6980123690000255,-7722.949722222223
5.698366504999967,163215.57305555555
5.700034522999999,-7722.949722222223
5.700590207999994,233121.0663888889
5.704052520000005,-7722.949722222223
5.704627889999983,372930.5597222222
5.70648964499992,-7722.949722222223
5.706923454999924,456816.63972222223
5.708962999999926,-7722.949722222223
5.709380106000026,536042.9508333333
5.710516514999995,-7722.949722222223
5.710972412999922,-596419.6980555556
5.713150058999986,-7722.949722222223
5.713763276000009,-507872.9247222222
5.715043616999992,-7722.949722222223
5.715467140999976,-442627.4847222222
5.717041206999966,-7722.949722222223
5.717643975999977,-372722.20472222223
5.719018254999924,-7722.949722222223
5.719374839000011,-307478.11583333334
5.721010718000002,-7722.949722222223
5.721473277999962,-237572.76472222223
5.722812326999929,-7722.949722222223
5.723170370999924,-172327.53805555555
5.724893549999933,-7722.949722222223
5.7252528970000185,-102423.25361111111
5.727014100000019,-7722.949722222223
5.727366847999974,-27857.4225
5.72896415699995,-7722.949722222223
5.729559106000011,37386.80861111111
5.731435876999967,-7722.949722222223
5.731862352999997,125933.2975
5.733534887000019,-7722.949722222223
5.734006092999948,200498.77305555556
5.735710765000022,-7722.949722222223
5.736110149999945,265742.6486111111
5.73787670899992,-7722.949722222223
5.738246991999972,344969.17305555556
5.739567078999926,-7722.949722222223
5.739993610999932,405553.4219444444
5.7419498329999215,-7722.949722222223
5.742572987000017,484777.7419444444
5.743648968999992,-7722.949722222223
5.744081745000017,545362.8441666666
5.745880939000017,-7722.949722222223
5.746251431000019,-573117.4402777777
5.7475728890000255,-7722.949722222223
5.747999649000008,-512533.5469444444
5.750202519000027,-7722.949722222223
5.750653720999935,-423987.2002777778
5.752492200000006,-7722.949722222223
5.752805042999967,-349421.72472222225
5.7543447240000205,-7722.949722222223
5.7545742720000135,-288838.4713888889
5.756491293999943,-7722.949722222223
5.757212541999934,-209611.8047222222
5.758491268999933,-7722.949722222223
5.759078150999926,-135046.75583333333
5.7611403759999575,-7722.949722222223
5.7617259019999665,-46500.83583333333
5.763028997999982,-7722.949722222223
5.763361617999976,14083.839722222223
5.766374394999957,-7722.949722222223
5.76670568499992,121270.82638888889
5.768053833999943,-7722.949722222223
5.768634999000028,186516.55083333334
5.770961895000028,-7722.949722222223
5.771438967999984,284382.3641666667
5.773049044000004,-7722.949722222223
5.7734837319999315,354287.00416666665
5.775155397999924,-7722.949722222223
5.7756130889999895,424193.1375
5.777511205999986,-7722.949722222223
5.777948092999964,508079.0752777778
5.779301295999971,-7722.949722222223
5.779753317999962,564002.9863888889
5.7819774829999915,-7722.949722222223
5.782471777999945,-535836.0180555555
5.784122147999938,-7722.949722222223
5.7845291190000125,-461270.82694444444
5.786128153999925,-7722.949722222223
5.786527787999944,-391365.47583333333
5.788143360999925,-7722.949722222223
5.788522812999986,-326121.2447222222
5.790138781999985,-7722.949722222223
5.790530260999958,-256216.81805555554
5.792138058999967,-7722.949722222223
5.79255299099998,-190971.37805555554
5.79431139999997,-7722.949722222223
5.794663567999919,-121066.31138888889
5.796138595999992,-7722.949722222223
5.796531379999919,-55822.43583333334
5.798128119000012,-7722.949722222223
5.798533255999928,14083.341944444444
5.8001124720000234,-7722.949722222223
5.800503600999946,79328.71083333333
5.802145679999967,-7722.949722222223
5.802528417999952,149232.35527777777
5.804109428999936,-7722.949722222223
5.804696442000022,214477.15527777778
5.806163541999922,-7722.949722222223
5.806585093999956,279722.6663888889
5.808121860000028,-7722.949722222223
5.8085095189999265,349627.3775
5.810471267000025,-7722.949722222223
5.8110490760000175,428853.19083333336
5.812203609999983,-7722.949722222223
5.812613220000003,489437.5108333333
5.814364203999958,-7722.949722222223
5.814795826000022,564002.2752777778
5.816497449999929,-7722.949722222223
5.816928222000001,-559138.2758333334
5.818240515999946,-7722.949722222223
5.81871443,-498555.3069444444
5.820469709999998,-7722.949722222223
5.821003580000024,-428650.02694444446
5.82230223900001,-7722.949722222223
5.8227215489999935,-368066.0625
5.824465234999934,-7722.949722222223
5.825010243999941,-293500.65805555554
5.826393574999997,-7722.949722222223
5.826820239999961,-228256.56916666665
5.828214973999934,-7722.949722222223
5.828606546999936,-167672.39138888888
5.830228031999923,-7722.949722222223
5.830656368999939,-102427.44916666667
5.832394663999935,-7722.949722222223
5.832819980999943,-32522.809166666666
5.834346228999948,-7722.949722222223
5.834771931999967,32721.63527777778
5.8362201080000204,-7722.949722222223
5.836611604999916,97965.79527777778
5.838368262000017,-7722.949722222223
5.838953285000002,167871.43083333335
5.840188222999927,-7722.949722222223
5.840587404999951,228456.53305555554
5.842104425000002,-7722.949722222223
5.842533990999982,289040.78194444446
5.844096730999922,-7722.949722222223
5.8446952680000095,354284.5863888889
5.845743481999989,-7722.949722222223
5.846166231999973,410209.2086111111
5.847515623999925,-7722.949722222223
5.847941710999976,466133.5463888889
5.849562108999976,-7722.949722222223
5.849987688999931,536038.1152777778
5.851456935999977,-7722.949722222223
5.852053256999966,-596424.5336111111
5.853466223999931,-7722.949722222223
5.853894803000003,-531179.5202777778
5.855987013000004,-7722.949722222223
5.856631356999969,-447293.72444444447
5.857916297999964,-7722.949722222223
5.8584788859999435,-386709.1202777778
5.859910850999995,-7722.949722222223
5.8602708779999375,-321464.5336111111
5.862115874999972,-7722.949722222223
5.8625047770000265,-246899.62694444443
5.864021842999932,-7722.949722222223
5.864392090000024,-186314.16916666666
5.865957717000015,-7722.949722222223
5.866368095999974,-125730.56027777778
5.86761946699994,-7722.949722222223
5.86802546499996,-69806.9336111111
5.870459743999959,-7722.949722222223
5.871128159000023,23399.75083333333
5.8721987019999915,-7722.949722222223
5.8726774890000115,83985.42194444445
5.874392642999965,-7722.949722222223
5.874854237000022,153889.63527777776
5.876195407999944,-7722.949722222223
5.876672548999977,214474.0977777778
5.878208358999927,-7722.949722222223
5.878644203000022,279718.8977777778
5.880358290999993,-7722.949722222223
5.880788295000002,349624.46222222224
5.882180971000025,-7722.949722222223
5.882614384000021,410207.8575
5.884087896999972,-7722.949722222223
5.884703547999948,470793.7419444444
5.886163099999976,-7722.949722222223
5.886552305999999,536036.7644444444
5.8881338479999386,-7722.949722222223
5.8887183250000135,-591764.7647222222
5.890112150999926,-7722.949722222223
5.890539549999971,-526519.8222222222
5.892100123999967,-7722.949722222223
5.892513762000021,-461275.8044444444
5.894068549999929,-7722.949722222223
5.894477674999962,-396031.21777777775
5.896114767999961,-7722.949722222223
5.896508369000003,-330785.28
5.898070500000017,-7722.949722222223
5.898471395000001,-265541.47555555555
5.900042355999972,-7722.949722222223
5.90046160199995,-204957.36916666667
5.90205684099999,-7722.949722222223
5.90265895899995,-135051.3777777778
5.9037583250000125,-7722.949722222223
5.904175819999978,-83787.6625
5.905861898000012,-7722.949722222223
5.906222732999936,-13882.666666666666
5.907575066999925,-7722.949722222223
5.907999045999986,42041.74222222222
5.909466058000021,-7722.949722222223
5.910194940999986,102626.63111111111
5.911389137000015,-7722.949722222223
5.911788781999917,167871.21777777778
5.913192695000021,-7722.949722222223
5.9135842050000065,228456.39111111112
5.9153894600000285,-7722.949722222223
5.915803083000014,298361.88444444444
5.917169953999974,-7722.949722222223
5.9180617999999185,358945.3511111111
5.919360961999928,-7722.949722222223
5.919571377000011,428850.7733333333
5.921537612999941,-7722.949722222223
5.921627994999994,494095.85777777777
5.9234309889999395,-7722.949722222223
5.923673663999921,559340.0177777777
5.925563635999993,-7722.949722222223
5.925988011999948,-559141.12
5.927573788000018,-7722.949722222223
5.927893831999995,-493895.4666666667
5.929559071999961,-7722.949722222223
5.929896256999996,-428651.87555555557
5.93146117699996,-7722.949722222223
5.931884242000024,-358746.1688888889
5.933587312999975,-7722.949722222223
5.934164617999954,-293500.3025
5.935864266999943,-7722.949722222223
5.936332536999998,-214275.1288888889
5.9375885439999365,-7722.949722222223
5.938035941999942,-153689.6
5.939807155999915,-7722.949722222223
5.940166184999953,-79124.76444444444
5.941573514999959,-7722.949722222223
5.942000590000021,-18539.733333333334
5.943616905999988,-7722.949722222223
5.944076864999943,42044.30222222222
5.945167797999943,-7722.949722222223
5.945646064000016,102629.83111111111
5.94719416099997,-7722.949722222223
5.947581210999942,167873.49333333335
5.949222910999993,-7722.949722222223
5.949652320999917,237779.48444444445
5.951181088999988,-7722.949722222223
5.951765185999989,303024.0
5.953162069999962,-7722.949722222223
5.953589364999971,372928.99555555556
5.955211174999931,-7722.949722222223
5.955600812999933,438172.65777777776
5.957165263999968,-7722.949722222223
5.9575625530000025,508078.5777777778
5.959354139999959,-7722.949722222223
5.95978017099992,577983.8577777778
5.961222378999992,-7722.949722222223
5.961600524000005,-549817.4577777778
5.963161541999966,-7722.949722222223
5.9635533900000155,-484573.15555555554
5.965205308999998,-7722.949722222223
5.965596485999981,-414667.94666666666
5.967173506999984,-7722.949722222223
5.967593088999934,-349422.6488888889
5.970733171999996,-7722.949722222223
5.971102839999958,-228253.51111111112
5.9725764669999535,-7722.949722222223
5.972988332999989,-163008.78222222222
5.974873828,-7722.949722222223
5.975372811999932,-88442.45333333334
5.976632612000003,-7722.949722222223
5.977009044999932,-23197.226666666666
5.978469544999939,-7722.949722222223
5.978898658999924,37386.80888888889
5.98040679799999,-7722.949722222223
5.9808340999999245,107292.58638888889
5.982458596000015,-7722.949722222223
5.982881756999973,177197.51083333333
5.98436545200002,-7722.949722222223
5.98479910399999,247102.0088888889
5.98639313000001,-7722.949722222223
5.9867877890000045,317007.36
5.988191729999926,-7722.949722222223
5.988754726000025,377591.4663888889
5.990428471999962,-7722.949722222223
5.991005406999989,452157.9377777778
5.992412356999921,-7722.949722222223
5.992671044999952,517402.8797222222
5.994054864999953,-7722.949722222223
5.994485454000028,582647.1822222222
5.9963540269999385,-7722.949722222223
5.996611944999927,-540494.2936111111
5.998147574999962,-7722.949722222223
5.9985396060000085,-470588.3025
6.000138316999937,-7722.949722222223
6.000745803999962,-400683.3777777778
6.002348144999928,-7722.949722222223
6.002775214999929,-326118.0447222222
6.004363190999925,-7722.949722222223
6.00479562999999,-256212.40916666668
6.00645456299992,-7722.949722222223
6.006880358999979,-176986.3113888889
6.008246582999959,-7722.949722222223
6.008733799999959,-111742.2225
6.010465386999954,-7722.949722222223
6.010888201999933,-37175.32472222222
6.012253412999939,-7722.949722222223
6.012739438999915,28068.195277777777
6.014358913000024,-7722.949722222223
6.014880128999948,102633.24416666667
6.016132440999968,-7722.949722222223
6.016563054000017,163217.42194444445
6.018119417999969,-7722.949722222223
6.018540281000014,233122.13305555555
6.020140835999996,-7722.949722222223
6.0205623729999616,303028.4086111111
6.022134316000006,-7722.949722222223
6.022527803999992,372933.33305555553
6.024140581999973,-7722.949722222223
6.0247647429999915,442837.5463888889
6.0258854319999955,-7722.949722222223
6.026391015999934,508082.91527777776
6.027536858999952,-7722.949722222223
6.027961581999989,564007.4663888889
6.029253040999947,-7722.949722222223
6.029695327000013,-568454.9691666666
6.031366239000022,-7722.949722222223
6.031783755999982,-493889.5647222222
6.033364079999956,-7722.949722222223
6.033788170999969,-423983.85805555555
6.0351556040000105,-7722.949722222223
6.035589274000017,-363399.8936111111
6.037108559999979,-7722.949722222223
6.03760579499999,-288834.34694444446
6.038942625999994,-7722.949722222223
6.039413844000023,-228249.45805555556
6.040657808999981,-7722.949722222223
6.041041741999948,-167665.92027777777
6.04291342199997,-7722.949722222223
6.043391375999931,-88440.17805555556
6.044656102999966,-7722.949722222223
6.045046888999991,-27856.498055555556
6.046919652999918,-7722.949722222223
6.047392678999927,51368.39083333333
6.048656903999927,-7722.949722222223
6.049047867000013,111951.99972222222
6.0509161850000055,-7722.949722222223
6.05139085199994,191177.95527777777
6.052655275000006,-7722.949722222223
6.053048525000008,251761.7775
6.054506585000013,-7722.949722222223
6.0551634579999245,317004.6575
6.05610043899992,-7722.949722222223
6.056564415000025,368266.9508333333
6.058109566999974,-7722.949722222223
6.058499259999962,433510.3286111111
6.060098104999952,-7722.949722222223
6.060501594000016,498753.7063888889
6.062455773000011,-7722.949722222223
6.0630433059999405,568656.4975
6.0650809789999585,-7722.949722222223
6.065519374000019,-540506.8802777778
6.067098212000019,-7722.949722222223
6.067712185999994,-479924.97805555555
6.069041749000007,-7722.949722222223
6.069537008999987,-424002.5602777778
6.071148268999991,-7722.949722222223
6.0717082009999785,-363421.5113888889
6.0729711669999915,-7722.949722222223
6.07356864999997,-312158.00916666666
6.075009404999946,-7722.949722222223
6.075363584999991,-256236.51583333334
6.077071359999991,-7722.949722222223
6.0775022279999575,-200314.02694444446
6.080032831999915,-7722.949722222223
6.080520444999934,-125753.31583333333
6.082111865999991,-7722.949722222223
6.082537832999947,-74491.09361111111
6.084086182999954,-7722.949722222223
6.08454081299999,-27889.209166666667
6.086085943999933,-7722.949722222223
6.086709487000007,23372.444166666668
6.087979261999976,-7722.949722222223
6.088454399999932,65313.56416666666
6.089990697999951,-7722.949722222223
6.090348057000028,107255.32416666667
6.09201343299992,-7722.949722222223
6.092369633999965,153856.99527777778
6.094131251000022,-7722.949722222223
6.094539280999925,195798.2575
6.096089397000014,-7722.949722222223
6.096714844999951,237739.02194444445
6.098337920999938,-7722.949722222223
6.098763309999981,284341.26194444444
6.1001563280000255,-7722.949722222223
6.100548443999969,321622.7552777778
6.101998591999973,-7722.949722222223
6.102623961999939,354244.1952777778
6.104010252999956,-7722.949722222223
6.104364572000009,391525.1197222222
6.105943475999993,-7722.949722222223
6.10651416099995,428805.97305555554
6.107538773999977,-7722.949722222223
6.107973664999918,456765.8663888889
6.109505775999992,-7722.949722222223
6.109929790000024,489387.23527777777
6.111483544999942,-7722.949722222223
6.111910079999916,522008.8175
6.113485864999916,-7722.949722222223
6.113908328999969,559289.3863888889
6.115319884999963,-7722.949722222223
6.115804175999983,587250.5597222223
6.1173501490000035,-7722.949722222223
6.11776570699999,-577835.7336111111
6.1194850099999485,-7722.949722222223
6.11990860100002,-545215.6447222222
6.121497816999977,-7722.949722222223
6.1219458419999455,-517254.6136111111
6.1243237569999565,-7722.949722222223
6.124954817999992,-475312.7825
6.127028775999975,-7722.949722222223
6.127551094999944,-442690.91583333333
6.129076608999981,-7722.949722222223
6.129730819999963,-414731.23583333334
6.131126141999971,-7722.949722222223
6.131543783999973,-386770.7736111111
6.133056367999984,-7722.949722222223
6.133661815999972,-363469.5825
6.135013527999945,-7722.949722222223
6.135371807999945,-340170.02694444446
6.137013841999988,-7722.949722222223
6.137365594000016,-321529.81361111114
6.139049460000024,-7722.949722222223
6.139472000999945,-298228.90694444446
6.141458016000001,-7722.949722222223
6.1419466419999935,-270267.7336111111
6.143586038999956,-7722.949722222223
6.144003947999977,-251626.73805555556
6.145594160999963,-7722.949722222223
6.146170084000005,-228325.76027777776
6.148047381999959,-7722.949722222223
6.148549866999929,-205026.27583333335
6.150059743999918,-7722.949722222223
6.150604455000007,-186385.99138888888
6.152893850999931,-7722.949722222223
6.153346243999977,-163086.1513888889
6.154458353999985,-7722.949722222223
6.154893199999947,-149106.34694444443
6.156162955000013,-7722.949722222223
6.156644872000015,-135126.25805555555
6.1592016129999365,-7722.949722222223
6.159675430999982,-116485.97361111111
6.161548732000028,-7722.949722222223
6.161973493999994,-97844.90694444445
6.163974605000021,-7722.949722222223
6.164419546999966,-79203.84027777778
6.16586078399996,-7722.949722222223
6.166217195999934,-65223.466944444444
6.167869304999954,-7722.949722222223
6.16833972500001,-51242.66694444444
6.169870878999973,-7722.949722222223
6.170244347999983,-37262.2225
6.171577686999967,-7722.949722222223
6.1720068999999285,-27941.689166666667
6.173528509999983,-7722.949722222223
6.1739116730000205,-13962.026944444444
6.175165311000001,-7722.949722222223
6.175570292999964,-4642.275833333333
6.177319567999916,-7722.949722222223
6.177946145999954,9338.16861111111
6.179354519999947,-7722.949722222223
6.179786383999954,18657.564166666667
6.181223744000022,-7722.949722222223
6.181809619999967,27977.244166666667
6.183097441999962,-7722.949722222223
6.183517288999951,37297.63527777778
6.18502997500002,-7722.949722222223
6.185647281999991,46616.74638888889
6.187191402999929,-7722.949722222223
6.187647072000004,55936.42638888889
6.18908469500002,-7722.949722222223
6.189693893000026,65255.964166666665
6.191102363000027,-7722.949722222223
6.1915067999999565,69916.15972222222
6.193029697999918,-7722.949722222223
6.19361879500002,74575.99972222222
6.194829715999958,-7722.949722222223
6.19534395300002,83896.2486111111
6.196540110000001,-7722.949722222223
6.196967307000023,88556.6575
6.198193786999923,-7722.949722222223
6.1989443730000175,93216.85333333333
6.200355815999956,-7722.949722222223
6.200781774999996,102537.59972222222
6.202224375000014,-7722.949722222223
6.2026241159999245,107198.36416666667
6.204220863999922,-7722.949722222223
6.204814108999926,116519.5375
6.206352223999943,-7722.949722222223
6.206681537000009,121180.30194444445
6.20822899999996,-7722.949722222223
6.20868025599998,130501.40416666666
6.210153658999957,-7722.949722222223
6.210582959000021,139822.6486111111
6.212351586999944,-7722.949722222223
6.212782457999992,149143.11083333334
6.214222866,-7722.949722222223
6.214654981999956,153803.51972222223
6.216215675999933,-7722.949722222223
6.216673053000022,163123.6263888889
6.21821002799993,-7722.949722222223
6.218686654999942,172444.0886111111
6.220221037999977,-7722.949722222223
6.220669147999956,177104.28416666668
6.223542173999931,-7722.949722222223
6.224056174999987,191084.23083333333
6.225230622000026,-7722.949722222223
6.225663728999962,195743.9286111111
6.227771791999999,-7722.949722222223
6.228153591000023,205064.1775
6.229604397999992,-7722.949722222223
6.230291889,209724.58638888889
6.231547022999962,-7722.949722222223
6.231965005000006,214383.7863888889
6.233211621999999,-7722.949722222223
6.233724256999949,219043.6975
6.235257939000007,-7722.949722222223
6.235599920000027,223703.5375
6.236850165999954,-7722.949722222223
6.238290544999927,-7722.949722222223
6.239950930999953,-7722.949722222223
6.242299935999995,228363.73305555555
6.243063452000001,-7722.949722222223
6.243562023999971,242343.4663888889
6.2447054649999245,-7722.949722222223
6.245202334999931,242343.6797222222
6.246196072999965,-7722.949722222223
6.2470582329999615,247003.66222222222
6.248222324999915,-7722.949722222223
6.248544466999988,251664.14222222223
6.249997264999934,-7722.949722222223
6.250866298000005,256323.98222222223
6.252109531999963,-7722.949722222223
6.252651440000022,256323.69777777776
6.253602834999924,-7722.949722222223
6.2540453469999875,260983.46666666667
6.25553645399998,-7722.949722222223
6.255962513999975,260983.5377777778
6.257880893999982,-7722.949722222223
6.258244196999954,265643.3777777778
6.259667412999988,-7722.949722222223
6.260048746999928,270303.64444444445
6.262076997000008,-7722.949722222223
6.262480593999953,270303.64444444445
6.263964037999926,-7722.949722222223
6.2644300779999185,274964.48
6.265878024000017,-7722.949722222223
6.266243465999992,279624.96
6.267509625000002,-7722.949722222223
6.267974466999931,279625.3155555556
6.269333669999924,-7722.949722222223
6.269712641999945,284285.79555555555
6.271367436999981,-7722.949722222223
6.271803957999964,288946.84444444446
6.273366925999994,-7722.949722222223
6.273786860999962,293607.32444444444
6.275362028000018,-7722.949722222223
6.275814883999942,298268.16
6.277335978999986,-7722.949722222223
6.277818164999985,302928.85333333333
6.279428826999947,-7722.949722222223
6.280052952999995,307589.7597222222
6.2813480519999985,-7722.949722222223
6.281775298999946,312250.59527777776
6.283224595999968,-7722.949722222223
6.283605590999969,316911.7863888889
6.285358821999921,-7722.949722222223
6.285778928000013,321572.6219444444
6.287222137999947,-7722.949722222223
6.28763400999992,330893.8663888889
6.289215033999994,-7722.949722222223
6.289647736000006,335554.06194444443
6.291114783000012,-7722.949722222223
6.29150013200001,340214.2575
6.293102316999921,-7722.949722222223
6.29350789199998,349535.00416666665
6.294687088999922,-7722.949722222223
6.295218946999967,354195.1997222222
6.2962690839999595,-7722.949722222223
6.296711783999967,358855.2530555556
6.298462730999972,-7722.949722222223
6.298885637000012,363515.23527777777
6.300197680999986,-7722.949722222223
6.300688625000021,368175.3597222222
6.3024486489999845,-7722.949722222223
6.302780999999982,377495.0397222222
6.304220371999918,-7722.949722222223
6.304603410000027,382155.02194444445
6.306476430999965,-7722.949722222223
6.30664728499994,386815.1463888889
6.308220794000022,-7722.949722222223
6.308617856999945,386814.4352777778
6.310362528999917,-7722.949722222223
6.3107975429999215,391474.3463888889
6.312185320000026,-7722.949722222223
6.3126165539999874,396134.0441666667
6.314099949000024,-7722.949722222223
6.314536946999965,400793.4577777778
6.316087994999975,-7722.949722222223
6.316723407999916,400793.0308333333
6.3178349070000195,-7722.949722222223
6.318214172000012,405453.3688888889
6.319879925000009,-7722.949722222223
6.3202463769999895,405453.0133333333
6.32158549199994,-7722.949722222223
6.322009583999943,410113.1377777778
6.32362672499994,-7722.949722222223
6.324026967999998,410113.2088888889
6.325614191999989,-7722.949722222223
6.326016403999915,414773.40444444446
6.327487535999921,-7722.949722222223
6.327928336000014,414772.76444444444
6.329420657000014,-7722.949722222223
6.329778587999954,414773.0486111111
6.331165768999995,-7722.949722222223
6.331589919999942,419433.3863888889
6.333077960999958,-7722.949722222223
6.333682703000022,419432.8886111111
6.33482065599992,-7722.949722222223
6.335189594999974,419433.0311111111
6.336504551999951,-7722.949722222223
6.336920911999982,424092.8
6.338485043999981,-7722.949722222223
6.3389167839999345,424093.15555555554
6.340498754000009,-7722.949722222223
6.340920624999967,424092.7288888889
6.3424885669999185,-7722.949722222223
6.342918127999951,428753.1377777778
6.344492005000006,-7722.949722222223
6.344916189999935,428752.4977777778
6.346492425999941,-7722.949722222223
6.3469203359999256,428753.06666666665
6.348491607000028,-7722.949722222223
6.348917639999968,428752.78222222225
6.350486677999925,-7722.949722222223
6.350921213999982,433412.9066666667
6.352497480000011,-7722.949722222223
6.352936623000005,433413.0488888889
6.354489907000016,-7722.949722222223
6.355142522999927,433413.12
6.35648852199995,-7722.949722222223
6.356929467999976,433413.0488888889
6.358497986999964,-7722.949722222223
6.358917786999996,438073.38666666666
6.360491337999974,-7722.949722222223
6.361035939999965,438073.6
6.36248802099999,-7722.949722222223
6.362930705999929,438073.4577777778
6.36438576799992,-7722.949722222223
6.364921040000013,438073.6711111111
6.366115491999949,-7722.949722222223
6.3666210459999775,442734.0088888889
6.367995106999956,-7722.949722222223
6.368360370000005,442734.08
6.370018844000015,-7722.949722222223
6.370483870999919,442734.29333333333
6.372088544999997,-7722.949722222223
6.372571109999967,447394.9866666667
6.374517771000001,-7722.949722222223
6.374938780999969,447395.0577777778
6.377058077000015,-7722.949722222223
6.377712767999924,447395.12888888887
6.3792573489999995,-7722.949722222223
6.3796012599999585,452055.1822222222
6.382418757999972,-7722.949722222223
6.382472093999922,452055.32444444444
6.383063403999927,-7722.949722222223
6.383500821999974,456715.73333333334
6.385386582000024,-7722.949722222223
6.385749168999951,456715.5911111111
6.388046341999939,-7722.949722222223
6.38849982399995,456715.23555555556
6.389573585999983,-7722.949722222223
6.390165335000006,461375.2888888889
6.391479888999925,-7722.949722222223
6.391887467999936,461375.36
6.393458224000028,-7722.949722222223
6.393889711999918,461374.72
6.395624927999961,-7722.949722222223
6.396170073999997,461374.72
6.397593453000013,-7722.949722222223
6.398024942000006,461374.50666666665
6.399582992999967,-7722.949722222223
6.4000125929999285,466034.91555555555
6.40155448500002,-7722.949722222223
6.401974133999943,466034.91555555555
6.403453889999923,-7722.949722222223
6.403881662999993,466034.70222222223
6.405457275999993,-7722.949722222223
6.405879957000025,466034.91555555555
6.407449541999995,-7722.949722222223
6.407879464999951,466034.91555555555
6.409456717000012,-7722.949722222223
6.4098795539999855,466034.6311111111
6.411600916999987,-7722.949722222223
6.411883933000013,470695.1822222222
6.413460291999968,-7722.949722222223
6.413935427999945,470695.4666666667
6.415457683999989,-7722.949722222223
6.415892010999983,470695.39555555553
6.417457152999987,-7722.949722222223
6.417879844000026,470695.8222222222
6.419450456999925,-7722.949722222223
6.419879422000008,470695.96444444446
6.421348444999921,-7722.949722222223
6.421776917999978,475356.37333333335
6.423190319000014,-7722.949722222223
6.4235909340000035,475356.9422222222
6.425146770999959,-7722.949722222223
6.425541426999985,475357.0133333333
6.427033503999951,-7722.949722222223
6.427641720999986,480017.70666666667
6.428963166000017,-7722.949722222223
6.429419322999934,480017.8488888889
6.430561506000004,-7722.949722222223
6.430996368000024,484678.4711111111
6.432351470999947,-7722.949722222223
6.432777703999932,484678.8977777778
6.434112303000006,-7722.949722222223
6.434523561999981,489339.52
6.436181977999922,-7722.949722222223
6.4366119019999815,489339.66222222225
6.438881593000019,-7722.949722222223
6.4395959589999165,493999.9288888889
6.442364707000024,-7722.949722222223
6.442835491999972,498660.4088888889
6.444101036000006,-7722.949722222223
6.444500026000014,503321.2444444444
6.446662494999941,-7722.949722222223
6.447088249999979,507982.43555555557
6.448877832999983,-7722.949722222223
6.449244121999982,512642.91555555555
6.450545017999957,-7722.949722222223
6.450966001999973,512643.1997222222
6.453162378000002,-7722.949722222223
6.453523159999918,517303.8222222222
6.454781744000002,-7722.949722222223
6.455159345999959,521964.87083333335
6.456535335000012,-7722.949722222223
6.456964154999923,526625.2086111112
6.459303077999948,-7722.949722222223
6.460118914999953,535946.2397222222
6.4611337750000075,-7722.949722222223
6.461534269000026,540606.7908333334
6.463072678000003,-7722.949722222223
6.463689268999929,545267.1286111111
6.464974095999992,-7722.949722222223
6.465539877999959,549927.8219444444
6.466947247999997,-7722.949722222223
6.467504964,554587.9463888889
6.46896647899996,-7722.949722222223
6.469486450999966,559248.3552777778
6.470953405999921,-7722.949722222223
6.4714703149999195,563907.9819444445
6.473077525000008,-7722.949722222223
6.473501004000013,568567.6797222223
6.475109069999917,-7722.949722222223
6.475504174999969,573227.7330555556
6.476649457999997,-7722.949722222223
6.47704902199996,573227.0219444444
6.479080330999977,-7722.949722222223
6.479606272999945,577887.0041666667
6.480662746999997,-7722.949722222223
6.48105322899994,582547.0575
6.482953092999992,-7722.949722222223
6.483414297999957,587207.2530555555
6.484641422999971,-7722.949722222223
6.485067116999971,587207.0397222223
6.486619481999924,-7722.949722222223
6.486987271999965,591866.6663888888
6.488369885999987,-7722.949722222223
6.488856254999973,591866.4530555556
6.490317280999989,-7722.949722222223
6.490586171000018,-596520.0358333334
6.4921118720000095,-7722.949722222223
6.492497514999968,-596520.3913888889
6.494225615999994,-7722.949722222223
6.494544838000024,-596520.3911111112
6.4961239560000195,-7722.949722222223
6.49666369800002,-591860.2666666667
6.498219001999928,-7722.949722222223
6.498600354000018,-591860.4802777778
6.500107257999957,-7722.949722222223
6.5006026989999555,-591860.5513888889
6.501955120999924,-7722.949722222223
6.5025206959999196,-587200.0713888889
6.503917678999983,-7722.949722222223
6.504391596999994,-587200.2136111112
6.505656769999973,-7722.949722222223
6.506047776999935,-587200.0002777778
6.507947670000021,-7722.949722222223
6.508421071999919,-582539.7336111111
6.509702704000006,-7722.949722222223
6.510310903999994,-582539.7336111111
6.51178405600001,-7722.949722222223
6.512201283999957,-577879.3958333334
6.513265168999965,-7722.949722222223
6.513915354000005,-577879.4669444445
6.5150948419999395,-7722.949722222223
6.515539260999958,-577879.3958333334
6.517101959999991,-7722.949722222223
6.517640205000021,-577879.4669444445
6.519043855999939,-7722.949722222223
6.519560716000001,-573219.1291666667
6.522936997999977,-7722.949722222223
6.523315432000004,-573219.5558333333
6.525199977999932,-7722.949722222223
6.525644434000014,-568559.7869444444
6.527021291999972,-7722.949722222223
6.527536569999938,-568559.9291666667
6.528629116999923,-7722.949722222223
6.529023449999954,-568559.8580555556
6.530523839000011,-7722.949722222223
6.531041328000015,-568560.0002777778
6.532592748999946,-7722.949722222223
6.533151957999962,-568560.7825
6.534756152999989,-7722.949722222223
6.5351372659999925,-568560.5691666667
6.536691798999982,-7722.949722222223
6.537138658999993,-568561.1380555555
6.538590671999941,-7722.949722222223
6.538939143999983,-568561.1380555555
6.540959174000022,-7722.949722222223
6.541437794999979,-568561.1380555555
6.542635096000026,-7722.949722222223
6.543023492999964,-568561.1380555555
6.54508405699994,-7722.949722222223
6.545412420999924,-568561.1380555555
6.547166005000008,-7722.949722222223
6.547593936999988,-568561.1380555555
6.5495032300000275,-7722.949722222223
6.550049469999976,-568561.1380555555
6.551599736999947,-7722.949722222223
6.5520216259999415,-568561.1380555555
6.553632977999996,-7722.949722222223
6.554024078999987,-568561.1380555555
6.555486496999947,-7722.949722222223
6.555919180999922,-568561.1380555555
6.557557760000009,-7722.949722222223
6.557985601999917,-568561.1380555555
6.559468305999985,-7722.949722222223
6.559900591999963,-568561.1380555555
6.56140612899992,-7722.949722222223
6.561782310000012,-568561.1380555555
6.563185076999957,-7722.949722222223
6.5636097010000185,-568561.1380555555
6.565158516999986,-7722.949722222223
6.5656153329999825,-568561.1380555555
6.567368514000009,-7722.949722222223
6.567799088000015,-568561.1380555555
6.569197099000007,-7722.949722222223
6.569591949000028,-568561.1380555555
6.571357219999982,-7722.949722222223
6.571785388999956,-568561.1380555555
6.573184108999953,-7722.949722222223
6.573610449999933,-568561.1380555555
6.5752286069999855,-7722.949722222223
6.575742099999957,-568561.1380555555
6.576810914000021,-7722.949722222223
6.577212566999947,-568561.1380555555
6.578601572000025,-7722.949722222223
6.57902203499998,-568561.1380555555
6.580607284999928,-7722.949722222223
6.581015372000024,-568561.1380555555
6.582594194999956,-7722.949722222223
6.58302099499997,-568561.1380555555
6.584544605000019,-7722.949722222223
6.584915621999926,-568561.1380555555
6.586187895999956,-7722.949722222223
6.586781816999974,-568561.1380555555
6.588369608999983,-7722.949722222223
6.588799725999934,-568561.1380555555
6.590085306999981,-7722.949722222223
6.590707914999939,-568561.1380555555
6.5921067719999655,-7722.949722222223
6.59270526499995,-568561.1380555555
6.594096262999983,-7722.949722222223
6.594699009999999,-568561.1380555555
6.596097150999981,-7722.949722222223
6.596603587000004,-568561.1380555555
6.598017273999972,-7722.949722222223
6.598385701999973,-568561.1380555555
6.600004387000013,-7722.949722222223
6.600551294999946,-568561.1380555555
6.601998120999951,-7722.949722222223
6.602363538999953,-568561.1380555555
6.604013117000022,-7722.949722222223
6.604393476999917,-568561.1380555555
6.6059415369999215,-7722.949722222223
6.606512556999974,-568561.1380555555
6.607535503999998,-7722.949722222223
6.607926041999917,-568561.1380555555
6.609376389999966,-7722.949722222223
6.609884396999973,-568561.1380555555
6.610958052000001,-7722.949722222223
6.611594924999963,-568561.1380555555
6.61297846399998,-7722.949722222223
6.613502691000008,-568561.1380555555
6.614518352999994,-7722.949722222223
6.6149496909999925,-568561.1380555555
6.616291515999933,-7722.949722222223
6.616769911000006,-568561.1380555555
6.618196282999975,-7722.949722222223
6.618597690999991,-568561.1380555555
6.61997527199992,-7722.949722222223
6.620581159999915,-568561.1380555555
6.622024661999944,-7722.949722222223
6.62238270499995,-568561.1380555555
6.623879710999972,-7722.949722222223
6.624244140999963,-568561.1380555555
6.625867694000021,-7722.949722222223
6.626239835999968,-568561.2088888889
6.627584279999951,-7722.949722222223
6.6281339820000085,-568561.1380555555
6.629579669999998,-7722.949722222223
6.630000935999988,-568561.1380555555
6.631797480999921,-7722.949722222223
6.632166867000024,-568561.1380555555
6.633568346999937,-7722.949722222223
6.633982715999991,-568561.1380555555
6.635798099999988,-7722.949722222223
6.636186658999918,-568561.1380555555
6.6375963689999935,-7722.949722222223
6.638013440999998,-568561.1380555555
6.6400199390000125,-7722.949722222223
6.640365754999948,-568561.1380555555
6.642096865999974,-7722.949722222223
6.64246755399995,-568561.2088888889
6.644562333999943,-7722.949722222223
6.6450373949999175,-568561.1380555555
6.646231790999991,-7722.949722222223
6.646784013000001,-568561.1380555555
6.647835703999931,-7722.949722222223
6.648210171999949,-568561.1380555555
6.6495426769999995,-7722.949722222223
6.649927758999979,-568561.1380555555
6.652618792999988,-7722.949722222223
6.653226716999939,-568561.2088888889
6.654430154000011,-7722.949722222223
6.65484608099996,-568561.2088888889
6.65622117800001,-7722.949722222223
6.656606397000019,-568561.1380555555
6.658507397999983,-7722.949722222223
6.6590102860000115,-568561.1380555555
6.660914178999974,-7722.949722222223
6.6614762629999404,-568561.1380555555
6.662711912999953,-7722.949722222223
6.66316408900002,-568561.1380555555
6.664908798999932,-7722.949722222223
6.665268793999985,-568561.1380555555
6.666558014999964,-7722.949722222223
6.66699633099995,-568561.1380555555
6.668342990999918,-7722.949722222223
6.66875559999994,-568561.2088888889
6.6704517289999785,-7722.949722222223
6.670878243999937,-568561.1380555555
6.67224429099997,-7722.949722222223
6.672734615999957,-568561.2088888889
6.674382716999958,-7722.949722222223
6.674812864999922,-568561.2088888889
6.6762435589999995,-7722.949722222223
6.676635146999956,-568561.2088888889
6.678380922999963,-7722.949722222223
6.678807741000014,-568561.1380555555
6.680449927999916,-7722.949722222223
6.6809512479999285,-568561.1380555555
6.682563927999922,-7722.949722222223
6.682988835999936,-568561.1380555555
6.684554531000003,-7722.949722222223
6.684980213000017,-568561.1380555555
6.686540713999989,-7722.949722222223
6.686966778999931,-568561.2088888889
6.688588065999966,-7722.949722222223
6.689011247999929,-568561.2088888889
6.690618299999983,-7722.949722222223
6.690998414999967,-568561.1380555555
6.692636700999969,-7722.949722222223
6.692988203000027,-568561.1380555555
6.694523183000001,-7722.949722222223
6.694950749999975,-568561.2088888889
6.696971166000026,-7722.949722222223
6.697363343999996,-568561.2088888889
6.698450534000017,-7722.949722222223
6.699005560999922,-568561.2088888889
6.7005529639999395,-7722.949722222223
6.700978229999919,-568561.1380555555
6.702534882000009,-7722.949722222223
6.702960328000017,-568561.1380555555
6.7045788619999485,-7722.949722222223
6.705006057999981,-568561.2088888889
6.706531735999988,-7722.949722222223
6.706959553999923,-568561.1380555555
6.7085756909999645,-7722.949722222223
6.709007343999929,-568561.2088888889
6.7105330919999915,-7722.949722222223
6.710960411999963,-568561.1380555555
6.712580978000005,-7722.949722222223
6.713005244999977,-568561.2088888889
6.714269065999929,-7722.949722222223
6.715018943000018,-568561.1380555555
6.716136545999916,-7722.949722222223
6.716615844999978,-568561.1380555555
6.718104149999931,-7722.949722222223
6.718596531000003,-568561.2088888889
6.719699360999925,-7722.949722222223
6.720194187999937,-568561.2088888889
6.721529213999929,-7722.949722222223
6.721954455999935,-568561.2088888889
6.7235666430000265,-7722.949722222223
6.723993268999948,-568561.2088888889
6.7255235330000005,-7722.949722222223
6.725949661999948,-568561.2088888889
6.727564171999916,-7722.949722222223
6.72799007499998,-568561.2088888889
6.7295319599999175,-7722.949722222223
6.73003109199999,-568561.2088888889
6.732112239999992,-7722.949722222223
6.732574633000013,-568561.2088888889
6.73543684699996,-7722.949722222223
6.73607441799993,-568561.2088888889
6.737128105000011,-7722.949722222223
6.737677243000007,-568561.2088888889
6.739096604999986,-7722.949722222223
6.739610374999984,-568561.1380555555
6.74120144099993,-7722.949722222223
6.741494498999941,-568561.2088888889
6.7431103010000015,-7722.949722222223
6.743736657999989,-568561.2088888889
6.745111662999989,-7722.949722222223
6.745499791999919,-568561.2088888889
6.747145283999998,-7722.949722222223
6.747510843999976,-568561.2088888889
6.749128869999936,-7722.949722222223
6.749684446999936,-568561.2088888889
6.750969237999925,-7722.949722222223
6.7515455029999885,-568561.2088888889
6.752960099999996,-7722.949722222223
6.753443273000016,-568561.2088888889
6.7549194069999885,-7722.949722222223
6.755391852999992,-568561.2088888889
6.756650746999981,-7722.949722222223
6.757034978999968,-568561.2088888889
6.759003898999936,-7722.949722222223
6.759364505999997,-568561.2088888889
6.760948079999935,-7722.949722222223
6.761605546999931,-568561.2088888889
6.762921791999929,-7722.949722222223
6.763414730000022,-568560.9955555556
6.764910067999949,-7722.949722222223
6.7654687790000025,-568561.2088888889
6.7669305519999625,-7722.949722222223
6.767408520000004,-568561.2088888889
6.768900652999946,-7722.949722222223
6.769471836999969,-568561.2088888889
6.770936138000025,-7722.949722222223
6.771491900000001,-568560.6402777778
6.772925353000005,-7722.949722222223
6.773392162999926,-568561.2088888889
6.7748113559999865,-7722.949722222223
6.77529678999997,-568561.2088888889
6.776936115000012,-7722.949722222223
6.777484443999924,-568561.2088888889
6.7789131160000125,-7722.949722222223
6.779438140000025,-568560.7822222222
6.781797655999981,-7722.949722222223
6.782168400999922,-568561.2088888889
6.783871945999977,-7722.949722222223
6.784342692999985,-568561.2088888889
6.785630609000009,-7722.949722222223
6.786055843999975,-568561.2088888889
6.787546667000015,-7722.949722222223
6.788043275999939,-568561.2088888889
6.78996348599992,-7722.949722222223
6.790596429999937,-568561.2088888889
6.792017611000006,-7722.949722222223
6.792455023999992,-568560.9955555556
6.794083965000027,-7722.949722222223
6.794685011999945,-568561.2088888889
6.795954452999922,-7722.949722222223
6.7964316379999445,-568561.2088888889
6.79791211700001,-7722.949722222223
6.798476995999977,-568561.2088888889
6.800160162999987,-7722.949722222223
6.800801589999992,-568561.2088888889
6.802138754999987,-7722.949722222223
6.802523131999919,-568561.2088888889
6.8042023949999475,-7722.949722222223
6.804629080999916,-568561.2088888889
6.806470008000019,-7722.949722222223
6.806894532999991,-568561.2088888889
6.808917836999967,-7722.949722222223
6.809380796000028,-568561.2088888889
6.8106788509999205,-7722.949722222223
6.811057762000019,-568561.2088888889
6.812652602999947,-7722.949722222223
6.813013590999958,-568561.2088888889
6.8145591219999915,-7722.949722222223
6.814950890999967,-568561.2088888889
6.816229292999992,-7722.949722222223
6.816966137999998,-568561.2088888889
6.818540951999921,-7722.949722222223
6.819139997999969,-568561.2088888889
6.82024124499992,-7722.949722222223
6.820684078999989,-568561.2088888889
6.822254527999917,-7722.949722222223
6.822670335999987,-568561.2088888889
6.824443968999958,-7722.949722222223
6.824876734999975,-568561.2088888889
6.826490025999988,-7722.949722222223
6.826916595999933,-568561.2088888889
6.8284081309999465,-7722.949722222223
6.828827244999957,-568561.2088888889
6.830829419999986,-7722.949722222223
6.831223075000025,-568561.2088888889
6.832864921999999,-7722.949722222223
6.833237334999922,-568561.2088888889
6.834576453999944,-7722.949722222223
6.835000401000002,-568561.2088888889
6.836591571999975,-7722.949722222223
6.837014167000007,-568561.2088888889
6.838538380999921,-7722.949722222223
6.838965927999993,-568561.2088888889
6.840152185999955,-7722.949722222223
6.840582728999948,-568561.2088888889
6.842050818999951,-7722.949722222223
6.842698544999962,-568561.2088888889
6.844586477000007,-7722.949722222223
6.845143807999989,-568561.2088888889
6.846622135999951,-7722.949722222223
6.847056368999915,-568561.2088888889
6.8490171439999585,-7722.949722222223
6.849382148000018,-568561.2088888889
6.851031219999982,-7722.949722222223
6.851490807000005,-568561.2088888889
6.853036668999948,-7722.949722222223
6.853886620000026,-568561.2088888889
6.854434046999927,-7722.949722222223
6.8548792599999615,-568561.2088888889
6.856450681999945,-7722.949722222223
6.856875584000022,-568561.2088888889
6.85845657099992,-7722.949722222223
6.8588839760000155,-568561.2088888889
6.860421874999929,-7722.949722222223
6.860844251999993,-568561.2088888889
6.862120845999925,-7722.949722222223
6.862584750999986,-568561.2088888889
6.8643426379999255,-7722.949722222223
6.864769045999992,-568561.2088888889
6.866219537999996,-7722.949722222223
6.8666464739999356,-568561.2088888889
6.868196401999967,-7722.949722222223
6.868649485999981,-568561.2088888889
6.87012894399993,-7722.949722222223
6.870603585000026,-568561.2088888889
6.871916853000016,-7722.949722222223
6.872547985999972,-568560.9244444445
6.87381436499993,-7722.949722222223
6.874188561999972,-568561.0666666667
6.876268713999934,-7722.949722222223
6.8771304580000105,-568561.2088888889
6.878245038999921,-7722.949722222223
6.878845630000001,-568561.2088888889
6.880218830999979,-7722.949722222223
6.880670192000025,-568561.2088888889
6.882175410999935,-7722.949722222223
6.882805709999957,-568561.2088888889
6.884129755000004,-7722.949722222223
6.884637096000006,-568561.2088888889
6.886226847999978,-7722.949722222223
6.886700314999985,-568561.2088888889
6.88823494799999,-7722.949722222223
6.888653477999924,-568560.9955555556
6.890458145000025,-7722.949722222223
6.891011968999919,-568561.2088888889
6.8922343409999485,-7722.949722222223
6.892665592999947,-568561.2088888889
6.894236837999983,-7722.949722222223
6.894696561999922,-568561.2088888889
6.896240891999923,-7722.949722222223
6.896661005999931,-568561.2088888889
6.898228567999922,-7722.949722222223
6.898680841999976,-568561.2088888889
6.900456611999971,-7722.949722222223
6.900877384999944,-563900.5155555556
6.9024022459999514,-7722.949722222223
6.902776940999956,-563900.8711111111
6.90401266899994,-7722.949722222223
6.904389246999926,-563900.8711111111
6.90580614299995,-7722.949722222223
6.906216394000012,-563900.8711111111
6.90753615999995,-7722.949722222223
6.907965762999993,-563900.8711111111
6.909490314999971,-7722.949722222223
6.909860976999994,-563900.6577777778
6.911363522999977,-7722.949722222223
6.9117852819999825,-563900.8711111111
6.9134853319999365,-7722.949722222223
6.913914978999969,-563900.8711111111
6.915205285999946,-7722.949722222223
6.915916270000025,-563900.5866666667
6.917214039999976,-7722.949722222223
6.917631738999944,-563900.8711111111
6.919130214000006,-7722.949722222223
6.919526346999987,-563900.8711111111
6.921182408999925,-7722.949722222223
6.921576537999954,-563900.6577777778
6.92345826799999,-7722.949722222223
6.923727891999988,-563900.8711111111
6.925114184999984,-7722.949722222223
6.9255541049999465,-563900.5866666667
6.927150685000015,-7722.949722222223
6.927577013000018,-563900.8711111111
6.929150081999978,-7722.949722222223
6.929759613999977,-563900.6577777778
6.930725923999944,-7722.949722222223
6.931194397000013,-563900.8
6.932262808000019,-7722.949722222223
6.932703765999918,-563900.8711111111
6.934159756999975,-7722.949722222223
6.934556129999919,-563900.4444444445
6.936117936999949,-7722.949722222223
6.936514257999988,-563900.8711111111
6.938129735999951,-7722.949722222223
6.938523625000016,-563900.3733333333
6.940122494999969,-7722.949722222223
6.940516785999989,-563900.8711111111
6.942113375999952,-7722.949722222223
6.942518087999929,-563900.8711111111
6.944113756999968,-7722.949722222223
6.944714481000005,-563900.6577777778
6.945973799999933,-7722.949722222223
6.946493721000024,-563900.8711111111
6.947935171999916,-7722.949722222223
6.948508732999926,-563900.8711111111
6.949919335999994,-7722.949722222223
6.950489392999998,-563900.8
6.95194272699996,-7722.949722222223
6.95251784300001,-563900.8711111111
6.953933144999951,-7722.949722222223
6.954500564,-563900.8711111111
6.955919153999957,-7722.949722222223
6.956495306999955,-563900.8711111111
6.957950427000014,-7722.949722222223
6.958520266999926,-563900.8711111111
6.959910769999965,-7722.949722222223
6.960433509999916,-563900.8711111111
6.9616471360000105,-7722.949722222223
6.962036136999927,-563900.8711111111
6.963923322000028,-7722.949722222223
6.964395900999989,-563900.8711111111
6.965643605999958,-7722.949722222223
6.966014472999973,-563900.8711111111
6.967519088000017,-7722.949722222223
6.967944056999954,-563900.8711111111
6.969558393999932,-7722.949722222223
6.969978783999977,-563900.8711111111
6.971513727999991,-7722.949722222223
6.971942743999989,-563900.8711111111
6.97375694699997,-7722.949722222223
6.974162218999936,-563900.8711111111
6.9752460720000045,-7722.949722222223
6.97599762699997,-563900.8711111111
6.977220194999973,-7722.949722222223
6.977598984999986,-563900.8711111111
6.979356441999926,-7722.949722222223
6.979784671999937,-563900.8711111111
6.981350413999962,-7722.949722222223
6.98177017799992,-563900.8711111111
6.98321862399996,-7722.949722222223
6.983650023999985,-563900.8711111111
6.985217518000013,-7722.949722222223
6.985608538999941,-563900.8711111111
6.987218098999961,-7722.949722222223
6.987643857999956,-563900.8711111111
6.989359967999917,-7722.949722222223
6.989778580999996,-563900.8711111111
6.991180749000023,-7722.949722222223
6.991606357000023,-563900.8711111111
6.9931030540000165,-7722.949722222223
6.993708108999954,-563900.8711111111
6.994971130999943,-7722.949722222223
6.995445182000026,-563900.8711111111
6.996899808999956,-7722.949722222223
6.997384317999945,-563900.8711111111
6.998631667999916,-7722.949722222223
6.999022009999976,-563900.8711111111
7.000614853999991,-7722.949722222223
7.001022460999934,-563900.8711111111
7.002623855000024,-7722.949722222223
7.003014979,-563900.8711111111
7.0045041749999655,-7722.949722222223
7.004930137999963,-563900.8711111111
7.006369460999963,-7722.949722222223
7.006762701999946,-563900.7288888888
7.008338493999986,-7722.949722222223
7.008764416999952,-563900.8711111111
7.01021980500002,-7722.949722222223
7.010612595999987,-563900.8711111111
7.01235538200001,-7722.949722222223
7.012775207999994,-563900.8711111111
7.014171325999996,-7722.949722222223
7.014600131999941,-563900.6577777778
7.016078730999993,-7722.949722222223
7.016698634000022,-563900.8711111111
7.01797043900001,-7722.949722222223
7.018443777000016,-563900.16
7.01986758299995,-7722.949722222223
7.020237339000005,-563900.8711111111
7.022464672999945,-7722.949722222223
7.0228918320000275,-563900.8
7.024487291000014,-7722.949722222223
7.024917728999981,-563900.5866666667
7.026483699999972,-7722.949722222223
7.026944599999979,-563900.6577777778
7.028485114999967,-7722.949722222223
7.0289170779999495,-563900.4444444445
7.03052995500002,-7722.949722222223
7.030915822999987,-563900.3022222222
7.03244387899997,-7722.949722222223
7.033027435999998,-559239.8933333333
7.0342358179999565,-7722.949722222223
7.0346939559999555,-559240.1066666667
7.03636312399999,-7722.949722222223
7.036798471999987,-559240.1066666667
7.038195377999955,-7722.949722222223
7.038621862000014,-559240.1066666667
7.041349335999939,-7722.949722222223
7.041703665,-559240.1777777778
7.043503981999947,-7722.949722222223
7.043889967999917,-559240.32
7.045572723999953,-7722.949722222223
7.046078726000019,-559239.7511111111
7.047642578000023,-7722.949722222223
7.04804336899997,-559240.1066666667
7.049480399999993,-7722.949722222223
7.049905818999946,-559239.9644444444
7.051484352999978,-7722.949722222223
7.052058697999996,-559239.8222222222
7.053929648999997,-7722.949722222223
7.0544863289999284,-559240.3911111112
7.055892975000006,-7722.949722222223
7.05628048199992,-559240.3911111112
7.05813664599998,-7722.949722222223
7.0585726439999235,-559240.0355555556
7.060148402999971,-7722.949722222223
7.0605163069999435,-559240.5333333333
7.0616414090000035,-7722.949722222223
7.06244536600002,-559240.3911111112
7.06329601099992,-7722.949722222223
7.063793798000006,-554579.9822222223
7.065476674000024,-7722.949722222223
7.066057745999956,-554579.9822222223
7.068136384000013,-7722.949722222223
7.068530628999952,-554579.911111111
7.070152489999941,-7722.949722222223
7.07057445199996,-554579.4844444444
7.072290868999971,-7722.949722222223
7.072634292999965,-554580.1955555555
7.074169998000002,-7722.949722222223
7.074598470999945,-554580.0533333333
7.076241155999924,-7722.949722222223
7.076803026999983,-554579.911111111
7.0782180929999186,-7722.949722222223
7.078642025000022,-554580.1955555555
7.080353887000001,-7722.949722222223
7.0807813299999225,-554580.0533333333
7.082050671999923,-7722.949722222223
7.082691037000018,-554580.1955555555
7.0840950169999815,-7722.949722222223
7.084727109000028,-554580.0533333333
7.08615316700002,-7722.949722222223
7.0865674729999455,-554579.7688888889
7.088181068999916,-7722.949722222223
7.088767551999922,-554580.1955555555
7.090536477000001,-7722.949722222223
7.091174201999934,-554579.911111111
7.092588086999967,-7722.949722222223
7.0930112290000125,-554580.1955555555
7.095129913999926,-7722.949722222223
7.0955798749999985,-554580.1955555555
7.09700288800002,-7722.949722222223
7.097356717000025,-554580.0533333333
7.099014151000006,-7722.949722222223
7.099368000000027,-554580.1955555555
7.100948379999977,-7722.949722222223
7.101416313999948,-554580.1244444444
7.102565344000027,-7722.949722222223
7.102986129999977,-554579.84
7.104433194999956,-7722.949722222223
7.1048516170000084,-554579.6977777778
7.106490165999958,-7722.949722222223
7.106908181999984,-554580.1244444444
7.108459438999944,-7722.949722222223
7.108884353999997,-554579.6266666667
7.110636828999986,-7722.949722222223
7.11104955299993,-554580.1955555555
7.1123468829999865,-7722.949722222223
7.11289947399996,-554580.1244444444
7.11430360899999,-7722.949722222223
7.1145746519999875,-554579.6266666667
7.116170475999979,-7722.949722222223
7.116592812000022,-554579.6977777778
7.117869519999999,-7722.949722222223
7.118508467999959,-549919.7155555555
7.119566596000027,-7722.949722222223
7.119916982999939,-549919.2888888889
7.121249169999942,-7722.949722222223
7.1215503789999275,-549919.7866666666
7.12327444899995,-7722.949722222223
7.1236002729999655,-549919.7866666666
7.125147430999959,-7722.949722222223
7.125588967999988,-549919.5733333334
7.126932328999942,-7722.949722222223
7.127498534999972,-549919.1466666666
7.1293483239999205,-7722.949722222223
7.13010498999995,-549919.5733333334
7.131416704999992,-7722.949722222223
7.1318388779999395,-549919.5733333334
7.133481418999963,-7722.949722222223
7.133912742000007,-549919.5022222223
7.135342514999934,-7722.949722222223
7.135710070999949,-549919.36
7.137453094999955,-7722.949722222223
7.137877118999995,-549919.2888888889
7.139214310999932,-7722.949722222223
7.139719166999953,-549919.4311111111
7.141446266000003,-7722.949722222223
7.141879599999925,-549919.2888888889
7.143428257999972,-7722.949722222223
7.143855787999996,-549919.2177777778
7.145486981999966,-7722.949722222223
7.1459130079999795,-549919.1466666666
7.147156981999956,-7722.949722222223
7.147907283999984,-549919.2177777778
7.149187749000021,-7722.949722222223
7.149781714000028,-545258.8088888889
7.151018943999929,-7722.949722222223
7.151651648999973,-545259.1644444445
7.152772045000006,-7722.949722222223
7.153163061999976,-545258.6666666666
7.154556806999949,-7722.949722222223
7.15497715999993,-545259.2355555556
7.156529550999949,-7722.949722222223
7.1569589810000025,-545258.7377777778
7.158859125999925,-7722.949722222223
7.159324726000023,-545258.6666666666
7.160535164999942,-7722.949722222223
7.160957483999937,-545258.8088888889
7.162239764999981,-7722.949722222223
7.162724502999936,-545258.5244444445
7.164299002000007,-7722.949722222223
7.165056118999928,-545258.4536111112
7.166124128999968,-7722.949722222223
7.166548553999974,-540597.9022222222
7.168139950999944,-7722.949722222223
7.168543645999989,-540598.1155555556
7.170118711999976,-7722.949722222223
7.170524417000024,-540598.3288888889
7.172120983000013,-7722.949722222223
7.172519840999939,-540598.2577777777
7.174128035999956,-7722.949722222223
7.174734967999939,-540598.1869444444
7.175985821999916,-7722.949722222223
7.176363726999966,-540598.4
7.178061055999933,-7722.949722222223
7.178452543999924,-540598.3288888889
7.180119332000004,-7722.949722222223
7.180518455999959,-535937.8488888888
7.182117654999956,-7722.949722222223
7.182548804000021,-535938.2044444444
7.184110997999937,-7722.949722222223
7.184499619000007,-535937.9913888889
7.186117681999917,-7722.949722222223
7.186547340999937,-535938.2755555556
7.18810719399994,-7722.949722222223
7.18853129699994,-535938.2044444444
7.19013161700002,-7722.949722222223
7.190578567999978,-535938.4888888889
7.192115175000026,-7722.949722222223
7.192709906999994,-535938.3466666667
7.194182621999971,-7722.949722222223
7.194524734999959,-535938.8444444444
7.196109165999928,-7722.949722222223
7.1965345989999605,-535938.7733333333
7.198103339999989,-7722.949722222223
7.198523249000004,-535938.7733333333
7.199985541999922,-7722.949722222223
7.200609773999986,-535938.56
7.202012169,-7722.949722222223
7.2024877509999214,-535938.6311111111
7.203704492999918,-7722.949722222223
7.204157624000004,-535938.7022222222
7.20519845299998,-7722.949722222223
7.205684700000006,-535938.8444444444
7.207221759999925,-7722.949722222223
7.207655473999921,-535938.8444444444
7.209358214999952,-7722.949722222223
7.209787593999977,-535938.8444444444
7.2112428299999465,-7722.949722222223
7.211640306999925,-535938.8444444444
7.213365162999935,-7722.949722222223
7.213783573000001,-535938.8444444444
7.21542956199994,-7722.949722222223
7.215857256999925,-535938.8444444444
7.217217076999987,-7722.949722222223
7.217696965999949,-535938.8444444444
7.219219940000016,-7722.949722222223
7.220036659000016,-535938.8444444444
7.220960601000002,-7722.949722222223
7.22153609999998,-535938.8444444444
7.222597475999919,-7722.949722222223
7.222957596000015,-535938.8444444444
7.224502785000027,-7722.949722222223
7.224932079999917,-535938.8444444444
7.226568714999985,-7722.949722222223
7.2269949579999775,-535938.8444444444
7.228614803000028,-7722.949722222223
7.2290265619999445,-535938.8444444444
7.230425411999931,-7722.949722222223
7.230833082000004,-535938.8444444444
7.232655193000028,-7722.949722222223
7.233161979999977,-535938.8444444444
7.234350812999992,-7722.949722222223
7.234779288000027,-535938.8444444444
7.23624621099998,-7722.949722222223
7.236694915999919,-535938.8444444444
7.238349376999963,-7722.949722222223
7.238815796999916,-535938.8444444444
7.240477585999997,-7722.949722222223
7.241220206999969,-535938.8444444444
7.242420856999956,-7722.949722222223
7.242853173999947,-535938.8444444444
7.244377784999983,-7722.949722222223
7.2448102649999555,-535938.8444444444
7.246177675000013,-7722.949722222223
7.246664953999925,-535938.8444444444
7.248361874000011,-7722.949722222223
7.2490069729999504,-535938.8444444444
7.2502039620000005,-7722.949722222223
7.250646582999934,-535938.8444444444
7.252457260000028,-7722.949722222223
7.253123308999989,-535938.8444444444
7.2543325959999265,-7722.949722222223
7.254755523999961,-535938.8444444444
7.2562186939999265,-7722.949722222223
7.256814674999987,-535938.8444444444
7.2585873619999575,-7722.949722222223
7.2588832819999425,-535938.8444444444
7.26048037299995,-7722.949722222223
7.260916794999957,-535938.8444444444
7.262478822999924,-7722.949722222223
7.262904725999988,-535938.8444444444
7.264482847999943,-7722.949722222223
7.264913444999934,-535938.8444444444
7.266484030000015,-7722.949722222223
7.266904459999978,-535938.8444444444
7.268471780000027,-7722.949722222223
7.268897279999919,-535938.8444444444
7.270482950999963,-7722.949722222223
7.270901492999997,-535938.8444444444
7.272476588000018,-7722.949722222223
7.272902017999968,-535938.8444444444
7.274477198999989,-7722.949722222223
7.274901688999989,-535938.8444444444
7.276474768999947,-7722.949722222223
7.276907030999951,-535938.8444444444
7.278484931999969,-7722.949722222223
7.2789084959999855,-535938.8444444444
7.280457790000014,-7722.949722222223
7.280885865999949,-535938.8444444444
7.282483794999962,-7722.949722222223
7.282902549000028,-535938.8444444444
7.284365667999964,-7722.949722222223
7.284794460999933,-535938.8444444444
7.2863501450000285,-7722.949722222223
7.286768558999938,-535938.8444444444
7.288165284999991,-7722.949722222223
7.2885926399999335,-535938.8444444444
7.290205117000028,-7722.949722222223
7.290634340999986,-535938.8444444444
7.292186520999962,-7722.949722222223
7.292814005999958,-535938.8444444444
7.293952451999985,-7722.949722222223
7.29452232999995,-535938.8444444444
7.295915615000013,-7722.949722222223
7.296412722000014,-535938.8444444444
7.29786784099997,-7722.949722222223
7.298212477999982,-535938.8444444444
7.299507983000012,-7722.949722222223
7.299939516999984,-535938.8444444444
7.301451739999948,-7722.949722222223
7.301877018000027,-535938.8444444444
7.303449838999995,-7722.949722222223
7.303879103999975,-535938.8444444444
7.3054518659999985,-7722.949722222223
7.305875519999972,-535938.56
7.307445788999985,-7722.949722222223
7.307870432999948,-535938.8444444444
7.309451665999973,-7722.949722222223
7.309874144999981,-535938.8444444444
7.3114472159999195,-7722.949722222223
7.311874590000002,-535938.8444444444
7.313450264999915,-7722.949722222223
7.3138745359999575,-535938.8444444444
7.3154491579999785,-7722.949722222223
7.315873220999947,-535938.8444444444
7.317453250999961,-7722.949722222223
7.317877417999966,-535938.8444444444
7.319445149999979,-7722.949722222223
7.3198748099999875,-535938.8444444444
7.321451496999998,-7722.949722222223
7.321871430999977,-535938.8444444444
7.323446204999982,-7722.949722222223
7.323870487000022,-535938.8444444444
7.325450235999938,-7722.949722222223
7.325871872999983,-535938.8444444444
7.32744538399993,-7722.949722222223
7.327872568999965,-535938.8444444444
7.32944738599997,-7722.949722222223
7.329874754999992,-535938.8444444444
7.331446851999999,-7722.949722222223
7.331874402999915,-535938.8444444444
7.3334493070000235,-7722.949722222223
7.333874250000008,-535938.8444444444
7.335450375999926,-7722.949722222223
7.335874779999926,-535938.8444444444
7.337446285999931,-7722.949722222223
7.337872746000016,-535938.8444444444
7.339450348000014,-7722.949722222223
7.339876892999996,-535938.8444444444
7.341450119000001,-7722.949722222223
7.341874341999983,-535938.8444444444
7.343423127999927,-7722.949722222223
7.343853564000028,-535938.8444444444
7.3454775829999335,-7722.949722222223
7.345903325999984,-535938.8444444444
7.347389218999979,-7722.949722222223
7.347756261999962,-535938.8444444444
7.349122334999947,-7722.949722222223
7.349547106999921,-535938.8444444444
7.35102089499992,-7722.949722222223
7.351628061999918,-535938.8444444444
7.352952286000004,-7722.949722222223
7.353528044999962,-535938.8444444444
7.354933917999915,-7722.949722222223
7.355406051999921,-535938.8444444444
7.356553110999926,-7722.949722222223
7.356980466999971,-535938.8444444444
7.358387655000001,-7722.949722222223
7.358906898999976,-535938.8444444444
7.360177703999966,-7722.949722222223
7.360598600000003,-535938.8444444444
7.362145119999923,-7722.949722222223
7.362743453999997,-535938.8444444444
7.364005335999991,-7722.949722222223
7.36458436800001,-535938.8444444444
7.365862688999982,-7722.949722222223
7.366235099999926,-535938.8444444444
7.367565483000021,-7722.949722222223
7.367975865999938,-535938.8444444444
7.369853018999947,-7722.949722222223
7.370324604999951,-535938.8444444444
7.371524455999975,-7722.949722222223
7.371954873999925,-535938.8444444444
7.373162093000019,-7722.949722222223
7.373913558000027,-535938.8444444444
7.37518197299994,-7722.949722222223
7.37560371699999,-535938.8444444444
7.377126829999952,-7722.949722222223
7.377558980999993,-535938.8444444444
7.379190403999928,-7722.949722222223
7.37962534299993,-535938.8444444444
7.381115991999991,-7722.949722222223
7.3815103129999216,-535938.8444444444
7.383165916999928,-7722.949722222223
7.383589825999934,-535938.8444444444
7.385133807999978,-7722.949722222223
7.385527462000027,-535938.8444444444
7.387178415999983,-7722.949722222223
7.387602294999965,-535938.8444444444
7.389127023000015,-7722.949722222223
7.3895238659999904,-535938.8444444444
7.391123765999964,-7722.949722222223
7.391547341999967,-535938.8444444444
7.393005453000001,-7722.949722222223
7.393634141999996,-535938.8444444444
7.395002745999932,-7722.949722222223
7.395478705999949,-535938.8444444444
7.396916128999919,-7722.949722222223
7.397388151999962,-535938.8444444444
7.3986004070000035,-7722.949722222223
7.398979843000006,-535938.8444444444
7.400451771000007,-7722.949722222223
7.400878117999923,-535938.8444444444
7.402232716999947,-7722.949722222223
7.402705924999964,-535938.8444444444
7.40437297699998,-7722.949722222223
7.4048070889999735,-535938.8444444444
7.406127674000004,-7722.949722222223
7.406552749999946,-535938.8444444444
7.408101708999993,-7722.949722222223
7.408489809000002,-535938.8444444444
7.410121506999985,-7722.949722222223
7.410518708999916,-535938.8444444444
7.41211182699999,-7722.949722222223
7.412731243999929,-535938.8444444444
7.414029522999954,-7722.949722222223
7.414355687000011,-535938.8444444444
7.415931702999956,-7722.949722222223
7.416504798999995,-535938.8444444444
7.4179189039999756,-7722.949722222223
7.418444967000028,-535938.8444444444
7.419643513999972,-7722.949722222223
7.420038481000006,-535938.8444444444
7.421917171000018,-7722.949722222223
7.422388319999982,-535938.8444444444
7.423947022999982,-7722.949722222223
7.424367055999937,-535938.8444444444
7.425626401999921,-7722.949722222223
7.426021590999994,-535938.8444444444
7.427632768999956,-7722.949722222223
7.428014824000002,-535938.8444444444
7.429672054999969,-7722.949722222223
7.430053182999927,-535938.8444444444
7.431512162999979,-7722.949722222223
7.431932964999987,-535938.8444444444
7.43375271299999,-7722.949722222223
7.434150943999953,-535938.8444444444
7.4352409299999636,-7722.949722222223
7.435985755999923,-535938.8444444444
7.437215403999971,-7722.949722222223
7.437643822999917,-535938.8444444444
7.439427045999992,-7722.949722222223
7.439850974000024,-535938.8444444444
7.441211861999932,-7722.949722222223
7.441695527999968,-535938.8444444444
7.443203597999968,-7722.949722222223
7.443851135999921,-535938.8444444444
7.4450270749999845,-7722.949722222223
7.4454522769999585,-535938.8444444444
7.447097443999951,-7722.949722222223
7.447488626999984,-535938.8444444444
7.449080623999976,-7722.949722222223
7.449632569999949,-535938.8444444444
7.450746863999939,-7722.949722222223
7.4511510629999975,-535938.8444444444
7.452852138000026,-7722.949722222223
7.453324969999926,-535938.8444444444
7.4546124699999154,-7722.949722222223
7.455017389999966,-535938.8444444444
7.4568953059999785,-7722.949722222223
7.457460116999982,-535938.8444444444
7.458915436999973,-7722.949722222223
7.459382716999926,-535938.8444444444
7.460605474999966,-7722.949722222223
7.46101901399993,-535938.8444444444
7.462500447000025,-7722.949722222223
7.462919177000003,-535938.8444444444
7.464539076999927,-7722.949722222223
7.46496376999994,-535938.8444444444
7.466499934000012,-7722.949722222223
7.466922686999965,-535938.8444444444
7.468742882000015,-7722.949722222223
7.469152178999934,-535938.8444444444
7.4704355289999285,-7722.949722222223
7.470925915999942,-535938.8444444444
7.472187873999928,-7722.949722222223
7.472585761999994,-535938.8444444444
7.47442897399992,-7722.949722222223
7.475045035999983,-535938.8444444444
7.47637436399998,-7722.949722222223
7.476802452000015,-535938.8444444444
7.478168062999998,-7722.949722222223
7.478658991999964,-535938.8444444444
7.480207840999924,-7722.949722222223
7.480741758000022,-535938.8444444444
7.4819153979999555,-7722.949722222223
7.482489112999929,-535938.8444444444
7.483875828999999,-7722.949722222223
7.484354906000021,-535938.8444444444
7.485618835999958,-7722.949722222223
7.486013261999915,-535938.8444444444
7.487853383000015,-7722.949722222223
7.48836259899997,-535938.8444444444
7.489501615999984,-7722.949722222223
7.4898928059999434,-535938.8444444444
7.49118406499997,-7722.949722222223
7.491584837000005,-535938.8444444444
7.493356746000018,-7722.949722222223
7.493784376999997,-535938.8444444444
7.4951780919999464,-7722.949722222223
7.495608008999966,-535938.8444444444
7.497357188000024,-7722.949722222223
7.497783486999992,-535938.8444444444
7.499170718999949,-7722.949722222223
7.499660872999925,-535938.8444444444
7.501186701999927,-7722.949722222223
7.501610725999967,-535938.8444444444
7.5032212859999845,-7722.949722222223
7.503651034999962,-535938.8444444444
7.505334715999993,-7722.949722222223
7.505759731000012,-535938.8444444444
7.507153355000014,-7722.949722222223
7.507593062999945,-535938.8444444444
7.5090625560000035,-7722.949722222223
7.509530582000025,-535938.8444444444
7.511071013999981,-7722.949722222223
7.511501634999945,-535938.8444444444
7.513098200999934,-7722.949722222223
7.513518433999934,-535938.8444444444
7.5150404839999965,-7722.949722222223
7.51564279899992,-535938.8444444444
7.516724826999962,-7722.949722222223
7.517151860000013,-535938.8444444444
7.518753197000024,-7722.949722222223
7.519150201999992,-535938.8444444444
7.5208462570000165,-7722.949722222223
7.521206080999946,-535938.8444444444
7.522839176999923,-7722.949722222223
7.52320259399994,-535938.8444444444
7.5248701009999195,-7722.949722222223
7.525459794999961,-535938.8444444444
7.527606242999923,-7722.949722222223
7.52859545299998,-535938.8444444444
7.5294563069999185,-7722.949722222223
7.529715274999944,-535938.8444444444
7.53135509699996,-7722.949722222223
7.5317764330000045,-535938.8444444444
7.533219489999965,-7722.949722222223
7.533639849999986,-535938.7736111111
7.535184269999945,-7722.949722222223
7.535638681000023,-535938.7736111111
7.537168939000026,-7722.949722222223
7.537596837000024,-535938.8444444444
7.5393819549999535,-7722.949722222223
7.539810139999986,-535938.8444444444
7.541362291999917,-7722.949722222223
7.54178397599992,-535938.8444444444
7.543130367000003,-7722.949722222223
7.543576238000014,-535938.8444444444
7.54522116499993,-7722.949722222223
7.545643650999978,-535938.7736111111
7.547196432999954,-7722.949722222223
7.547653260999937,-535938.8444444444
7.549177020999991,-7722.949722222223
7.549610965999932,-535938.8444444444
7.551169224999967,-7722.949722222223
7.551775023999994,-535938.8444444444
7.553012290999959,-7722.949722222223
7.5534359339999355,-535938.8444444444
7.555043155000021,-7722.949722222223
7.555651157999932,-535938.8444444444
7.557094801999938,-7722.949722222223
7.557531734999998,-535938.8444444444
7.559047732999943,-7722.949722222223
7.559633474999941,-535938.8444444444
7.5610948620000045,-7722.949722222223
7.561498469999947,-535938.8444444444
7.562998335999964,-7722.949722222223
7.563356067999962,-535938.8444444444
7.564944587000014,-7722.949722222223
7.565524116999995,-535938.8444444444
7.567143364999993,-7722.949722222223
7.567406957000003,-535938.7736111111
7.5687661239999215,-7722.949722222223
7.569327402999988,-535938.8444444444
7.570856745000015,-7722.949722222223
7.571329472000002,-535938.7736111111
7.572554308000008,-7722.949722222223
7.573087857000019,-535938.8444444444
7.575009610999928,-7722.949722222223
7.575360554999975,-535938.8444444444
7.576547787999971,-7722.949722222223
7.577114556999959,-535938.8444444444
7.578945037999915,-7722.949722222223
7.579235228000016,-535938.8444444444
7.580678657000021,-7722.949722222223
7.5809896529999605,-535938.7736111111
7.58287024599997,-7722.949722222223
7.58338263600001,-535938.7736111111
7.584620074999975,-7722.949722222223
7.584993218000022,-535938.8444444444
7.586172083999941,-7722.949722222223
7.586883044999922,-535938.7736111111
7.588029070999937,-7722.949722222223
7.58863316399993,-535938.8444444444
7.590073318000009,-7722.949722222223
7.590569102000018,-535938.7736111111
7.591980717999945,-7722.949722222223
7.59235004300001,-535938.8444444444
7.594007734999991,-7722.949722222223
7.594579247999945,-535938.8444444444
7.595875707000005,-7722.949722222223
7.596461404000024,-535938.8444444444
7.597614969999995,-7722.949722222223
7.598014841000008,-535938.7736111111
7.599553647999983,-7722.949722222223
7.599980073999973,-535938.7736111111
7.601563229000021,-7722.949722222223
7.601982016999955,-535938.8444444444
7.603536945999963,-7722.949722222223
7.604003245999934,-535938.7736111111
7.605876577000004,-7722.949722222223
7.60623929999997,-535938.8444444444
7.607537869999987,-7722.949722222223
7.607961995999972,-535938.7736111111
7.609962814000028,-7722.949722222223
7.610462493,-535938.8444444444
7.611652234999951,-7722.949722222223
7.612113853999972,-535938.7736111111
7.613284037999961,-7722.949722222223
7.613901250000026,-535938.7736111111
7.615205048000007,-7722.949722222223
7.61554610099995,-535938.8444444444
7.617955574000007,-7722.949722222223
7.618434900000011,-535938.7736111111
7.620506834000025,-7722.949722222223
7.621148989999938,-535938.7736111111
7.621996697999975,-7722.949722222223
7.622678964999977,-535938.7736111111
7.624103117000004,-7722.949722222223
7.624523080000017,-535938.7736111111
7.626415245999965,-7722.949722222223
7.626778655999942,-535938.7736111111
7.628224175000014,-7722.949722222223
7.628611313999954,-535938.8444444444
7.629991479999944,-7722.949722222223
7.630595745999926,-535938.7736111111
7.632044942999983,-7722.949722222223
7.632569123999929,-535938.7736111111
7.633968357999947,-7722.949722222223
7.634486401000004,-535938.8444444444
7.635947011999974,-7722.949722222223
7.636509708999938,-535938.8444444444
7.637944169999969,-7722.949722222223
7.638463552999951,-535938.7736111111
7.639922286000001,-7722.949722222223
7.640437186999975,-535938.8444444444
7.641701851999983,-7722.949722222223
7.642200982999952,-535938.8444444444
7.643565827999964,-7722.949722222223
7.644133049999937,-535938.7736111111
7.64553277899995,-7722.949722222223
7.645960995999985,-535938.7736111111
7.647526385999981,-7722.949722222223
7.647955167999953,-535938.7736111111
7.649531058999969,-7722.949722222223
7.64995555500002,-535938.7736111111
7.651505766000014,-7722.949722222223
7.652085629999988,-535938.7736111111
7.65377890000002,-7722.949722222223
7.65415753100001,-535938.7736111111
7.6555148119999785,-7722.949722222223
7.655940127000008,-535938.7736111111
7.657757087999926,-7722.949722222223
7.65814993999993,-535938.8444444444
7.659511022999936,-7722.949722222223
7.659938907999958,-535938.7736111111
7.661751208999931,-7722.949722222223
7.662149580000005,-535938.7736111111
7.663497185999972,-7722.949722222223
7.6639208689999805,-535938.7736111111
7.665543523999986,-7722.949722222223
7.665968389999989,-535938.7736111111
7.667506596999942,-7722.949722222223
7.667932047000022,-535938.7736111111
7.669737988999941,-7722.949722222223
7.670150611999929,-535938.8444444444
7.671501026999977,-7722.949722222223
7.671925266000017,-535938.7736111111
7.673542897999937,-7722.949722222223
7.67396609299999,-535938.7736111111
7.67549876399994,-7722.949722222223
7.675924081999938,-535938.7736111111
7.677543704999948,-7722.949722222223
7.677968312999951,-535938.8444444444
7.679504674999976,-7722.949722222223
7.67993026900001,-535938.7736111111
7.681738128999996,-7722.949722222223
7.682151630000021,-535938.7736111111
7.683225823999919,-7722.949722222223
7.683976619999953,-535938.7736111111
7.685219313999937,-7722.949722222223
7.685643012000014,-535938.7736111111
7.6872043109999595,-7722.949722222223
7.68759786499993,-535938.7736111111
7.689214862999961,-7722.949722222223
7.689642777000017,-535938.7736111111
7.691203568999981,-7722.949722222223
7.691600124999923,-535938.7736111111
7.693202134999979,-7722.949722222223
7.693627744999958,-535938.7736111111
7.695213136999996,-7722.949722222223
7.695611824000025,-535938.7736111111
7.697330723999926,-7722.949722222223
7.69775649799999,-535938.7736111111
7.699359175999916,-7722.949722222223
7.699785682999959,-535938.7736111111
7.701330129999974,-7722.949722222223
7.701758502999951,-535938.7736111111
7.703423487000009,-7722.949722222223
7.704032806999976,-535938.8444444444
7.705375603999983,-7722.949722222223
7.705807202999949,-535938.7736111111
7.707180819999962,-7722.949722222223
7.70768486299994,-535938.7736111111
7.709274916000027,-7722.949722222223
7.710076127999969,-535938.7736111111
7.711067225999955,-7722.949722222223
7.711703446999991,-535938.7736111111
7.712823572999923,-7722.949722222223
7.713175666999973,-535938.7736111111
7.714884946999973,-7722.949722222223
7.715458553999952,-535938.7736111111
7.7169306869999446,-7722.949722222223
7.717387519999988,-535938.7736111111
7.718864778000011,-7722.949722222223
7.7192329580000205,-535938.7736111111
7.720562875999917,-7722.949722222223
7.7209472769999365,-535938.7736111111
7.722170369999958,-7722.949722222223
7.722661754000001,-535938.7736111111
7.7243260440000086,-7722.949722222223
7.724753514999975,-535938.7736111111
7.72642572299992,-7722.949722222223
7.72707857499995,-535938.7736111111
7.728408188000003,-7722.949722222223
7.728809922999972,-535938.7736111111
7.730179764000013,-7722.949722222223
7.73065837799993,-535938.7736111111
7.732185609999988,-7722.949722222223
7.732612486999983,-535938.7736111111
7.734363508000001,-7722.949722222223
7.734795788999918,-535938.7736111111
7.736153507999916,-7722.949722222223
7.73665172099993,-535938.7736111111
7.738188830000013,-7722.949722222223
7.738724513999955,-535938.7736111111
7.739945599999942,-7722.949722222223
7.7405263819999846,-535938.7736111111
7.741988246000005,-7722.949722222223
7.742346425999926,-535938.7736111111
7.744011794000016,-7722.949722222223
7.744436782999969,-535938.7736111111
7.746062246999941,-7722.949722222223
7.7464954419999685,-535938.7736111111
7.74795841699995,-7722.949722222223
7.748434968999959,-535938.7736111111
7.749854012000014,-7722.949722222223
7.750231473999975,-535938.7736111111
7.751637665999965,-7722.949722222223
7.751982487999953,-535938.7736111111
7.753458855999952,-7722.949722222223
7.754149308000024,-535938.7736111111
7.754965081000023,-7722.949722222223
7.755568555999957,-535938.7736111111
7.756726663999984,-7722.949722222223
7.757508988999916,-535938.7736111111
7.759544672999937,-7722.949722222223
7.759932772999946,-535938.7736111111
7.761466193999922,-7722.949722222223
7.761877197999979,-535938.7736111111
7.763373483000009,-7722.949722222223
7.763938003000021,-535938.7736111111
7.765484429000026,-7722.949722222223
7.765754320999918,-535938.7736111111
7.767167237999956,-7722.949722222223
7.767558132999966,-535938.7736111111
7.769570112999986,-7722.949722222223
7.7700841469999204,-535938.7736111111
7.7714495919999536,-7722.949722222223
7.771875654999917,-535938.7736111111
7.7734532339999305,-7722.949722222223
7.773872931000028,-535938.7736111111
7.775450449999994,-7722.949722222223
7.775877954999942,-535938.7736111111
7.777416463000009,-7722.949722222223
7.777837900000009,-535938.7736111111
7.779269451000005,-7722.949722222223
7.7797515469999325,-535938.7736111111
7.780874620999953,-7722.949722222223
7.781231505999926,-535938.7736111111
7.782963282999958,-7722.949722222223
7.783568354999943,-535938.7736111111
7.7849749239999255,-7722.949722222223
7.785454526999956,-535938.7736111111
7.78650625399996,-7722.949722222223
7.786932084,-535938.7736111111
7.788454958999978,-7722.949722222223
7.78887870799997,-535938.7736111111
7.790944845000013,-7722.949722222223
7.791398322999953,-535938.7736111111
7.7928569189999735,-7722.949722222223
7.793229476999954,-535938.7736111111
7.7945532119999825,-7722.949722222223
7.795102006999969,-535938.7736111111
7.796885416999999,-7722.949722222223
7.797349843000006,-535938.7736111111
7.799428105999937,-7722.949722222223
7.800143115999958,-535938.7736111111
7.80095943699996,-7722.949722222223
7.801870559000008,-535938.7736111111
7.80278444399994,-7722.949722222223
7.803148283999917,-535938.7736111111
7.804556724000008,-7722.949722222223
7.805130319999989,-535938.7736111111
7.807392218000018,-7722.949722222223
7.808132713999953,-535938.7736111111
7.809437353000021,-7722.949722222223
7.810059893000016,-535938.7736111111
7.811170940000011,-7722.949722222223
7.811737540999957,-535938.7736111111
7.813005917999931,-7722.949722222223
7.81335663099992,-535938.7736111111
7.81507008899996,-7722.949722222223
7.815651809999963,-535938.7736111111
7.817092774999992,-7722.949722222223
7.817202058000021,-535938.7736111111
7.8185349319999204,-7722.949722222223
7.819121371999927,-535938.7736111111
7.820962152999982,-7722.949722222223
7.821521594999922,-535938.7736111111
7.82288238000001,-7722.949722222223
7.823425726999972,-535938.7736111111
7.824515468999948,-7722.949722222223
7.824935279999977,-535938.7736111111
7.826439479999976,-7722.949722222223
7.826973571999929,-535938.7736111111
7.828151558999934,-7722.949722222223
7.828586300999973,-535938.7736111111
7.830113931000028,-7722.949722222223
7.830729335000001,-535938.7736111111
7.8319973999999775,-7722.949722222223
7.832473768,-535938.7736111111
7.833932635999986,-7722.949722222223
7.83450962400002,-535938.7736111111
7.8359691669999165,-7722.949722222223
7.836522768999998,-535938.7736111111
7.837940817000003,-7722.949722222223
7.83851589599999,-535938.7736111111
7.839947402000007,-7722.949722222223
7.840423410999961,-535938.7736111111
7.84198224499994,-7722.949722222223
7.84258858599992,-535938.7736111111
7.843867408999927,-7722.949722222223
7.84423543999992,-535938.7736111111
7.845839943999977,-7722.949722222223
7.846207161999928,-535938.7736111111
7.847535465999954,-7722.949722222223
7.84795572500002,-535938.7736111111
7.849851850999926,-7722.949722222223
7.850203215999954,-535938.7736111111
7.852097779000019,-7722.949722222223
7.852436134999948,-535938.7736111111
7.85384013800001,-7722.949722222223
7.854206995000027,-535938.7736111111
7.856190153999933,-7722.949722222223
7.856837528000028,-535938.7736111111
7.858126111999923,-7722.949722222223
7.858646940999961,-535938.7736111111
7.860121384999957,-7722.949722222223
7.860492148999924,-535938.7736111111
7.862035649999939,-7722.949722222223
7.86235000399995,-535938.7736111111
7.8636193969999795,-7722.949722222223
7.864029051999978,-535938.7736111111
7.865514078999922,-7722.949722222223
7.865895243999944,-535938.7736111111
7.868014731000017,-7722.949722222223
7.868787300999998,-535938.7736111111
7.869756185000028,-7722.949722222223
7.870240790000025,-535938.7736111111
7.872458284000004,-7722.949722222223
7.872889756999939,-535938.7736111111
7.874697898000022,-7722.949722222223
7.875071263999985,-535938.7736111111
7.876376638000011,-7722.949722222223
7.8767571509999925,-535938.7736111111
7.878734515000019,-7722.949722222223
7.8790609970000105,-535938.7736111111
7.88076136299992,-7722.949722222223
7.881149224999945,-535938.7736111111
7.882531078999932,-7722.949722222223
7.882959422999988,-535938.7736111111
7.884531733000017,-7722.949722222223
7.88495723199992,-535938.7736111111
7.88663597599998,-7722.949722222223
7.887038680999922,-535938.7736111111
7.8885099489999675,-7722.949722222223
7.888944590999927,-535938.7736111111
7.890519450999932,-7722.949722222223
7.890951152999946,-535938.7736111111
7.892505642999936,-7722.949722222223
7.892954766000003,-535938.7736111111
7.89451403399994,-7722.949722222223
7.894953854999926,-535938.7736111111
7.896498314999917,-7722.949722222223
7.896886408,-535938.7736111111
7.898677840000005,-7722.949722222223
7.899103214999968,-535938.7736111111
7.901035090999926,-7722.949722222223
7.9016522370000075,-535938.7736111111
7.9028318790000185,-7722.949722222223
7.9032108899999685,-535938.7736111111
7.904531625999994,-7722.949722222223
7.904965625999921,-535938.7736111111
7.906514415999936,-7722.949722222223
7.906945102000009,-535938.7736111111
7.9085038810000015,-7722.949722222223
7.908937558999924,-535938.7736111111
7.911459112999978,-7722.949722222223
7.912004701000001,-535938.7736111111
7.913161530000025,-7722.949722222223
7.913619443000016,-535938.7736111111
7.915248097000017,-7722.949722222223
7.915662954000027,-535938.7736111111
7.917104049999921,-7722.949722222223
7.91811631600001,-535938.7736111111
7.920032608999918,-7722.949722222223
7.920503465000024,-535938.7736111111
7.921683222999945,-7722.949722222223
7.922605050000016,-535938.7736111111
7.9236146250000274,-7722.949722222223
7.924017621999951,-535938.7736111111
7.925483770000028,-7722.949722222223
7.927119951999998,-7722.949722222223
7.928106866000007,-535938.7736111111
7.928982614999995,-7722.949722222223
7.9296085189999985,-535938.7736111111
7.931013495000002,-7722.949722222223
7.9314380229999415,-535938.7736111111
7.933082086000013,-7722.949722222223
7.933485455999971,-535938.7736111111
7.935072090999938,-7722.949722222223
7.935497396999949,-535938.7736111111
7.9377658349999365,-7722.949722222223
7.938153407999948,-535938.7736111111
7.93947355499995,-7722.949722222223
7.939904136999985,-535938.7736111111
7.94202984399999,-7722.949722222223
7.942692314999931,-535938.7736111111
7.943688001999931,-7722.949722222223
7.944120476999956,-535938.7736111111
7.945756483999958,-7722.949722222223
7.946572768999999,-535938.7736111111
7.947533654999916,-7722.949722222223
7.9479601619999585,-535938.7736111111
7.949527368999952,-7722.949722222223
7.950035204999949,-535938.7736111111
7.951522382999997,-7722.949722222223
7.95209726600001,-535938.7736111111
7.953695044000028,-7722.949722222223
7.954256602999976,-535938.7736111111
7.955180824999957,-7722.949722222223
7.955640212999924,-535938.7736111111
7.957495441999981,-7722.949722222223
7.957760047999955,-535938.7736111111
7.95918291800001,-7722.949722222223
7.960143953999932,-535938.7736111111
7.960787832999927,-7722.949722222223
7.961278041000014,-535938.7736111111
7.963048067999921,-7722.949722222223
7.963338918999966,-535938.7736111111
7.965130725999984,-7722.949722222223
7.96556572399993,-535938.7736111111
7.967237023999928,-7722.949722222223
7.967663039999934,-535938.7736111111
7.969224445000009,-7722.949722222223
7.969836578000013,-535938.7736111111
7.971063320999974,-7722.949722222223
7.9715807079999195,-535938.7736111111
7.972753108999996,-7722.949722222223
7.973148614000024,-535938.7736111111
7.974855193999929,-7722.949722222223
7.975227612000026,-535938.7736111111
7.976554252000028,-7722.949722222223
7.9769703869999375,-535938.7736111111
7.978470451000021,-7722.949722222223
7.978897341999982,-535938.7736111111
7.980481501999975,-7722.949722222223
7.9809010110000145,-535938.7736111111
7.9824422899999945,-7722.949722222223
7.982868979999921,-535938.7736111111
7.984542099000009,-7722.949722222223
7.9847652039999275,-535938.7736111111
7.986150808999923,-7722.949722222223
7.986611519999997,-535938.7736111111
7.988004811999986,-7722.949722222223
7.9883519289999185,-535938.7736111111
7.989944971,-7722.949722222223
7.990523502999963,-535938.7736111111
7.991994047999924,-7722.949722222223
7.992409835999979,-535938.7736111111
7.99402227500002,-7722.949722222223
7.994438921999972,-535938.7736111111
7.996046569999976,-7722.949722222223
7.996650374999945,-535938.7736111111
7.998083922999967,-7722.949722222223
7.9987143609999976,-535938.7736111111
8.000091687000008,-7722.949722222223
8.000520176999999,-535938.7736111111
8.00204988500002,-7722.949722222223
8.002642395999942,-535938.7736111111
8.00410994799995,-7722.949722222223
8.004629582000007,-535938.7736111111
8.006058225999936,-7722.949722222223
8.006536471999993,-535938.7736111111
8.007991188999995,-7722.949722222223
8.008349886000019,-535938.7736111111
8.010014198000022,-7722.949722222223
8.010497648999944,-535938.7736111111
8.011969959999988,-7722.949722222223
8.012442544999999,-535938.7736111111
8.013528596000015,-7722.949722222223
8.014113043999942,-535938.7736111111
8.015276710999956,-7722.949722222223
8.015761392999934,-535938.7736111111
8.017319983999982,-7722.949722222223
8.01774297399993,-535938.7736111111
8.019136586999934,-7722.949722222223
8.01955943500002,-535938.7736111111
8.021526120999965,-7722.949722222223
8.021756990999961,-535938.7736111111
8.023041888999956,-7722.949722222223
8.023499325999978,-535938.7736111111
8.025037168999916,-7722.949722222223
8.025649156999975,-535938.7736111111
8.027084611999953,-7722.949722222223
8.027486159999967,-535938.7736111111
8.028970845000003,-7722.949722222223
8.02932384799999,-535938.7736111111
8.031163298000024,-7722.949722222223
8.031545537999932,-535938.7736111111
8.032951707999928,-7722.949722222223
8.033473501000003,-535938.7736111111
8.034509071999992,-7722.949722222223
8.034938789999956,-535938.7736111111
8.036451158999967,-7722.949722222223
8.03688372900001,-535938.7736111111
8.038371886999926,-7722.949722222223
8.039119503999927,-535938.7736111111
8.040149719999931,-7722.949722222223
8.040592984,-535938.7736111111
8.042219946999921,-7722.949722222223
8.04273952699998,-535938.7736111111
8.044149945999948,-7722.949722222223
8.044488063000017,-535938.7736111111
8.045664779999925,-7722.949722222223
8.04631890600001,-535938.7736111111
8.047291567000002,-7722.949722222223
8.048035814999935,-535938.7736111111
8.049444816000005,-7722.949722222223
8.050057530999993,-535938.7736111111
8.051425762999997,-7722.949722222223
8.051850627000022,-535938.7736111111
8.053344481999943,-7722.949722222223
8.053838078000013,-535938.7736111111
8.055229424000004,-7722.949722222223
8.055511832999969,-535938.7736111111
8.057353822999971,-7722.949722222223
8.057618877999971,-535938.7736111111
8.059144199000002,-7722.949722222223
8.059535291999964,-535938.7736111111
8.061138689000018,-7722.949722222223
8.061544922999929,-535938.7736111111
8.062409093999918,-7722.949722222223
8.064178762999973,-7722.949722222223
8.06509559199992,-535938.7736111111
8.065697651999926,-7722.949722222223
8.066536929999984,-535938.7736111111
8.067717345999995,-7722.949722222223
8.06797940599995,-535938.7736111111
8.069705710999983,-7722.949722222223
8.070170804999975,-535938.7736111111
8.07118814599994,-7722.949722222223
8.071704867999983,-535938.7736111111
8.07354559099997,-7722.949722222223
8.07415025399996,-535938.7736111111
8.07530696799995,-7722.949722222223
8.075735490999932,-535938.7736111111
8.077418476999924,-7722.949722222223
8.077994733999958,-535938.7736111111
8.078996083999982,-7722.949722222223
8.079785345999994,-535938.7736111111
8.081348609999964,-7722.949722222223
8.08173017699994,-535938.7736111111
8.082956900999989,-7722.949722222223
8.08346820600002,-535938.7736111111
8.084568140999977,-7722.949722222223
8.08496042899992,-535938.7736111111
8.086157040999979,-7722.949722222223
8.086556032999965,-535938.7736111111
8.087925662999965,-7722.949722222223
8.088418617000002,-535938.7736111111
8.089577160999966,-7722.949722222223
8.089959355000019,-535938.7736111111
8.091180014999964,-7722.949722222223
8.09180925599992,-535938.7736111111
8.092920944999946,-7722.949722222223
8.093414345999918,-535938.7736111111
8.094529426000008,-7722.949722222223
8.09495572100002,-535938.7736111111
8.096447974999933,-7722.949722222223
8.096851356999991,-535938.7736111111
8.098151723,-7722.949722222223
8.09881011999994,-535938.7736111111
8.099894836999965,-7722.949722222223
8.10037282099995,-535938.7736111111
8.10141446900002,-7722.949722222223
8.10191686600001,-535938.7736111111
8.10307250400001,-7722.949722222223
8.103739818999998,-535938.7736111111
8.105423862999942,-7722.949722222223
8.105795049999983,-535938.7736111111
8.106926870999928,-7722.949722222223
8.107471534999945,-535938.7736111111
8.108824702999982,-7722.949722222223
8.109172159999957,-535938.7736111111
8.110395203999929,-7722.949722222223
8.110891660999982,-535938.7736111111
8.112018913999918,-7722.949722222223
8.112553394999964,-535938.7736111111
8.113663808999945,-7722.949722222223
8.114271254999949,-535938.7736111111
8.115442099000006,-7722.949722222223
8.116051664999986,-535938.7736111111
8.117152031999922,-7722.949722222223
8.117772224999953,-535938.7736111111
8.118928765999954,-7722.949722222223
8.119303761999959,-535938.7736111111
8.120639428999993,-7722.949722222223
8.121021434999989,-535938.7736111111
8.122175791000018,-7722.949722222223
8.122673890999977,-535938.7736111111
8.123811752999927,-7722.949722222223
8.124200149999979,-535938.7736111111
8.125147851999941,-7722.949722222223
8.125843868999937,-535938.7736111111
8.127117368999961,-7722.949722222223
8.127487846999998,-535938.7736111111
8.129679210999939,-7722.949722222223
8.130274804999999,-535938.7736111111
8.131922578999934,-7722.949722222223
8.132454832999997,-535938.7736111111
8.133918041000015,-7722.949722222223
8.134393183999919,-535938.7736111111
8.135991482999998,-7722.949722222223
8.136559037999973,-535938.7736111111
8.138082234999956,-7722.949722222223
8.138842316000023,-535938.7736111111
8.140017548999936,-7722.949722222223
8.140653799000006,-535938.7736111111
8.141941963000022,-7722.949722222223
8.142274473999919,-535938.7736111111
8.14363287499998,-7722.949722222223
8.144174958999997,-535938.7736111111
8.14592367199998,-7722.949722222223
8.146438296999918,-535938.7736111111
8.148094724999964,-7722.949722222223
8.148470710999959,-535938.7736111111
8.15001981599994,-7722.949722222223
8.15045178999992,-535938.7736111111
8.152086230000009,-7722.949722222223
8.152482822000024,-535938.7736111111
8.154026190999957,-7722.949722222223
8.154459636999945,-535938.7736111111
8.156098361999966,-7722.949722222223
8.156650749999926,-535938.7736111111
8.158096009000019,-7722.949722222223
8.158504580999988,-535938.7736111111
8.160100672999988,-7722.949722222223
8.160522861000004,-535938.7736111111
8.162082847999955,-7722.949722222223
8.16248714400001,-535938.7736111111
8.164086286999918,-7722.949722222223
8.164701985999955,-535938.7736111111
8.166009662999954,-7722.949722222223
8.166302729999984,-535938.7736111111
8.167618765999919,-7722.949722222223
8.168130949999977,-535938.7736111111
8.170021496000004,-7722.949722222223
8.170483929999932,-535938.7736111111
8.172003569000026,-7722.949722222223
8.172503677000009,-535938.7736111111
8.173622240999975,-7722.949722222223
8.174064811999983,-535938.7736111111
8.175510550000013,-7722.949722222223
8.176191287999927,-535938.7736111111
8.177471710999953,-7722.949722222223
8.178247514999953,-535938.7736111111
8.179536955999993,-7722.949722222223
8.180148020999923,-535938.7736111111
8.181474407999985,-7722.949722222223
8.181973287000005,-535938.7736111111
8.183477595,-7722.949722222223
8.18394079899997,-535938.7736111111
8.185480904999963,-7722.949722222223
8.185899711999923,-535938.7736111111
8.187472088999925,-7722.949722222223
8.187902135999934,-535938.7736111111
8.189478060999932,-7722.949722222223
8.189907306999999,-535938.7736111111
8.19151306599997,-7722.949722222223
8.192068328999994,-535938.7736111111
8.193971955999928,-7722.949722222223
8.193995129999962,-535938.7736111111
8.195475525999996,-7722.949722222223
8.195911015999968,-535938.7736111111
8.197490578999918,-7722.949722222223
8.197901006999928,-535938.7736111111
8.199475942999925,-7722.949722222223
8.199899499000026,-535938.7736111111
8.20153127499998,-7722.949722222223
8.202117685999951,-535938.7736111111
8.203479583999979,-7722.949722222223
8.20391151299998,-535938.7736111111
8.205477719999976,-7722.949722222223
8.205911667999999,-535938.7736111111
8.207480697999927,-7722.949722222223
8.207906374999993,-535938.7736111111
8.209481007000022,-7722.949722222223
8.210140200999945,-535938.7736111111
8.211481892999927,-7722.949722222223
8.211905982999951,-535938.7736111111
8.213475126999924,-7722.949722222223
8.213906384999973,-535938.7736111111
8.215369806000012,-7722.949722222223
8.215964675999999,-535938.7736111111
8.217178789999934,-7722.949722222223
8.217634856000018,-535938.7736111111
8.219169282999928,-7722.949722222223
8.219591287999947,-535938.7736111111
8.221226317999935,-7722.949722222223
8.221837169999958,-535938.7736111111
8.22305897199999,-7722.949722222223
8.223689476000004,-535938.7736111111
8.225095797999984,-7722.949722222223
8.225488701000017,-535938.7736111111
8.22704420399998,-7722.949722222223
8.22765738999999,-535938.7736111111
8.229095678000022,-7722.949722222223
8.229483406999975,-535938.7736111111
8.231049631000019,-7722.949722222223
8.231656665999935,-535938.7736111111
8.233227115999966,-7722.949722222223
8.233617030999994,-535938.7736111111
8.235346327000002,-7722.949722222223
8.235781373999998,-535938.7736111111
8.23743122999997,-7722.949722222223
8.237860403000013,-535938.7736111111
8.239448359999983,-7722.949722222223
8.23987780699997,-535938.7736111111
8.241440623000017,-7722.949722222223
8.241872810000018,-535938.7736111111
8.243571406000001,-7722.949722222223
8.244084668000028,-535938.7736111111
8.245282139999972,-7722.949722222223
8.24576850699998,-535938.7736111111
8.247175094,-7722.949722222223
8.247576256000002,-535938.7736111111
8.249169171999938,-7722.949722222223
8.249594106000018,-535938.7736111111
8.251167118000012,-7722.949722222223
8.251591536999968,-535938.7736111111
8.253343710999957,-7722.949722222223
8.253766352999946,-535938.7736111111
8.255425381000009,-7722.949722222223
8.255848650999951,-535938.7736111111
8.257446494999954,-7722.949722222223
8.257868083999938,-535938.7736111111
8.259440208000001,-7722.949722222223
8.259865442999967,-535938.7736111111
8.261452000999952,-7722.949722222223
8.261744291000014,-535938.7736111111
8.263330432999965,-7722.949722222223
8.26368318099992,-535938.7736111111
8.265486061999923,-7722.949722222223
8.265798473000018,-535938.7736111111
8.267429917999948,-7722.949722222223
8.268030353999961,-535938.7736111111
8.269336589999966,-7722.949722222223
8.269747460999952,-535938.7736111111
8.271847030999993,-7722.949722222223
8.27220725899997,-535938.7736111111
8.273551245000021,-7722.949722222223
8.273986088000015,-535938.7736111111
8.276086652999993,-7722.949722222223
8.276504637000016,-535938.7736111111
8.278177638999978,-7722.949722222223
8.278446132999989,-535938.7736111111
8.280024529000002,-7722.949722222223
8.280633604999935,-535938.7736111111
8.282183014999987,-7722.949722222223
8.282602234000024,-535938.7736111111
8.28357478099997,-7722.949722222223
8.28401377299997,-535938.7736111111
8.285552309999957,-7722.949722222223
8.285971668000002,-535938.7736111111
8.287874779999925,-7722.949722222223
8.288238152999952,-535938.7736111111
8.289497932000017,-7722.949722222223
8.289912761999972,-535938.7736111111
8.291328437999937,-7722.949722222223
8.291730039999948,-535938.7736111111
8.293849292999994,-7722.949722222223
8.294346503999918,-535938.7736111111
8.296425741999997,-7722.949722222223
8.297098736999942,-535938.7736111111
8.298221859000023,-7722.949722222223
8.298741145999998,-535938.7736111111
8.299816568999972,-7722.949722222223
8.300224232000005,-535938.7736111111
8.30289846300002,-7722.949722222223
8.303374861999941,-535938.7736111111
8.305115150999995,-7722.949722222223
8.305661247999979,-535938.7736111111
8.307125541999994,-7722.949722222223
8.307505011999979,-535938.7736111111
8.309454562999917,-7722.949722222223
8.30988704899994,-535938.7736111111
8.311331700999972,-7722.949722222223
8.311697859999981,-535938.7736111111
8.31520448799995,-7722.949722222223
8.315747958999964,-535938.7736111111
8.317355217999989,-7722.949722222223
8.317779814999994,-535938.7736111111
8.319445264000024,-7722.949722222223
8.319970195999986,-535938.7736111111
8.32131282599994,-7722.949722222223
8.321698287999993,-535938.7736111111
8.323320463999949,-7722.949722222223
8.32392709499993,-535938.7736111111
8.325116873999946,-7722.949722222223
8.325722530999997,-535938.7736111111
8.327170146999947,-7722.949722222223
8.327556172999948,-535938.7736111111
8.329610516999992,-7722.949722222223
8.330125306000014,-535938.7736111111
8.33164035599998,-7722.949722222223
8.332100761999982,-535938.7736111111
8.335134473999915,-7722.949722222223
8.335823849999997,-535938.7736111111
8.33717891699996,-7722.949722222223
8.337539128000003,-535938.7736111111
8.339147852999986,-7722.949722222223
8.339568638999936,-535938.7736111111
8.341234611999994,-7722.949722222223
8.341657484999928,-535938.7736111111
8.343444947999956,-7722.949722222223
8.343857006000007,-535938.7736111111
8.345200900000009,-7722.949722222223
8.345698253000023,-535938.7736111111
8.347276212999986,-7722.949722222223
8.347811975000013,-535938.7736111111
8.348833766999974,-7722.949722222223
8.349247692999938,-535938.7736111111
8.350851274999968,-7722.949722222223
8.351229356999966,-535938.7736111111
8.352656287999935,-7722.949722222223
8.353031726999916,-535938.7736111111
8.354916359999947,-7722.949722222223
8.355398423999986,-535938.7736111111
8.356633175999946,-7722.949722222223
8.357170214999996,-535938.7736111111
8.358494499000017,-7722.949722222223
8.359112635999963,-535938.7736111111
8.360144793000018,-7722.949722222223
8.360863984999924,-535938.7736111111
8.362108110999998,-7722.949722222223
8.362541680999925,-535938.7736111111
8.36409631999993,-7722.949722222223
8.364487664999956,-535938.7736111111
8.36609174399996,-7722.949722222223
8.366521435999971,-535938.7736111111
8.368105328999945,-7722.949722222223
8.368496881999931,-535938.7736111111
8.37010373999999,-7722.949722222223
8.370517990999929,-535938.7736111111
8.372059963999959,-7722.949722222223
8.372493869999971,-535938.7736111111
8.373867561999987,-7722.949722222223
8.37445212199998,-535938.7736111111
8.375700628999994,-7722.949722222223
8.376156316999982,-535938.7736111111
8.377212424999925,-7722.949722222223
8.377893150999967,-535938.7736111111
8.379805390000001,-7722.949722222223
8.380174915999987,-535938.7736111111
8.382151915999998,-7722.949722222223
8.382444952000014,-535938.7736111111
8.38357482799995,-7722.949722222223
8.383930471999975,-535938.7736111111
8.385340006999968,-7722.949722222223
8.38576564799996,-535938.7736111111
8.387426042000016,-7722.949722222223
8.387850198000024,-535938.7736111111
8.389208566999969,-7722.949722222223
8.389687159000005,-535938.7736111111
8.391238028999965,-7722.949722222223
8.391655674999924,-535938.7736111111
8.393564648999927,-7722.949722222223
8.394000462000008,-535938.7736111111
8.395622529999969,-7722.949722222223
8.39602872799992,-535938.7736111111
8.398085567999942,-7722.949722222223
8.398596687999998,-535938.7736111111
8.399894195000002,-7722.949722222223
8.40036781699996,-535938.7736111111
8.401909175000014,-7722.949722222223
8.402378039999917,-535938.7736111111
8.403796423000017,-7722.949722222223
8.404149159999974,-535938.7736111111
8.40611395399992,-7722.949722222223
8.406474924999998,-535938.7736111111
8.407883235999975,-7722.949722222223
8.408256169999959,-531278.7913888888
8.409797233999939,-7722.949722222223
8.410149257999933,-531278.7202777778
8.411603960999969,-7722.949722222223
8.412023776999945,-535938.7736111111
8.41358831599996,-7722.949722222223
8.414029637999988,-535938.7736111111
8.415573761000019,-7722.949722222223
8.416004978999922,-535938.7736111111
8.417467442999964,-7722.949722222223
8.418034244999944,-535938.7736111111
8.419782544999975,-7722.949722222223
8.420157474999996,-535938.7736111111
8.423521198000003,-7722.949722222223
8.424115255999936,-535938.7736111111
8.425361910999982,-7722.949722222223
8.425764612999956,-535938.7736111111
8.427198905999944,-7722.949722222223
8.42758473999993,-535938.7736111111
8.429481695999925,-7722.949722222223
8.430081334999954,-535938.7736111111
8.432122972999991,-7722.949722222223
8.432814441000005,-535938.7736111111
8.434204059999956,-7722.949722222223
8.434632928999918,-535938.7736111111
8.43704513099999,-7722.949722222223
8.437577034000014,-535938.7736111111
8.44025042599992,-7722.949722222223
8.440560785999992,-535938.7736111111
8.442361226999992,-7722.949722222223
8.442798642999946,-535938.7736111111
8.44423355799995,-7722.949722222223
8.44472899599998,-535938.7736111111
8.446183094999924,-7722.949722222223
8.446589786999994,-535938.7736111111
8.448168183000007,-7722.949722222223
8.448563554999964,-535938.7736111111
8.451571854999997,-7722.949722222223
8.452188136000018,-535938.7736111111
8.454019911999922,-7722.949722222223
8.454617216999964,-535938.7736111111
8.455941737999979,-7722.949722222223
8.456456976000027,-535938.7736111111
8.457436093999945,-7722.949722222223
8.45793666399993,-535938.7736111111
8.459286563999967,-7722.949722222223
8.459767259999921,-535938.7736111111
8.461370408999983,-7722.949722222223
8.461793861999922,-535938.7736111111
8.463145236999935,-7722.949722222223
8.463564428999916,-535938.7736111111
8.46545826299996,-7722.949722222223
8.465884166000023,-535938.7736111111
8.467281495999941,-7722.949722222223
8.467760989999988,-535938.7736111111
8.469184972999983,-7722.949722222223
8.469613753999965,-535938.7736111111
8.471366935999981,-7722.949722222223
8.471794706999958,-535938.7736111111
8.473451559999944,-7722.949722222223
8.473873140000023,-535938.7736111111
8.475286216999962,-7722.949722222223
8.475775294999949,-535938.7736111111
8.477176003999944,-7722.949722222223
8.477618581000002,-535938.7736111111
8.479154678999976,-7722.949722222223
8.479562084999998,-535938.7736111111
8.481354738999926,-7722.949722222223
8.481775191999986,-535938.7736111111
8.483443684999997,-7722.949722222223
8.483870674999935,-535938.7736111111
8.485244807999948,-7722.949722222223
8.485736840999948,-535938.7736111111
8.487468636000017,-7722.949722222223
8.487902937999934,-535938.7736111111
8.489174466999998,-7722.949722222223
8.489922487999934,-535938.7736111111
8.491458014999921,-7722.949722222223
8.491880422000008,-535938.7736111111
8.493440870999962,-7722.949722222223
8.49388473900001,-535938.7736111111
8.495271149000018,-7722.949722222223
8.495718011999998,-535938.7736111111
8.497123360999922,-7722.949722222223
8.497516345999998,-535938.7736111111
8.49917260899997,-7722.949722222223
8.499561348999919,-535938.7736111111
8.50115701599998,-7722.949722222223
8.501567884999986,-535938.7736111111
8.503189821999968,-7722.949722222223
8.503583456000001,-535938.7736111111
8.505138910000028,-7722.949722222223
8.505565046000015,-535938.7736111111
8.507151265999937,-7722.949722222223
8.507577562999927,-535938.7736111111
8.509456173999979,-7722.949722222223
8.509953902000007,-535938.7736111111
8.511968930999956,-7722.949722222223
8.512527095999985,-535938.7736111111
8.513982377999923,-7722.949722222223
8.514459596999927,-535938.7736111111
8.515947682999922,-7722.949722222223
8.516422518000013,-535938.7736111111
8.517936287999987,-7722.949722222223
8.518477792999988,-535938.7736111111
8.520128174999968,-7722.949722222223
8.520525041999917,-535938.7736111111
8.522002605000011,-7722.949722222223
8.522611066999957,-535938.7736111111
8.524215062999929,-7722.949722222223
8.524799482999924,-535938.7736111111
8.526185426999973,-7722.949722222223
8.52646495199997,-535938.7736111111
8.527985854999997,-7722.949722222223
8.528576626000017,-535938.7736111111
8.529969564999988,-7722.949722222223
8.530537835000018,-535938.7736111111
8.532893477000016,-7722.949722222223
8.533232380999948,-535938.7736111111
8.53453768299994,-7722.949722222223
8.534961877,-535938.7736111111
8.535971988000028,-7722.949722222223
8.536825674999932,-535938.7736111111
8.537563826999985,-7722.949722222223
8.53804159899994,-535938.7736111111
8.539991364999992,-7722.949722222223
8.540552538999918,-535938.7736111111
8.542001613000025,-7722.949722222223
8.542354434000003,-535938.7736111111
8.543702080000003,-7722.949722222223
8.544070155999975,-535938.7736111111
8.545515179999938,-7722.949722222223
8.545938503999992,-535938.7736111111
8.547469320000005,-7722.949722222223
8.547836769000014,-535938.7736111111
8.549205002000008,-7722.949722222223
8.549631387999966,-535938.7736111111
8.551125290999948,-7722.949722222223
8.551527613999951,-535938.7736111111
8.553044132999958,-7722.949722222223
8.553692868999974,-535938.7736111111
8.555010820000007,-7722.949722222223
8.555377368999984,-535938.7736111111
8.556854617999988,-7722.949722222223
8.557310356000016,-535938.7736111111
8.558519426999965,-7722.949722222223
8.558949477999931,-535938.7736111111
8.560770379000019,-7722.949722222223
8.561152400999958,-535938.7736111111
8.562525985999969,-7722.949722222223
8.562955019000015,-535938.7736111111
8.564874753000026,-7722.949722222223
8.565230740999937,-535938.7736111111
8.566930684999988,-7722.949722222223
8.567410424999935,-535938.7736111111
8.568645829999923,-7722.949722222223
8.569029819999969,-531278.6491666667
8.570638506000023,-7722.949722222223
8.571020874999931,-535938.7736111111
8.572636735999936,-7722.949722222223
8.573022159999937,-535938.7736111111
8.574523263999936,-7722.949722222223
8.574961108000025,-535938.7736111111
8.576529320999953,-7722.949722222223
8.576952244999916,-535938.7736111111
8.57856871599995,-7722.949722222223
8.57921425099994,-535938.7736111111
8.580498766000005,-7722.949722222223
8.580927935999966,-535938.7736111111
8.58276505699996,-7722.949722222223
8.583168020000016,-531278.5069444445
8.584245076999991,-7722.949722222223
8.584896716999992,-535938.7736111111
8.586083832999975,-7722.949722222223
8.586684977999994,-535938.7736111111
8.587951819999944,-7722.949722222223
8.588425644999916,-535938.7736111111
8.589697802999922,-7722.949722222223
8.590154669999947,-535938.7736111111
8.591534798999987,-7722.949722222223
8.591958268999974,-535938.7736111111
8.59349444399993,-7722.949722222223
8.59391622399994,-535938.7736111111
8.595532663999961,-7722.949722222223
8.595963380999933,-535938.7736111111
8.597497010999973,-7722.949722222223
8.59791863700002,-535938.7736111111
8.599540047000005,-7722.949722222223
8.599973084999988,-535938.7736111111
8.601496974999918,-7722.949722222223
8.601958227999944,-535938.7736111111
8.60349643099994,-7722.949722222223
8.603923984999938,-535938.7736111111
8.605536936000021,-7722.949722222223
8.60596448399997,-535938.7736111111
8.60811188599996,-7722.949722222223
8.608638225999925,-535938.7736111111
8.61009203399999,-7722.949722222223
8.610488873000008,-535938.7736111111
8.612094919000015,-7722.949722222223
8.61250918899998,-535938.7736111111
8.614092819999996,-7722.949722222223
8.614520147000007,-535938.7736111111
8.616094299999986,-7722.949722222223
8.616508943999975,-535938.7736111111
8.618099386999916,-7722.949722222223
8.618505337999977,-535938.7736111111
8.620091746999947,-7722.949722222223
8.620700821000014,-535938.7736111111
8.623639478999962,-7722.949722222223
8.624161701999924,-535938.7736111111
8.625795982,-7722.949722222223
8.626172667999981,-535938.7736111111
8.62747720799996,-7722.949722222223
8.627896135000015,-535938.7736111111
8.629206859999954,-7722.949722222223
8.62964964999992,-535938.7736111111
8.631385836999925,-7722.949722222223
8.631678560999944,-535938.7736111111
8.63338037699998,-7722.949722222223
8.633641057999967,-535938.7736111111
8.635873267999955,-7722.949722222223
8.636388722999982,-535938.7736111111
8.637916910999934,-7722.949722222223
8.638479702999916,-535938.7736111111
8.639881264999985,-7722.949722222223
8.640456408999967,-535938.7736111111
8.641893452999966,-7722.949722222223
8.642452058000003,-535938.7736111111
8.64388157399992,-7722.949722222223
8.644458215999975,-535938.7736111111
8.646119411999962,-7722.949722222223
8.646532312999966,-535938.7736111111
8.648014861999968,-7722.949722222223
8.648435101000018,-535938.7736111111
8.649952910000025,-7722.949722222223
8.65056026000002,-535938.7736111111
8.652438250999921,-7722.949722222223
8.652880265000022,-535938.7736111111
8.655363164999926,-7722.949722222223
8.655803582999965,-535938.7736111111
8.657163315999924,-7722.949722222223
8.657659149999972,-535938.7736111111
8.660030150000011,-7722.949722222223
8.660468842,-535938.7736111111
8.661894263000022,-7722.949722222223
8.662408815999925,-535938.7736111111
8.66356262499994,-7722.949722222223
8.66395240899999,-535938.7736111111
8.66533286999993,-7722.949722222223
8.665831570000023,-535938.7736111111
8.667825542999935,-7722.949722222223
8.668193359999918,-535938.7736111111
8.669875337000008,-7722.949722222223
8.670345414999929,-535938.7736111111
8.671568159999993,-7722.949722222223
8.67199352900002,-535938.7736111111
8.673578457999952,-7722.949722222223
8.673999938999941,-535938.7736111111
8.675845263999918,-7722.949722222223
8.676222763999931,-535938.7736111111
8.677556428999992,-7722.949722222223
8.677988805999917,-535938.7736111111
8.679575965000026,-7722.949722222223
8.679995945999963,-535938.7736111111
8.681351123000013,-7722.949722222223
8.681768339999962,-535938.7736111111
8.683179957999982,-7722.949722222223
8.683786288999954,-535938.7736111111
8.684918958000026,-7722.949722222223
8.685513732999993,-535938.7736111111
8.687362687000018,-7722.949722222223
8.688150865000011,-535938.7736111111
8.689342192000026,-7722.949722222223
8.689767857999982,-535938.7736111111
8.69122399899993,-7722.949722222223
8.691615076999938,-535938.7736111111
8.693506335999928,-7722.949722222223
8.69366017799996,-535938.7736111111
8.695218440999952,-7722.949722222223
8.695670715000006,-535938.7736111111
8.697449935999998,-7722.949722222223
8.697877393999988,-535938.7736111111
8.699428398999999,-7722.949722222223
8.699941254999999,-535938.7736111111
8.701424730999975,-7722.949722222223
8.701861077999979,-535938.7736111111
8.704617456999927,-7722.949722222223
8.705175051999959,-535938.7736111111
8.707058933999974,-7722.949722222223
8.707695667999928,-535938.7736111111
8.709097926000027,-7722.949722222223
8.709486285000025,-535938.7736111111
8.711540484000011,-7722.949722222223
8.712092262999931,-535938.7736111111
8.713674898000022,-7722.949722222223
8.714148412999975,-535938.7736111111
8.716245027000014,-7722.949722222223
8.71675247600001,-535938.7736111111
8.719031425000026,-7722.949722222223
8.719457088000013,-535938.7736111111
8.721324019000008,-7722.949722222223
8.722604500999978,-535938.7736111111
8.724529361000009,-7722.949722222223
8.724968914999977,-535938.7736111111
8.727514955999936,-7722.949722222223
8.72755440200001,-535938.7736111111
8.728459391000001,-7722.949722222223
8.728952448999962,-535938.7736111111
8.729820313999994,-7722.949722222223
8.730452173000003,-535938.7736111111
8.731991192999999,-7722.949722222223
8.732507939000016,-535938.7736111111
8.73364307899999,-7722.949722222223
8.734027744999935,-535938.7736111111
8.735313220999956,-7722.949722222223
8.735830773999965,-535938.7736111111
8.736806850999983,-7722.949722222223
8.737557741999922,-535938.7736111111
8.73836178099998,-7722.949722222223
8.73878308299993,-535938.7736111111
8.740437755000016,-7722.949722222223
8.740885903999924,-535938.7736111111
8.742581926999947,-7722.949722222223
8.743031867000013,-535938.7736111111
8.744715455999994,-7722.949722222223
8.745194717999993,-535938.7736111111
8.746451772,-7722.949722222223
8.746798934000026,-535938.7736111111
8.748431883999956,-7722.949722222223
8.748875854999937,-535938.7736111111
8.750450139999998,-7722.949722222223
8.750879016999988,-535938.7736111111
8.752524453999968,-7722.949722222223
8.752893653000001,-535938.7736111111
8.754418224999995,-7722.949722222223
8.75484771799995,-535938.7736111111
8.75627103699992,-7722.949722222223
8.756720683000026,-535938.7736111111
8.758375106000017,-7722.949722222223
8.759175282000001,-535938.7736111111
8.760551039999996,-7722.949722222223
8.761023621999925,-535938.7736111111
8.762549046999993,-7722.949722222223
8.763089270000023,-535938.7736111111
8.764920808999932,-7722.949722222223
8.765417782999975,-535938.7736111111
8.766964788999985,-7722.949722222223
8.767655805999993,-535938.7736111111
8.76896948000001,-7722.949722222223
8.769525233999957,-535938.7736111111
8.770950476999928,-7722.949722222223
8.771502510999994,-535938.7736111111
8.773385579999967,-7722.949722222223
8.773795181999958,-535938.7736111111
8.775349753,-7722.949722222223
8.775772695,-535938.7736111111
8.777652325999952,-7722.949722222223
8.778150686999993,-535938.7736111111
8.779337557999952,-7722.949722222223
8.77989903599996,-535938.7736111111
8.781116739000026,-7722.949722222223
8.781508981999991,-535938.7736111111
8.782907824999938,-7722.949722222223
8.78334676999998,-535938.7736111111
8.784214636999991,-7722.949722222223
8.784894468999937,-535938.7736111111
8.78599086600002,-7722.949722222223
8.786415876999968,-535938.7736111111
8.787676316999978,-7722.949722222223
8.788042323000013,-535938.7736111111
8.789536398999985,-7722.949722222223
8.78995471299993,-535938.7736111111
8.79178337299993,-7722.949722222223
8.792179162000025,-535938.7736111111
8.793511579999972,-7722.949722222223
8.79393389500001,-535938.7736111111
8.795764976999976,-7722.949722222223
8.796175838999943,-535938.7736111111
8.79754694299993,-7722.949722222223
8.797950899999933,-535938.7736111111
8.799929655000028,-7722.949722222223
8.800185330999966,-531278.8625
8.801521911000009,-7722.949722222223
8.801939344999937,-531278.5780555556
8.80352178399994,-7722.949722222223
8.803947949999952,-535938.7736111111
8.805516706999924,-7722.949722222223
8.805947785999933,-535938.7736111111
8.807929246999947,-7722.949722222223
8.808500336999941,-535938.7736111111
8.811138681999978,-7722.949722222223
8.811549879999916,-535938.7736111111
8.813111800000001,-7722.949722222223
8.813526577999937,-535938.7736111111
8.815109081999935,-7722.949722222223
8.815703599000017,-535938.7736111111
8.816967395999995,-7722.949722222223
8.81743939799992,-535938.7736111111
8.818941356999972,-7722.949722222223
8.819499866000001,-535938.7736111111
8.820914098999992,-7722.949722222223
8.821476566000001,-535938.7736111111
8.822934775000022,-7722.949722222223
8.823406996000017,-535938.7736111111
8.825016662999928,-7722.949722222223
8.825404240000012,-535938.7736111111
8.827017015000024,-7722.949722222223
8.827390336000008,-535938.7736111111
8.828921046000005,-7722.949722222223
8.829665352999996,-535938.7736111111
8.830703936999953,-7722.949722222223
8.831109556000001,-535938.7736111111
8.832685525999977,-7722.949722222223
8.833106966999935,-535938.7736111111
8.834923023999977,-7722.949722222223
8.835560314999952,-535938.7736111111
8.837095601999977,-7722.949722222223
8.83760943599998,-535938.7736111111
8.839026295999929,-7722.949722222223
8.839606617999948,-535938.7736111111
8.841044880000027,-7722.949722222223
8.841554676999976,-535938.7736111111
8.843039734999934,-7722.949722222223
8.843341437999925,-535938.7736111111
8.844979874999922,-7722.949722222223
8.845369957999992,-535938.7736111111
8.84705724999992,-7722.949722222223
8.847631154999931,-535938.7736111111
8.849418943999922,-7722.949722222223
8.849682357000006,-535938.7736111111
8.851936030999923,-7722.949722222223
8.852508274000002,-535938.7736111111
8.853610660999948,-7722.949722222223
8.85402129399995,-535938.7736111111
8.855748184999925,-7722.949722222223
8.85614757999997,-535938.7736111111
8.857578449000016,-7722.949722222223
8.85808698599999,-535938.7736111111
8.859494170999938,-7722.949722222223
8.859922536999989,-535938.7736111111
8.861489048999942,-7722.949722222223
8.861918693999996,-535938.7736111111
8.863469444999964,-7722.949722222223
8.863896514999965,-535938.7736111111
8.865490173000012,-7722.949722222223
8.865917975000002,-535938.7736111111
8.867384583999979,-7722.949722222223
8.867982009000002,-535938.7736111111
8.869157808999944,-7722.949722222223
8.869620025000017,-535938.7736111111
8.87134550299993,-7722.949722222223
8.871774375999962,-535938.7736111111
8.873171127999967,-7722.949722222223
8.873566252999922,-535938.7736111111
8.875366407000001,-7722.949722222223
8.875793843999986,-535938.7736111111
8.877180669999916,-7722.949722222223
8.87766112099996,-535938.7736111111
8.879529530000013,-7722.949722222223
8.879956271999959,-535938.7736111111
8.88138817999993,-7722.949722222223
8.88176522599997,-535938.7736111111
8.883212968999942,-7722.949722222223
8.883692896999946,-535938.7736111111
8.885106452999935,-7722.949722222223
8.885539903999984,-535938.7736111111
8.88739580899994,-7722.949722222223
8.887802996000005,-535938.7736111111
8.88917367800002,-7722.949722222223
8.88966308900001,-535938.7736111111
8.891242029999944,-7722.949722222223
8.891612623000015,-535938.7736111111
8.893360945999916,-7722.949722222223
8.893783353999993,-535938.7736111111
8.895374580999942,-7722.949722222223
8.895785595000007,-535938.7736111111
8.897169738000002,-7722.949722222223
8.897605569000007,-535938.7736111111
8.89946131299996,-7722.949722222223
8.899796790999972,-535938.7736111111
8.90128869299997,-7722.949722222223
8.90179706899994,-535938.7736111111
8.903264872000022,-7722.949722222223
8.90373221099992,-535938.7736111111
8.905492526999979,-7722.949722222223
8.905801157999917,-535938.7736111111
8.90732514299998,-7722.949722222223
8.907645016999936,-535938.7736111111
8.909184074999985,-7722.949722222223
8.909576387000016,-535938.7736111111
8.911330535999923,-7722.949722222223
8.911742748999927,-535938.7736111111
8.913403522999943,-7722.949722222223
8.913595339999915,-535938.7736111111
8.915489054999966,-7722.949722222223
8.915786282,-535938.7736111111
8.91735901300001,-7722.949722222223
8.917780954000023,-535938.7736111111
8.919454287000008,-7722.949722222223
8.92006931200001,-535938.7736111111
8.921588225999926,-7722.949722222223
8.92217772999993,-535938.7736111111
8.923574712999994,-7722.949722222223
8.924151240000015,-535938.7736111111
8.925626848999968,-7722.949722222223
8.925995145000002,-535938.7736111111
8.927434595000022,-7722.949722222223
8.928117961999988,-535938.7736111111
8.929512111999998,-7722.949722222223
8.929990651000026,-535938.7736111111
8.931997807000016,-7722.949722222223
8.93232578300001,-531278.7913888888
8.93414131499992,-7722.949722222223
8.934678946999952,-535938.7736111111
8.93620978499996,-7722.949722222223
8.936689816000012,-535938.7736111111
8.938423428999954,-7722.949722222223
8.93909698799996,-535938.7736111111
8.940550930999962,-7722.949722222223
8.940981863999923,-535938.7736111111
8.942957389999947,-7722.949722222223
8.943517267999937,-535938.7736111111
8.945228102999977,-7722.949722222223
8.945652307999922,-535938.7736111111
8.947560138999961,-7722.949722222223
8.948169089999965,-535938.7736111111
8.949560940999959,-7722.949722222223
8.949989709999954,-535938.7736111111
8.95142720199999,-7722.949722222223
8.95181293099995,-535938.7736111111
8.953556978999927,-7722.949722222223
8.953993522000019,-535938.7736111111
8.955555748999927,-7722.949722222223
8.955979353999965,-535938.7736111111
8.957558277999965,-7722.949722222223
8.957985389999976,-535938.7736111111
8.95954988199992,-7722.949722222223
8.959971671999938,-535938.7736111111
8.962954179999997,-7722.949722222223
8.963508680000018,-535938.7736111111
8.965190056999973,-7722.949722222223
8.965554732999976,-535938.7736111111
8.966992215999994,-7722.949722222223
8.967463500999997,-535938.7736111111
8.96991768700002,-7722.949722222223
8.970422915999961,-535938.7736111111
8.971624659999975,-7722.949722222223
8.971985724999968,-535938.7736111111
8.973695871000018,-7722.949722222223
8.974050670999986,-535938.7736111111
8.975960095000005,-7722.949722222223
8.976535620999925,-535938.7736111111
8.977957404999984,-7722.949722222223
8.97850990400002,-535938.7736111111
8.980226942999934,-7722.949722222223
8.980663682999989,-535938.7736111111
8.982149604000028,-7722.949722222223
8.982594782999968,-535938.7736111111
8.984172402000013,-7722.949722222223
8.984537977999935,-535938.7736111111
8.986140394000017,-7722.949722222223
8.986530736999953,-535938.7736111111
8.988543986999957,-7722.949722222223
8.988975897999921,-535938.7736111111
8.990536661999954,-7722.949722222223
8.99096259800001,-535938.7736111111
8.992797335999967,-7722.949722222223
8.993149893000009,-535938.7736111111
8.994974486999922,-7722.949722222223
8.995606511000005,-535938.7736111111
8.997107184000015,-7722.949722222223
8.997669643999984,-535938.7736111111
8.999086594999994,-7722.949722222223
8.999478389999922,-535938.7736111111
9.000987998000028,-7722.949722222223
9.001593877000005,-535938.7736111111
9.003456058999973,-7722.949722222223
9.004015550999952,-535938.7736111111
9.005138108999972,-7722.949722222223
9.005681234999997,-535938.7736111111
9.007116414999928,-7722.949722222223
9.007512247000022,-535938.7736111111
9.009118231000002,-7722.949722222223
9.009511921000012,-535938.7736111111
9.011112985999944,-7722.949722222223
9.011508417999949,-535938.7736111111
9.013113357999941,-7722.949722222223
9.013538917999995,-535938.7736111111
9.015110793999952,-7722.949722222223
9.01550126699999,-535938.7736111111
9.017121090999922,-7722.949722222223
9.01751195899999,-535938.7736111111
9.019110479999995,-7722.949722222223
9.019504502000018,-535938.7736111111
9.023018263999916,-7722.949722222223
9.023586680999983,-535938.7736111111
9.025079753,-7722.949722222223
9.025499602999957,-535938.7736111111
9.027120867000008,-7722.949722222223
9.027544236999915,-535938.7736111111
9.029113914999925,-7722.949722222223
9.02953886499995,-535938.7736111111
9.031101885999988,-7722.949722222223
9.031962885999974,-535938.7736111111
9.032985767000014,-7722.949722222223
9.033739278999974,-535938.7736111111
9.035073199999943,-7722.949722222223
9.035502070999996,-535938.7736111111
9.037087233999955,-7722.949722222223
9.03767381099999,-531278.7202777778
9.039113973999974,-7722.949722222223
9.039506416999984,-535938.7736111111
9.04111864899994,-7722.949722222223
9.041700239999955,-535938.7736111111
9.042955994999943,-7722.949722222223
9.043430177999994,-535938.7736111111
9.044917754999915,-7722.949722222223
9.04537380499994,-535938.7736111111
9.046634726999969,-7722.949722222223
9.047021422999933,-535938.7736111111
9.048901722999972,-7722.949722222223
9.049374563000015,-535938.7736111111
9.050634937999916,-7722.949722222223
9.05115638899997,-535938.7736111111
9.052500196999972,-7722.949722222223
9.052979425999979,-535938.7736111111
9.054604923999932,-7722.949722222223
9.055022322000013,-535938.7736111111
9.056903266999939,-7722.949722222223
9.057378825,-535938.7736111111
9.058617574999971,-7722.949722222223
9.059023549000017,-535938.7736111111
9.060444153999924,-7722.949722222223
9.06103201399992,-535938.7736111111
9.062425083999983,-7722.949722222223
9.062798187999988,-535938.7736111111
9.064429422999979,-7722.949722222223
9.06484461399998,-535938.7736111111
9.066203240999926,-7722.949722222223
9.06668695399992,-535938.7736111111
9.06829415300001,-7722.949722222223
9.069047933999968,-535938.7736111111
9.070086679999918,-7722.949722222223
9.070845838999958,-535938.7736111111
9.071941417999938,-7722.949722222223
9.072531265999942,-535938.7736111111
9.07388408199995,-7722.949722222223
9.074449231000017,-535938.7736111111
9.07590995299995,-7722.949722222223
9.076386232000004,-535938.7736111111
9.07767348599998,-7722.949722222223
9.078143728999976,-535938.7736111111
9.079846981999935,-7722.949722222223
9.08022022199998,-535938.7736111111
9.081487009999933,-7722.949722222223
9.081886420999922,-535938.7736111111
9.083134075999965,-7722.949722222223
9.083583300999976,-535938.7736111111
9.08507869999994,-7722.949722222223
9.085476563999919,-535938.7736111111
9.087103479999996,-7722.949722222223
9.08753660299999,-535938.7736111111
9.089062381999952,-7722.949722222223
9.089680024000018,-535938.7736111111
9.091440961999979,-7722.949722222223
9.091862722999963,-535938.7736111111
9.093514704999961,-7722.949722222223
9.09394484400002,-535938.7736111111
9.095953760999919,-7722.949722222223
9.096554105999985,-535938.7736111111
9.098913051999943,-7722.949722222223
9.099342885999931,-535938.7736111111
9.100608736000027,-7722.949722222223
9.101024524999957,-535938.7736111111
9.103487814999994,-7722.949722222223
9.104163556000003,-535938.7736111111
9.105624165999984,-7722.949722222223
9.106190500000025,-535938.7736111111
9.107522248999999,-7722.949722222223
9.10794943399992,-535938.7736111111
9.109468553999932,-7722.949722222223
9.109906797999997,-535938.7736111111
9.11147438699993,-7722.949722222223
9.111894484000004,-535938.7736111111
9.113468859000022,-7722.949722222223
9.113895162999938,-531278.7913888888
9.115467630000012,-7722.949722222223
9.115895598999941,-535938.7736111111
9.117459693,-7722.949722222223
9.117883634999998,-535938.7736111111
9.11946548200001,-7722.949722222223
9.119897383999955,-531278.6491666667
9.121460838999951,-7722.949722222223
9.121895339999924,-535938.7736111111
9.123468243999923,-7722.949722222223
9.123886495999955,-535938.7736111111
9.125463406999984,-7722.949722222223
9.125891398000022,-535938.7736111111
9.127349320999997,-7722.949722222223
9.127760168999998,-535938.7736111111
9.129115868999975,-7722.949722222223
9.129539912999917,-535938.7736111111
9.131063336000011,-7722.949722222223
9.131690592999917,-535938.7736111111
9.132884174999958,-7722.949722222223
9.133374038999932,-535938.7736111111
9.134847908999973,-7722.949722222223
9.135303662999945,-535938.7736111111
9.136544522000008,-7722.949722222223
9.136912073999952,-535938.7736111111
9.138430634999963,-7722.949722222223
9.138846704000002,-535938.7736111111
9.14017099399996,-7722.949722222223
9.140794960999983,-535938.7736111111
9.142194109000002,-7722.949722222223
9.142650544999924,-535938.7736111111
9.144183925999982,-7722.949722222223
9.14457513100001,-535938.7736111111
9.146178462999956,-7722.949722222223
9.146674592999943,-535938.7736111111
9.148367344999997,-7722.949722222223
9.14877922300002,-535938.7736111111
9.150010566999981,-7722.949722222223
9.15043799,-535938.7736111111
9.152049059999968,-7722.949722222223
9.152651332000005,-535938.7736111111
9.154084766999972,-7722.949722222223
9.154521664999947,-535938.7736111111
9.156159232999926,-7722.949722222223
9.156737439999915,-535938.7736111111
9.158174407999923,-7722.949722222223
9.158613190999972,-535938.7736111111
9.160125273999938,-7722.949722222223
9.160564935000025,-535938.7736111111
9.162041174000024,-7722.949722222223
9.162646582999969,-535938.7736111111
9.164096978999964,-7722.949722222223
9.164578216999985,-535938.7736111111
9.166471675000025,-7722.949722222223
9.167015084000013,-535938.7736111111
9.168326877000027,-7722.949722222223
9.168748228000027,-535938.7736111111
9.170177862999935,-7722.949722222223
9.17057849799994,-535938.7736111111
9.172291954000002,-7722.949722222223
9.172716512999955,-535938.7736111111
9.174349565999933,-7722.949722222223
9.174769179999998,-535938.7736111111
9.176436403000025,-7722.949722222223
9.176865491999934,-535938.7736111111
9.178449317999934,-7722.949722222223
9.17887004299996,-535938.7736111111
9.180436697999994,-7722.949722222223
9.18088985199995,-535938.7736111111
9.182442388000027,-7722.949722222223
9.182860626999968,-535938.7736111111
9.18444289699994,-7722.949722222223
9.184873634999917,-535938.7736111111
9.186439810000024,-7722.949722222223
9.186867079999956,-535938.7736111111
9.188433313000019,-7722.949722222223
9.188863110999932,-535938.7736111111
9.190439755999932,-7722.949722222223
9.190863887999967,-535938.7736111111
9.192543540999964,-7722.949722222223
9.193088046999947,-535938.7736111111
9.194560153999987,-7722.949722222223
9.19496716499998,-535938.7736111111
9.196961561999956,-7722.949722222223
9.197923148999962,-535938.7736111111
9.198682861999941,-7722.949722222223
9.199091537999948,-535938.7736111111
9.200655037999923,-7722.949722222223
9.200978310999972,-535938.7736111111
9.202631730000007,-7722.949722222223
9.20308850799995,-535938.7736111111
9.204667481000001,-7722.949722222223
9.204991999999947,-535938.7736111111
9.20658407299993,-7722.949722222223
9.206980510999983,-535938.7736111111
9.208533280999973,-7722.949722222223
9.208961532999979,-535938.7736111111
9.21085725699993,-7722.949722222223
9.211225799999966,-535938.7736111111
9.213485664000018,-7722.949722222223
9.214086543999997,-535938.7736111111
9.215538567999943,-7722.949722222223
9.21596734100001,-535938.7736111111
9.217606260000025,-7722.949722222223
9.218015125999955,-535938.7736111111
9.219633956999928,-7722.949722222223
9.220027539999933,-531278.5069444445
9.22187587399992,-7722.949722222223
9.222353488999943,-535938.7736111111
9.223539759000005,-7722.949722222223
9.223965405999934,-535938.7736111111
9.225150650999922,-7722.949722222223
9.225897357000008,-535938.7736111111
9.22717326399993,-7722.949722222223
9.227588653999987,-531278.8625
9.229121897000027,-7722.949722222223
9.229533396999955,-535938.7736111111
9.230873545000009,-7722.949722222223
9.231451402999937,-535938.7736111111
9.23284301199999,-7722.949722222223
9.233199324999987,-535938.7736111111
9.234523165999917,-7722.949722222223
9.234948826999926,-535938.7736111111
9.236525228999994,-7722.949722222223
9.236951721999958,-535938.7736111111
9.238856522999981,-7722.949722222223
9.239225789999978,-535938.7736111111
9.240541550999978,-7722.949722222223
9.240975368000022,-535938.7736111111
9.242515851000007,-7722.949722222223
9.242937096999981,-535938.7736111111
9.24458778799999,-7722.949722222223
9.245113783999955,-535938.7736111111
9.246600851999915,-7722.949722222223
9.24698720799995,-535938.7736111111
9.248393749000002,-7722.949722222223
9.248705460999986,-535938.7736111111
9.250444732999995,-7722.949722222223
9.250863398999968,-535938.7736111111
9.252217680999934,-7722.949722222223
9.252724281999917,-535938.7736111111
9.254116110999917,-7722.949722222223
9.25472726999999,-535938.7736111111
9.25599957299994,-7722.949722222223
9.256345711999984,-535938.7736111111
9.257876142999976,-7722.949722222223
9.258447634999925,-535938.7736111111
9.259930353999948,-7722.949722222223
9.260415363999982,-535938.7736111111
9.261689593000028,-7722.949722222223
9.262063274999946,-535938.7736111111
9.263534312999923,-7722.949722222223
9.263962107999987,-535938.7736111111
9.265513768000005,-7722.949722222223
9.265942236,-535938.7736111111
9.267526088999944,-7722.949722222223
9.26795029899995,-535938.7736111111
9.26951442099994,-7722.949722222223
9.26994114899992,-535938.7736111111
9.271559649999972,-7722.949722222223
9.27198518900002,-535938.7736111111
9.273598166999932,-7722.949722222223
9.274023358000022,-535938.7736111111
9.275898112999926,-7722.949722222223
9.276370552000003,-535938.7736111111
9.277638188999958,-7722.949722222223
9.278027158999976,-535938.7736111111
9.279902547000006,-7722.949722222223
9.280377324000028,-535938.7736111111
9.281620626999938,-7722.949722222223
9.282030818999942,-535938.7736111111
9.283624394999947,-7722.949722222223
9.284029945999919,-535938.7736111111
9.285498920999999,-7722.949722222223
9.286039330999984,-535938.7736111111
9.287218745000018,-7722.949722222223
9.287661415999992,-535938.7736111111
9.289344228000004,-7722.949722222223
9.289771406,-535938.7736111111
9.291358123999998,-7722.949722222223
9.291764264999983,-535938.7736111111
9.293172463000019,-7722.949722222223
9.293576654999924,-535938.7736111111
9.298313046999965,-7722.949722222223
9.298846299999923,-535938.7736111111
9.299966210999969,-7722.949722222223
9.300497198000016,-535938.7736111111
9.302084363999938,-7722.949722222223
9.302514475999942,-535938.7736111111
9.304446392999921,-7722.949722222223
9.305026101999943,-535938.7736111111
9.30655944299997,-7722.949722222223
9.306981204999943,-535938.7736111111
9.308487673999934,-7722.949722222223
9.308905722999953,-535938.7736111111
9.310578730999964,-7722.949722222223
9.311165278999965,-535938.7736111111
9.311958353000023,-7722.949722222223
9.31262316099992,-535938.7736111111
9.313282833000017,-7722.949722222223
9.314870199999973,-535938.7736111111
9.315493757000013,-7722.949722222223
9.316165867999985,-535938.7736111111
9.31714273,-7722.949722222223
9.317647145000024,-535938.7736111111
9.319453602999943,-7722.949722222223
9.319878302000006,-535938.7736111111
9.321211776999917,-7722.949722222223
9.321653518999938,-535938.7736111111
9.323469479999972,-7722.949722222223
9.323895472999993,-535938.7736111111
9.325161139999977,-7722.949722222223
9.325657057999933,-535938.7736111111
9.327148786999942,-7722.949722222223
9.327587978999986,-535938.7736111111
9.32905640399997,-7722.949722222223
9.329684844999974,-535938.7736111111
9.331124967999926,-7722.949722222223
9.331548666000003,-535938.7736111111
9.333059746000004,-7722.949722222223
9.333474622999915,-531278.8625
9.335455191999927,-7722.949722222223
9.335887905999925,-531278.5069444445
9.337465907000023,-7722.949722222223
9.33788649500002,-535938.7736111111
9.339464942999939,-7722.949722222223
9.339889741999968,-535938.7736111111
9.341521427999965,-7722.949722222223
9.341949001999978,-535938.7736111111
9.343467368000006,-7722.949722222223
9.34389036899995,-535938.7736111111
9.345464894999964,-7722.949722222223
9.345893307999972,-535938.7736111111
9.347613250999984,-7722.949722222223
9.34802643699993,-535938.7736111111
9.349886443999935,-7722.949722222223
9.35024575,-535938.7736111111
9.351584442999979,-7722.949722222223
9.352011408999942,-535938.7736111111
9.353586639000014,-7722.949722222223
9.354018111999949,-535938.7736111111
9.355482875000007,-7722.949722222223
9.356041441000002,-535938.7736111111
9.35761332300001,-7722.949722222223
9.358022775999984,-535938.7736111111
9.359742112999925,-7722.949722222223
9.360149041,-535938.7736111111
9.36139046300002,-7722.949722222223
9.36181606699995,-535938.7736111111
9.363110612000014,-7722.949722222223
9.363574631000006,-535938.7736111111
9.365079332999926,-7722.949722222223
9.365476439999952,-535938.7736111111
9.367008089000024,-7722.949722222223
9.367365934999953,-535938.7736111111
9.36901864999993,-7722.949722222223
9.369433577999985,-535938.7736111111
9.371068988999923,-7722.949722222223
9.37168542400002,-535938.7736111111
9.373097883000014,-7722.949722222223
9.373478020999983,-535938.7736111111
9.375147684000012,-7722.949722222223
9.375633081999922,-535938.7736111111
9.37727982499996,-7722.949722222223
9.377647488999969,-535938.7736111111
9.379242084999987,-7722.949722222223
9.379661478999992,-535938.7736111111
9.381866510999998,-7722.949722222223
9.382226934999949,-535938.7736111111
9.384001364000028,-7722.949722222223
9.384364729000026,-535938.7736111111
9.386030569000013,-7722.949722222223
9.386457266999969,-535938.7736111111
9.38803618399993,-7722.949722222223
9.38864433599997,-535938.7736111111
9.390146214999959,-7722.949722222223
9.390711104999923,-535938.7736111111
9.392308021999952,-7722.949722222223
9.392734949999976,-535938.7736111111
9.394489342999918,-7722.949722222223
9.394917289999967,-535938.7736111111
9.396192809000013,-7722.949722222223
9.396937524000009,-535938.7736111111
9.398465955000006,-7722.949722222223
9.399039864999963,-535938.7736111111
9.400065051999945,-7722.949722222223
9.400698831,-535938.7736111111
9.402072905999944,-7722.949722222223
9.403160777999915,-535938.7736111111
9.404482260000009,-7722.949722222223
9.404907132999938,-535938.7736111111
9.406165065999971,-7722.949722222223
9.406912255999941,-535938.7736111111
9.408507809999946,-7722.949722222223
9.409088363000023,-535938.7736111111
9.41044310299992,-7722.949722222223
9.410862591999944,-535938.7736111111
9.412349174999918,-7722.949722222223
9.41274174900002,-535938.7736111111
9.414207897999972,-7722.949722222223
9.415147595000008,-535938.7736111111
9.416176878999977,-7722.949722222223
9.416762128999949,-535938.7736111111
9.418029314000023,-7722.949722222223
9.418878718999963,-535938.7736111111
9.420063400999993,-7722.949722222223
9.420699817000013,-535938.7736111111
9.422465597999917,-7722.949722222223
9.422815219999961,-535938.7736111111
9.42444689499996,-7722.949722222223
9.42487238000001,-535938.7736111111
9.426443118999941,-7722.949722222223
9.426863357000002,-535938.7736111111
9.428433185000017,-7722.949722222223
9.42904027499992,-535938.7736111111
9.430524676999994,-7722.949722222223
9.431084417999955,-535938.7736111111
9.432148860999973,-7722.949722222223
9.432539576999943,-535938.7736111111
9.434146122000016,-7722.949722222223
9.434728073999963,-535938.7736111111
9.436279346999981,-7722.949722222223
9.436787413999923,-535938.7736111111
9.438277047999918,-7722.949722222223
9.438641297000004,-535938.7736111111
9.440159494999989,-7722.949722222223
9.440745118999985,-535938.7736111111
9.442211269999916,-7722.949722222223
9.442720895999969,-535938.7736111111
9.444624514999987,-7722.949722222223
9.44514423399994,-535938.7736111111
9.446283216999973,-7722.949722222223
9.446709504999944,-535938.7736111111
9.448124335999978,-7722.949722222223
9.44852327000001,-535938.7736111111
9.450475317999917,-7722.949722222223
9.450742311999988,-531278.5780555556
9.452217642999926,-7722.949722222223
9.45260864699992,-531278.5069444445
9.45472479099999,-7722.949722222223
9.455261958999927,-535938.7736111111
9.456568016999995,-7722.949722222223
9.456987679000008,-535938.7736111111
9.45853901800001,-7722.949722222223
9.459208231999924,-535938.7736111111
9.460228596999968,-7722.949722222223
9.460972477999917,-535938.7736111111
9.462129847000028,-7722.949722222223
9.462553311999955,-535938.7736111111
9.464116145999924,-7722.949722222223
9.46475559199996,-535938.7736111111
9.465867344000003,-7722.949722222223
9.466448768999953,-535938.7736111111
9.467830826999943,-7722.949722222223
9.46819226699995,-535938.7736111111
9.469513131999975,-7722.949722222223
9.469953811999972,-535938.7736111111
9.471220119999998,-7722.949722222223
9.471722801999931,-535938.7736111111
9.473431269999992,-7722.949722222223
9.473854556999981,-535938.7736111111
9.475224492999928,-7722.949722222223
9.475720572,-535938.7736111111
9.477110127999936,-7722.949722222223
9.477547288999972,-535938.7736111111
9.47909528599996,-7722.949722222223
9.479709458000002,-535938.7736111111
9.481074913999919,-7722.949722222223
9.48167996299992,-535938.7736111111
9.482914393999977,-7722.949722222223
9.483476784000004,-535938.7736111111
9.484940917000017,-7722.949722222223
9.485420917999932,-535938.7736111111
9.48670691999996,-7722.949722222223
9.487143341999968,-535938.7736111111
9.488740065999991,-7722.949722222223
9.489142734999973,-535938.7736111111
9.490644911999993,-7722.949722222223
9.491092540999944,-535938.7736111111
9.49294226099994,-7722.949722222223
9.493457106999927,-535938.7736111111
9.494563539999945,-7722.949722222223
9.494929344999946,-535938.7736111111
9.496071897999968,-7722.949722222223
9.496557118999931,-535938.7736111111
9.498010552999972,-7722.949722222223
9.498715371999992,-535938.7736111111
9.499678335999988,-7722.949722222223
9.500219663999928,-535938.7736111111
9.501903014999925,-7722.949722222223
9.502424445999964,-535938.7736111111
9.503639490999944,-7722.949722222223
9.504022336999924,-535938.7736111111
9.505490616999964,-7722.949722222223
9.506036418000008,-535938.7736111111
9.507140499000002,-7722.949722222223
9.507860850999919,-535938.7736111111
9.50909495399992,-7722.949722222223
9.509496184999989,-535938.7736111111
9.510975507000012,-7722.949722222223
9.511604530999989,-535938.7736111111
9.513009947,-7722.949722222223
9.51344029500001,-535938.7736111111
9.51509054799999,-7722.949722222223
9.515528444999973,-535938.7736111111
9.517114091999929,-7722.949722222223
9.51788192999993,-535938.7736111111
9.519411973999922,-7722.949722222223
9.519923930999994,-535938.7736111111
9.521563592000007,-7722.949722222223
9.522143361999952,-535938.7736111111
9.523744743999941,-7722.949722222223
9.524139099999957,-535938.7736111111
9.525601121000022,-7722.949722222223
9.526185476000023,-535938.7736111111
9.527663812000014,-7722.949722222223
9.528070688999946,-535938.7736111111
9.529227741,-7722.949722222223
9.529899429000011,-535938.7736111111
9.531944339000006,-7722.949722222223
9.532640191999917,-535938.7736111111
9.534146312999951,-7722.949722222223
9.53473725899994,-531278.5069444445
9.536260840999944,-7722.949722222223
9.537056495000002,-535938.7736111111
9.538333679999937,-7722.949722222223
9.538863601999992,-535938.7736111111
9.54019829699996,-7722.949722222223
9.540628474999949,-535938.7736111111
9.542114439999978,-7722.949722222223
9.542531631999964,-535938.7736111111
9.544070810999983,-7722.949722222223
9.544474120000018,-535938.7736111111
9.546071711999957,-7722.949722222223
9.54650204799998,-535938.7736111111
9.548073683999974,-7722.949722222223
9.548470034999923,-535938.7736111111
9.550086418999967,-7722.949722222223
9.550499037999998,-535938.7736111111
9.552087996999944,-7722.949722222223
9.552520281999932,-535938.7736111111
9.554433058999962,-7722.949722222223
9.55518792199996,-535938.7736111111
9.556810887999973,-7722.949722222223
9.557477052999957,-535938.7736111111
9.558566550000023,-7722.949722222223
9.559010379000028,-535938.7736111111
9.56048074599994,-7722.949722222223
9.560865764000027,-535938.7736111111
9.562410269999987,-7722.949722222223
9.562984226000026,-535938.7736111111
9.564857318000008,-7722.949722222223
9.565358960000026,-535938.7736111111
9.566578782999954,-7722.949722222223
9.567003334999981,-535938.7736111111
9.56849424699999,-7722.949722222223
9.570135554999979,-7722.949722222223
9.571860922999917,-535938.7736111111
9.571905506000007,-7722.949722222223
9.572541170000022,-535938.7736111111
9.57400114199993,-7722.949722222223
9.574431370999946,-535938.7736111111
9.576059216999965,-7722.949722222223
9.576688955000009,-535938.7736111111
9.577937818999999,-7722.949722222223
9.578665117000014,-535938.7736111111
9.580011667000008,-7722.949722222223
9.580507377000004,-535938.7736111111
9.581921249999937,-7722.949722222223
9.582502559999966,-535938.7736111111
9.583515788,-7722.949722222223
9.583956650999994,-535938.7736111111
9.585465096000007,-7722.949722222223
9.585894505999931,-535938.7736111111
9.587466555999981,-7722.949722222223
9.587913823999997,-535938.7736111111
9.589462057999981,-7722.949722222223
9.589898264999988,-535938.7736111111
9.591463508999936,-7722.949722222223
9.591889179999953,-535938.7736111111
9.593470391999972,-7722.949722222223
9.593895591999967,-535938.7736111111
9.595465667999974,-7722.949722222223
9.595893495999917,-535938.7736111111
9.59746320499994,-7722.949722222223
9.59789152999997,-535938.7736111111
9.599464306999948,-7722.949722222223
9.599897344999931,-535938.7736111111
9.601465194999946,-7722.949722222223
9.601893978000021,-535938.7736111111
9.603465619999952,-7722.949722222223
9.603898105999974,-535938.7736111111
9.60545914499994,-7722.949722222223
9.605898892000027,-535938.7736111111
9.607470364999926,-7722.949722222223
9.607900192999978,-535938.7736111111
9.60946374799994,-7722.949722222223
9.60989107599994,-535938.7736111111
9.611441212999921,-7722.949722222223
9.611870954999972,-535938.7736111111
9.613433649999934,-7722.949722222223
9.613869860000023,-531278.6491666667
9.615390361999971,-7722.949722222223
9.615927939000017,-535938.7736111111
9.616961306999997,-7722.949722222223
9.61757162799995,-535938.7736111111
9.618965677999995,-7722.949722222223
9.619433585000024,-535938.7736111111
9.620850663999931,-7722.949722222223
9.621215946999996,-531278.5069444445
9.622817915999917,-7722.949722222223
9.623187057999985,-535938.7736111111
9.624435245999962,-7722.949722222223
9.624873598000022,-535938.7736111111
9.626422783999942,-7722.949722222223
9.626842581000005,-535938.7736111111
9.628401560999919,-7722.949722222223
9.628939173999925,-535938.7736111111
9.630338757000004,-7722.949722222223
9.630766085000005,-535938.7736111111
9.632126634999963,-7722.949722222223
9.63257660499994,-535938.7736111111
9.634317962999944,-7722.949722222223
9.634901646000003,-535938.7736111111
9.636257561999969,-7722.949722222223
9.636719535999987,-535938.7736111111
9.63822174400002,-7722.949722222223
9.638572345999933,-535938.7736111111
9.64016088400001,-7722.949722222223
9.64077084600001,-535938.7736111111
9.642033265999999,-7722.949722222223
9.642482758000028,-535938.7736111111
9.64395713099998,-7722.949722222223
9.64447350499995,-535938.7736111111
9.646139614999925,-7722.949722222223
9.64647133099993,-535938.7736111111
9.647946250000018,-7722.949722222223
9.64846988499994,-535938.7736111111
9.649501212000018,-7722.949722222223
9.649894721999999,-535938.7736111111
9.651432732999979,-7722.949722222223
9.651862180999956,-535938.7736111111
9.653437611999948,-7722.949722222223
9.653865646999975,-535938.7736111111
9.655433013999982,-7722.949722222223
9.655861290999951,-535938.7736111111
9.65743661199997,-7722.949722222223
9.657857084999932,-535938.7736111111
9.659432717999948,-7722.949722222223
9.659860207999941,-535938.7736111111
9.66137181099998,-7722.949722222223
9.661899891999951,-535938.7736111111
9.663311712999985,-7722.949722222223
9.663740447999999,-535938.7736111111
9.66522450499997,-7722.949722222223
9.66561432200001,-535938.7736111111
9.667207674999986,-7722.949722222223
9.667658237999945,-535938.7736111111
9.669439610999916,-7722.949722222223
9.669859991999942,-535938.7736111111
9.671417118000022,-7722.949722222223
9.671833410999966,-535938.7736111111
9.67337480699996,-7722.949722222223
9.673801420000018,-535938.7736111111
9.675436422999951,-7722.949722222223
9.675853599999982,-535938.7736111111
9.677405678000014,-7722.949722222223
9.677833941000017,-535938.7736111111
9.679462910999973,-7722.949722222223
9.679891563999945,-535938.7736111111
9.681256601999962,-7722.949722222223
9.681754298999977,-535938.7736111111
9.683090941999922,-7722.949722222223
9.683695364999949,-535938.7736111111
9.685015797999995,-7722.949722222223
9.685435563999931,-535938.7736111111
9.687011859999984,-7722.949722222223
9.687613555999974,-535938.7736111111
9.688640910000004,-7722.949722222223
9.689419358999999,-535938.7736111111
9.690015574999961,-7722.949722222223
9.690899335999916,-535938.7736111111
9.691699358999927,-7722.949722222223
9.692134146999933,-535938.7736111111
9.693836734000001,-7722.949722222223
9.694314170999974,-535938.7736111111
9.69549551900002,-7722.949722222223
9.69594597799994,-535938.7736111111
9.697403439000027,-7722.949722222223
9.697832401000028,-535938.7736111111
9.699315636999927,-7722.949722222223
9.69968449199996,-535938.7736111111
9.70135350399994,-7722.949722222223
9.701777798999956,-535938.7736111111
9.703420409999922,-7722.949722222223
9.703841592999993,-535938.7736111111
9.705214006999995,-7722.949722222223
9.705710255999975,-535938.7736111111
9.70743594299995,-7722.949722222223
9.707782167000005,-535938.7736111111
9.708799185999965,-7722.949722222223
9.709415471999932,-535938.7736111111
9.710639345000004,-7722.949722222223
9.711018292999938,-535938.7736111111
9.71284025,-7722.949722222223
9.713313540999934,-535938.7736111111
9.71469200499996,-7722.949722222223
9.71513182199999,-535938.7736111111
9.71654316799993,-7722.949722222223
9.717121984999949,-535938.7736111111
9.718345275999923,-7722.949722222223
9.718794834999926,-535938.7736111111
9.71980900899996,-7722.949722222223
9.720669469999962,-535938.7736111111
9.72157442899993,-7722.949722222223
9.722005913999965,-535938.7736111111
9.723610085000018,-7722.949722222223
9.724024338999925,-535938.7736111111
9.725706031999948,-7722.949722222223
9.726136210999925,-531278.7202777778
9.727559584999995,-7722.949722222223
9.728139334999923,-535938.7736111111
9.729728288999922,-7722.949722222223
9.730121864000012,-535938.7736111111
9.73214162599993,-7722.949722222223
9.732588032999956,-535938.7736111111
9.734053938999978,-7722.949722222223
9.734433741999965,-535938.7736111111
9.736088583999958,-7722.949722222223
9.736507836999976,-535938.7736111111
9.738093348000007,-7722.949722222223
9.738537528999927,-535938.7736111111
9.741015295000011,-7722.949722222223
9.741773340999998,-535938.7736111111
9.743333063000023,-7722.949722222223
9.743767859999934,-535938.7736111111
9.74567007099995,-7722.949722222223
9.746208252999963,-535938.7736111111
9.747407252000016,-7722.949722222223
9.748028720999969,-535938.7736111111
9.74908208599993,-7722.949722222223
9.749544764000007,-535938.7736111111
9.751083919999928,-7722.949722222223
9.751505738999981,-535938.7736111111
9.753025873999945,-7722.949722222223
9.753459795000026,-535938.7736111111
9.755088648999958,-7722.949722222223
9.755518542000004,-535938.7736111111
9.757100037999976,-7722.949722222223
9.757518128000015,-535938.7736111111
9.759460757999932,-7722.949722222223
9.760102482999969,-535938.7736111111
9.761275935999947,-7722.949722222223
9.761768608000011,-535938.7736111111
9.763556247999986,-7722.949722222223
9.764177368999981,-535938.7736111111
9.765323577999993,-7722.949722222223
9.765799714999957,-535938.7736111111
9.767346556999996,-7722.949722222223
9.767776375999915,-535938.7736111111
9.769200808999926,-7722.949722222223
9.76959301699992,-535938.7736111111
9.771422700000016,-7722.949722222223
9.771757666999974,-535938.7736111111
9.773153820999937,-7722.949722222223
9.773550081999929,-535938.7736111111
9.775070903000028,-7722.949722222223
9.775500589999979,-535938.7736111111
9.777090883000028,-7722.949722222223
9.777473520999933,-535938.7736111111
9.779091540999957,-7722.949722222223
9.779532733999986,-535938.7736111111
9.781082674000004,-7722.949722222223
9.781471876999944,-535938.7736111111
9.783948081999938,-7722.949722222223
9.783992265999927,-535938.7736111111
9.785067329999947,-7722.949722222223
9.785664322000002,-535938.7736111111
9.786927214000002,-7722.949722222223
9.787399627000013,-535938.7736111111
9.788871836999988,-7722.949722222223
9.789339666999922,-535938.7736111111
9.790602090999982,-7722.949722222223
9.791017856999929,-535938.7736111111
9.79288442699999,-7722.949722222223
9.793439506000027,-535938.7736111111
9.79485437599999,-7722.949722222223
9.79521597500002,-535938.7736111111
9.796854967999934,-7722.949722222223
9.797359595999978,-535938.7736111111
9.798582696999915,-7722.949722222223
9.799008436999998,-535938.7736111111
9.800683854999988,-7722.949722222223
9.80106006899996,-535938.7736111111
9.802456279000012,-7722.949722222223
9.80288442799997,-535938.7736111111
9.804462016000002,-7722.949722222223
9.804884042000026,-535938.7736111111
9.806453655999917,-7722.949722222223
9.806882764999955,-535938.7736111111
9.80846816799999,-7722.949722222223
9.808897134999938,-535938.7736111111
9.81033575999993,-7722.949722222223
9.810769923999942,-535938.7736111111
9.812308952999956,-7722.949722222223
9.812728548999985,-535938.7736111111
9.814138127999968,-7722.949722222223
9.81453016799992,-535938.7736111111
9.816062431999967,-7722.949722222223
9.81649425799992,-535938.7736111111
9.818046243000026,-7722.949722222223
9.818647182999939,-535938.7736111111
9.820088675999955,-7722.949722222223
9.820467306999944,-535938.7736111111
9.822061732999941,-7722.949722222223
9.822476624999922,-535938.7736111111
9.824056180999946,-7722.949722222223
9.824665536999987,-535938.7736111111
9.826070579999964,-7722.949722222223
9.826477668999928,-535938.7736111111
9.828061790999982,-7722.949722222223
9.828467761999946,-535938.7736111111
9.830060799999956,-7722.949722222223
9.830474750999997,-535938.7736111111
9.832043734999957,-7722.949722222223
9.832633912999995,-535938.7736111111
9.834090139999944,-7722.949722222223
9.834472258000005,-531278.6491666667
9.836056310999993,-7722.949722222223
9.836471404000008,-531278.5780555556
9.838035757999933,-7722.949722222223
9.838647933999937,-535938.7736111111
9.840318269000022,-7722.949722222223
9.841056986000012,-535938.7736111111
9.841966434000028,-7722.949722222223
9.842569251999976,-535938.7736111111
9.843984094999996,-7722.949722222223
9.844340364999994,-535938.7736111111
9.846010338999918,-7722.949722222223
9.846444709000025,-535938.7736111111
9.847897558,-7722.949722222223
9.848402576000012,-535938.7736111111
9.849855100000013,-7722.949722222223
9.850214721999919,-535938.7736111111
9.851839918999985,-7722.949722222223
9.852215627999954,-535938.7736111111
9.85357297600001,-7722.949722222223
9.854003421000016,-535938.7736111111
9.855211875000009,-7722.949722222223
9.855656989999943,-535938.7736111111
9.856765070999927,-7722.949722222223
9.857161356999995,-535938.7736111111
9.858852867999985,-7722.949722222223
9.859217956999942,-535938.7736111111
9.861109122000016,-7722.949722222223
9.861217171000021,-535938.7736111111
9.862542368999925,-7722.949722222223
9.86296903799996,-535938.7736111111
9.86490241599995,-7722.949722222223
9.865335410999933,-535938.7736111111
9.866562413999986,-7722.949722222223
9.866983097999992,-535938.7736111111
9.868700278000006,-7722.949722222223
9.869378039000026,-535938.7736111111
9.870846915000016,-7722.949722222223
9.87130768999998,-535938.7736111111
9.87332711900001,-7722.949722222223
9.873555071999931,-535938.7736111111
9.874976445000016,-7722.949722222223
9.87534429499999,-535938.7736111111
9.876811190000012,-7722.949722222223
9.87747096399994,-535938.7736111111
9.878364373999943,-7722.949722222223
9.878787102999922,-535938.7736111111
9.880122336999989,-7722.949722222223
9.880511554999998,-535938.7736111111
9.882174568999972,-7722.949722222223
9.882597159999932,-535938.7736111111
9.884146836000014,-7722.949722222223
9.88482924799996,-535938.7736111111
9.886065270000017,-7722.949722222223
9.88668526999993,-535938.7736111111
9.888012053000011,-7722.949722222223
9.888440699999933,-535938.7736111111
9.890024855999968,-7722.949722222223
9.890632953000022,-535938.7736111111
9.892060067999978,-7722.949722222223
9.892688188999955,-535938.7736111111
9.894071584000017,-7722.949722222223
9.894513404000008,-535938.7736111111
9.896014842999989,-7722.949722222223
9.896570833999931,-535938.7736111111
9.897842405999995,-7722.949722222223
9.89821494399996,-535938.7736111111
9.899589588000026,-7722.949722222223
9.899970930999984,-535938.7736111111
9.901846304999935,-7722.949722222223
9.902216266999972,-535938.7736111111
9.903416646999972,-7722.949722222223
9.904029051999942,-535938.7736111111
9.905086544000028,-7722.949722222223
9.905551684999978,-535938.7736111111
9.906925895999962,-7722.949722222223
9.907520366999961,-535938.7736111111
9.908840447999978,-7722.949722222223
9.909186255000009,-535938.7736111111
9.910588656999948,-7722.949722222223
9.91097566399992,-535938.7736111111
9.912493154000003,-7722.949722222223
9.912875424999925,-535938.7736111111
9.914852086999986,-7722.949722222223
9.915344645000005,-535938.7736111111
9.916521290999981,-7722.949722222223
9.916951348999987,-535938.7736111111
9.918795751999937,-7722.949722222223
9.919319874999928,-535938.7736111111
9.920741629999952,-7722.949722222223
9.921133510999994,-535938.7736111111
9.92252349499995,-7722.949722222223
9.923065286999986,-535938.7736111111
9.924689640999986,-7722.949722222223
9.924974978000023,-535938.7736111111
9.926546659999985,-7722.949722222223
9.926975152999944,-535938.7736111111
9.928541031999998,-7722.949722222223
9.928970505999928,-535938.7736111111
9.930521257999999,-7722.949722222223
9.930951792999963,-535938.7736111111
9.932225612000025,-7722.949722222223
9.932975242999987,-531278.6491666667
9.934935558000006,-7722.949722222223
9.935432186999947,-535938.7736111111
9.936948362999942,-7722.949722222223
9.937675920999936,-535938.7736111111
9.938502187999916,-7722.949722222223
9.939136398999949,-535938.7736111111
9.940210391999926,-7722.949722222223
9.940735860000018,-535938.7736111111
9.942226626999968,-7722.949722222223
9.94308101799993,-535938.7736111111
9.943961474999924,-7722.949722222223
9.944563211999935,-535938.7736111111
9.945860995999965,-7722.949722222223
9.946391825999967,-535938.7736111111
9.94763568299993,-7722.949722222223
9.948022711000021,-535938.7736111111
9.949670982999919,-7722.949722222223
9.95004062999999,-535938.7736111111
9.951747668999928,-7722.949722222223
9.952144346999944,-535938.7736111111
9.954401738000001,-7722.949722222223
9.95504726899992,-535938.7736111111
9.956108466999922,-7722.949722222223
9.956648172999962,-535938.7736111111
9.958113121999986,-7722.949722222223
9.958505489999993,-535938.7736111111
9.960112162999962,-7722.949722222223
9.960714319999965,-535938.7736111111
9.961986721000017,-7722.949722222223
9.962339583000016,-535938.7736111111
9.963894704999916,-7722.949722222223
9.964472128000011,-535938.7736111111
9.965700010999967,-7722.949722222223
9.966136752000011,-535938.7736111111
9.967751602000021,-7722.949722222223
9.96817595999994,-535938.7736111111
9.969506259000013,-7722.949722222223
9.969937180999977,-535938.7736111111
9.971509105999985,-7722.949722222223
9.972125785000003,-535938.7736111111
9.973515221999946,-7722.949722222223
9.973933405000025,-535938.7736111111
9.975544861999992,-7722.949722222223
9.975914306999925,-535938.7736111111
9.977852645999974,-7722.949722222223
9.978226740999958,-535938.7736111111
9.979927182999973,-7722.949722222223
9.980556039000021,-535938.7736111111
9.982349423999949,-7722.949722222223
9.983144605999996,-535938.7736111111
9.98452794299999,-7722.949722222223
9.985028082999975,-535938.7736111111
9.986556851999921,-7722.949722222223
9.98727584300002,-535938.7736111111
9.988955873000009,-7722.949722222223
9.98965590299997,-535938.7736111111
9.990845211999954,-7722.949722222223
9.991212747999953,-535938.7736111111
9.993163190000018,-7722.949722222223
9.993600446999949,-535938.7736111111
9.99527359000001,-7722.949722222223
9.995898834999934,-535938.7736111111
9.997971672999938,-7722.949722222223
9.998331823999933,-535938.7736111111
9.999906033999991,-7722.949722222223
10.000485819000005,-535938.7736111111
10.002003962999993,-7722.949722222223
10.002563000999999,-535938.7736111111
10.003782199999932,-7722.949722222223
10.003974643999982,-535938.7736111111
10.00518513399993,-7722.949722222223
10.005680754999958,-535938.7736111111
10.007434068999942,-7722.949722222223
10.00785220399996,-535938.7736111111
10.009287168000014,-7722.949722222223
10.009676291999995,-535938.7736111111
10.01150209299999,-7722.949722222223
10.011783150999918,-535938.7736111111
10.01307149899992,-7722.949722222223
10.01347224199992,-535938.7736111111
10.015453882999964,-7722.949722222223
10.01587503199994,-535938.7736111111
10.01714851600002,-7722.949722222223
10.017639228999997,-531278.7202777778
10.019189756999936,-7722.949722222223
10.019806637999977,-535938.7736111111
10.020707614999992,-7722.949722222223
10.021448474999943,-535938.7736111111
10.022135000999924,-7722.949722222223
10.023740245999988,-7722.949722222223
10.025274429999968,-7722.949722222223
10.026890576000028,-7722.949722222223
10.028665273000001,-7722.949722222223
10.030034011999987,-535938.7736111111
10.030509564999988,-7722.949722222223
10.031092093999973,-535938.7736111111
10.032204610999997,-7722.949722222223
10.032955625999989,-535938.7736111111
10.034420656999941,-7722.949722222223
10.034845883000003,-535938.7736111111
10.036123705000023,-7722.949722222223
10.036589434000007,-535938.7736111111
10.038208657999917,-7722.949722222223
10.03894319799997,-535938.7736111111
10.039733492999972,-7722.949722222223
10.040522441999997,-535938.7736111111
10.041497112999991,-7722.949722222223
10.041874769999936,-535938.7736111111
10.044187257999965,-7722.949722222223
10.04462622099993,-535938.7736111111
10.04608447299995,-7722.949722222223
10.046697575999929,-535938.7736111111
10.048058505999961,-7722.949722222223
10.048685301999967,-535938.7736111111
10.050076405000027,-7722.949722222223
10.05046818599999,-535938.7736111111
10.052691881999976,-7722.949722222223
10.053187619000028,-535938.7736111111
10.054635323999946,-7722.949722222223
10.054774556999973,-535938.7736111111
10.056239755999968,-7722.949722222223
10.056592760999933,-535938.7736111111
10.058344025999986,-7722.949722222223
10.058771229999934,-535938.7736111111
10.060133219000022,-7722.949722222223
10.060621480000009,-535938.7736111111
10.062171991000014,-7722.949722222223
10.062777674000017,-535938.7736111111
10.064010753999924,-7722.949722222223
10.064621547999991,-535938.7736111111
10.066021750000004,-7722.949722222223
10.066601227999968,-535938.7736111111
10.06799463699997,-7722.949722222223
10.068422317999989,-535938.7736111111
10.070027669999945,-7722.949722222223
10.070641840000008,-535938.7736111111
10.07194837999998,-7722.949722222223
10.072422720999953,-535938.7736111111
10.074036395000007,-7722.949722222223
10.074323978999928,-535938.7736111111
10.075901166999984,-7722.949722222223
10.076446637000004,-535938.7736111111
10.077832868999963,-7722.949722222223
10.078212874999963,-535938.7736111111
10.07954066100001,-7722.949722222223
10.079974817999982,-535938.7736111111
10.081735569999978,-7722.949722222223
10.08213291200002,-535938.7736111111
10.083841772000028,-7722.949722222223
10.084217302999946,-535938.7736111111
10.085561618999918,-7722.949722222223
10.085987058,-535938.7736111111
10.087567863000004,-7722.949722222223
10.087995698999976,-535938.7736111111
10.089558050999926,-7722.949722222223
10.089984097999945,-535938.7736111111
10.091546846000028,-7722.949722222223
10.091973418999942,-535938.7736111111
10.093251232999933,-7722.949722222223
10.094001898999977,-535938.7736111111
10.09535197699995,-7722.949722222223
10.095721824999941,-535938.7736111111
10.097324371000013,-7722.949722222223
10.097763492000013,-535938.7736111111
10.099422282999967,-7722.949722222223
10.099774110999988,-535938.7736111111
10.101427441999931,-7722.949722222223
10.101854106000019,-535938.7736111111
10.103549415999964,-7722.949722222223
10.104045716999963,-535938.7736111111
10.10555956099995,-7722.949722222223
10.106053870999972,-535938.7736111111
10.107430236000027,-7722.949722222223
10.108033224999986,-535938.7736111111
10.109432154999922,-7722.949722222223
10.109862105999923,-535938.7736111111
10.111437570000021,-7722.949722222223
10.111865629000022,-535938.7736111111
10.11343216499995,-7722.949722222223
10.11385712699996,-535938.7736111111
10.115435832999992,-7722.949722222223
10.115868808999949,-535938.7736111111
10.117239987999938,-7722.949722222223
10.117814961000022,-535938.7736111111
10.119132380999986,-7722.949722222223
10.119553310000015,-535938.7736111111
10.121177273999933,-7722.949722222223
10.12174096299998,-535938.7736111111
10.122835411999972,-7722.949722222223
10.123129014000028,-535938.7736111111
10.12484129500001,-7722.949722222223
10.125221031000024,-535938.7736111111
10.126605609999956,-7722.949722222223
10.126960270999916,-535938.7736111111
10.128845458,-7722.949722222223
10.129216821,-535938.7736111111
10.13053280600002,-7722.949722222223
10.130956492999985,-535938.7736111111
10.132835076999982,-7722.949722222223
10.133186893000016,-535938.7736111111
10.134590284999945,-7722.949722222223
10.134973826999953,-535938.7736111111
10.136512390999997,-7722.949722222223
10.136950652999985,-535938.7736111111
10.139477126999964,-7722.949722222223
10.140047583999944,-535938.7736111111
10.141402237999955,-7722.949722222223
10.141795230999946,-535938.7736111111
10.143312483999921,-7722.949722222223
10.143825401999948,-531278.7913888888
10.14542902300002,-7722.949722222223
10.145845516000009,-531278.5069444445
10.14752605000001,-7722.949722222223
10.148050743999988,-535938.7736111111
10.149564691000023,-7722.949722222223
10.150069299999927,-535938.7736111111
10.151394680999942,-7722.949722222223
10.151847749000012,-535938.7736111111
10.153438939000011,-7722.949722222223
10.153858022000009,-535938.7736111111
10.155403632000002,-7722.949722222223
10.155830268999921,-535938.7736111111
10.157313498999997,-7722.949722222223
10.157719482999937,-535938.7736111111
10.15990629199996,-7722.949722222223
10.160422703999984,-535938.7736111111
10.161658540999952,-7722.949722222223
10.16203244999997,-535938.7736111111
10.163765586999943,-7722.949722222223
10.164140810999925,-535938.7736111111
10.165634729999965,-7722.949722222223
10.165925908999952,-535938.7736111111
10.167346514999963,-7722.949722222223
10.168179236000014,-535938.7736111111
10.16877603699993,-7722.949722222223
10.169384500999968,-535938.7736111111
10.170590176000019,-7722.949722222223
10.170954865999988,-535938.7736111111
10.172401745999991,-7722.949722222223
10.172825005999925,-535938.7736111111
10.174191398999938,-7722.949722222223
10.174677341999995,-535938.7736111111
10.176283207999973,-7722.949722222223
10.177109244999997,-535938.7736111111
10.178105153999923,-7722.949722222223
10.178497529999959,-535938.7736111111
10.180102715999965,-7722.949722222223
10.180700922000028,-535938.7736111111
10.181963013999962,-7722.949722222223
10.182310873000006,-535938.7736111111
10.183864580999966,-7722.949722222223
10.184435130999987,-535938.7736111111
10.18591358599997,-7722.949722222223
10.18640242899994,-535938.7736111111
10.187680541999953,-7722.949722222223
10.188055006000013,-535938.7736111111
10.189519510999958,-7722.949722222223
10.189944314999934,-535938.7736111111
10.192014472999972,-7722.949722222223
10.192615864000004,-535938.7736111111
10.19421726600001,-7722.949722222223
10.194621622,-535938.7736111111
10.196340544000009,-7722.949722222223
10.196817526000018,-535938.7736111111
10.198090655999977,-7722.949722222223
10.19849452599999,-535938.7736111111
10.20008765099999,-7722.949722222223
10.200490351999974,-535938.7736111111
10.20209273699993,-7722.949722222223
10.202508788999921,-535938.7736111111
10.204088216999935,-7722.949722222223
10.204496141999925,-535938.7736111111
10.206078939999998,-7722.949722222223
10.206506077999961,-535938.7736111111
10.208091255999989,-7722.949722222223
10.208517938,-535938.7736111111
10.210076708999964,-7722.949722222223
10.210467212000026,-535938.7736111111
10.212087085999997,-7722.949722222223
10.212532142999976,-535938.7736111111
10.21452324500001,-7722.949722222223
10.215128800999992,-535938.7736111111
10.216239816999973,-7722.949722222223
10.216988698000023,-535938.7736111111
10.21885530499992,-7722.949722222223
10.21890268300001,-535938.7736111111
10.220429466999917,-7722.949722222223
10.220873278,-535938.7736111111
10.22311076199992,-7722.949722222223
10.22359958200002,-535938.7736111111
10.224461047999966,-7722.949722222223
10.224922796999977,-535938.7736111111
10.226521426999966,-7722.949722222223
10.226758086000018,-535938.7736111111
10.228429350999932,-7722.949722222223
10.228613258999985,-535938.7736111111
10.230314306999958,-7722.949722222223
10.230814306999946,-535938.7736111111
10.23199991499996,-7722.949722222223
10.232358863999934,-535938.7736111111
10.234005541999977,-7722.949722222223
10.234433568999975,-535938.7736111111
10.23607888999993,-7722.949722222223
10.236499792000018,-535938.7736111111
10.238073266000015,-7722.949722222223
10.238471378999975,-535938.7736111111
10.240077980000024,-7722.949722222223
10.240529157999958,-535938.7736111111
10.242080439000006,-7722.949722222223
10.242471400999989,-535938.7736111111
10.243988489000003,-7722.949722222223
10.244594484999993,-535938.7736111111
10.245982819999995,-7722.949722222223
10.246335498999997,-535938.7736111111
10.248162725999919,-7722.949722222223
10.248558730000013,-535938.7736111111
10.250069895000024,-7722.949722222223
10.250468411999918,-535938.7736111111
10.253245976000017,-7722.949722222223
10.253743320000012,-535938.7736111111
10.25501481599997,-7722.949722222223
10.255499512000029,-535938.7736111111
10.256932837000022,-7722.949722222223
10.257539348000023,-531278.6491666667
10.25900086899992,-7722.949722222223
10.259437397999932,-535938.8447222222
10.261052579999955,-7722.949722222223
10.261497544000008,-540599.1113888889
10.263046981999992,-7722.949722222223
10.263678347999985,-540599.1113888889
10.265079148999916,-7722.949722222223
10.265497084000003,-540599.1113888889
10.267045654999947,-7722.949722222223
10.267674334999924,-540599.1113888889
10.269104572999936,-7722.949722222223
10.269527432000018,-540599.1113888889
10.271746389999976,-7722.949722222223
10.272135124999977,-540599.1113888889
10.273446469999953,-7722.949722222223
10.273874987999989,-540599.1113888889
10.27545932199996,-7722.949722222223
10.275950473999956,-540599.1113888889
10.277460520999966,-7722.949722222223
10.277893399999925,-540599.1113888889
10.27946112099994,-7722.949722222223
10.280035848000011,-540599.1113888889
10.281457314000022,-7722.949722222223
10.281888850999962,-540599.1113888889
10.283461448000025,-7722.949722222223
10.283891429999926,-540599.1113888889
10.28545958799998,-7722.949722222223
10.285888834999923,-540599.1113888889
10.287465182999995,-7722.949722222223
10.28788939499998,-540599.1113888889
10.289454724999928,-7722.949722222223
10.28988513899992,-540599.1113888889
10.291580526999951,-7722.949722222223
10.292019127000003,-540599.1113888889
10.29351330999998,-7722.949722222223
10.293748067000024,-540599.1113888889
10.295316959999923,-7722.949722222223
10.295728992000022,-540599.1113888889
10.297122158999969,-7722.949722222223
10.297517617999915,-540599.1113888889
10.299031461000027,-7722.949722222223
10.299536011999976,-540599.1113888889
10.301240975999917,-7722.949722222223
10.301770475000012,-540599.1113888889
10.30311291999999,-7722.949722222223
10.303437831999986,-540599.1113888889
10.305030925999972,-7722.949722222223
10.305636176999997,-540599.1113888889
10.307118618999993,-7722.949722222223
10.307428480999988,-540599.1113888889
10.309029957000007,-7722.949722222223
10.309645048999982,-540599.1113888889
10.311431620000008,-7722.949722222223
10.311852581999915,-540599.1113888889
10.313342365999915,-7722.949722222223
10.313744365999924,-540599.1113888889
10.315424129000007,-7722.949722222223
10.315984833000016,-540599.1113888889
10.317678542999943,-7722.949722222223
10.318738813999971,-540599.1113888889
10.320725563999986,-7722.949722222223
10.321164982000028,-540599.1113888889
10.322836490999975,-7722.949722222223
10.32321046200002,-540599.1113888889
10.32454704199995,-7722.949722222223
10.324969444999965,-540599.1113888889
10.32660173499994,-7722.949722222223
10.32701548,-540599.1113888889
10.328165818000002,-7722.949722222223
10.328708820999964,-540599.1113888889
10.329914778999978,-7722.949722222223
10.330469112999936,-540599.1113888889
10.332011810999916,-7722.949722222223
10.332430558999931,-540599.1113888889
10.334031860999971,-7722.949722222223
10.334663537999973,-540599.1113888889
10.336126346000015,-7722.949722222223
10.336476757000014,-540599.1113888889
10.338033044999975,-7722.949722222223
10.338450959999932,-540599.1113888889
10.341137171000014,-7722.949722222223
10.341636519999952,-540599.1113888889
10.343220298000006,-7722.949722222223
10.343863364999947,-540599.1113888889
10.34502795100002,-7722.949722222223
10.345446811999977,-540599.1113888889
10.347006813999997,-7722.949722222223
10.347440757999948,-540599.1113888889
10.348858802999985,-7722.949722222223
10.349438985999996,-540599.1113888889
10.350842783999951,-7722.949722222223
10.351211827999919,-540599.1113888889
10.352539504999982,-7722.949722222223
10.352969056999996,-540599.1113888889
10.354840749000005,-7722.949722222223
10.355214938000017,-540599.1113888889
10.356540543999927,-7722.949722222223
10.356953041999986,-540599.1113888889
10.358894521000025,-7722.949722222223
10.359213692000026,-540599.1113888889
10.360536560000014,-7722.949722222223
10.360953748999918,-540599.1113888889
10.362842995999927,-7722.949722222223
10.36321266099992,-540599.1113888889
10.364536441999917,-7722.949722222223
10.36495946399998,-540599.1113888889
10.366838426999948,-7722.949722222223
10.367211253999926,-540599.1113888889
10.368751695000014,-7722.949722222223
10.369133733000012,-540599.1113888889
10.370300046000011,-7722.949722222223
10.370798164999997,-540599.1113888889
10.37265704999993,-7722.949722222223
10.373139403999971,-540599.1113888889
10.375652472999946,-7722.949722222223
10.376136577000011,-540599.1113888889
10.377927877999923,-7722.949722222223
10.378431793999994,-540599.1113888889
10.37970871899995,-7722.949722222223
10.380131945000016,-540599.1113888889
10.38184641099997,-7722.949722222223
10.382258750000005,-540599.1113888889
10.383477949999929,-7722.949722222223
10.38384857799997,-540599.1113888889
10.385343857999942,-7722.949722222223
10.385776107999959,-540599.1113888889
10.387359953999976,-7722.949722222223
10.387788852999961,-540599.1113888889
10.389141213000016,-7722.949722222223
10.389563371999998,-540599.1113888889
10.390966902999935,-7722.949722222223
10.391568866999933,-535938.8447222222
10.393068211000013,-7722.949722222223
10.393516742999964,-535938.8447222222
10.394943259000001,-7722.949722222223
10.39545727999996,-540599.1113888889
10.39692272100001,-7722.949722222223
10.397494965999954,-540599.1113888889
10.399356711999985,-7722.949722222223
10.400017987999945,-540599.1113888889
10.401102622999929,-7722.949722222223
10.40153300899999,-540599.1113888889
10.403103342999998,-7722.949722222223
10.40349573200001,-540599.1113888889
10.405100652999977,-7722.949722222223
10.405493191000005,-540599.1113888889
10.407208223999987,-7722.949722222223
10.407840740999973,-540599.1113888889
10.40892106399997,-7722.949722222223
10.409519419999924,-540599.1113888889
10.410918002000017,-7722.949722222223
10.411428887999932,-540599.1113888889
10.412891197000022,-7722.949722222223
10.413365397000007,-540599.1113888889
10.414417760999982,-7722.949722222223
10.414929363999931,-540599.1113888889
10.416205952999917,-7722.949722222223
10.416694046999964,-540599.1113888889
10.418678898999929,-7722.949722222223
10.419073743000013,-540599.1113888889
10.420736125999952,-7722.949722222223
10.421173083999975,-540599.1113888889
10.423418157000015,-7722.949722222223
10.424073887999953,-540599.1113888889
10.425149082999951,-7722.949722222223
10.425590816999943,-540599.1113888889
10.427086194000026,-7722.949722222223
10.427472564000027,-540599.1113888889
10.429081606999944,-7722.949722222223
10.42950008799994,-540599.1113888889
10.431116484999961,-7722.949722222223
10.431514875999937,-540599.1113888889
10.433087139999998,-7722.949722222223
10.433505350000019,-540599.1113888889
10.435100840000018,-7722.949722222223
10.43561130799992,-540599.1113888889
10.437093817000004,-7722.949722222223
10.437500173999979,-540599.1113888889
10.439115251999965,-7722.949722222223
10.439520185999982,-540599.1113888889
10.441074942,-7722.949722222223
10.441499329999942,-540599.1113888889
10.443954658999928,-7722.949722222223
10.444461346000026,-540599.1113888889
10.445750867000015,-7722.949722222223
10.446255404999988,-540599.1113888889
10.447867780000024,-7722.949722222223
10.448712664000027,-540599.1113888889
10.449531835000016,-7722.949722222223
10.44995840799993,-540599.1113888889
10.451498715999946,-7722.949722222223
10.452067508000027,-540599.1113888889
10.453610466999976,-7722.949722222223
10.45405270599997,-540599.1113888889
10.455612353999982,-7722.949722222223
10.456239581999967,-540599.1113888889
10.457895261999965,-7722.949722222223
10.458376568999938,-540599.1113888889
10.459808301999942,-7722.949722222223
10.460155862999954,-540599.1113888889
10.461898002999988,-7722.949722222223
10.462367136000012,-540599.1113888889
10.463608292999993,-7722.949722222223
10.464043230000016,-540599.1113888889
10.465883320999978,-7722.949722222223
10.46635556000001,-540599.1113888889
10.467597827999953,-7722.949722222223
10.468015123999976,-540599.1113888889
10.469586957999923,-7722.949722222223
10.470171454000024,-540599.1113888889
10.47183733099996,-7722.949722222223
10.472209269000018,-540599.1113888889
10.47498338999992,-7722.949722222223
10.475324107999995,-540599.1113888889
10.47669143600001,-7722.949722222223
10.477078929999948,-540599.1113888889
10.478662439000004,-7722.949722222223
10.479019386000004,-540599.1113888889
10.480466128999979,-7722.949722222223
10.48101123899994,-540599.1113888889
10.482755860999987,-7722.949722222223
10.483131687999958,-540599.1113888889
10.484847247999937,-7722.949722222223
10.485211619999973,-540599.1113888889
10.486492181000017,-7722.949722222223
10.486874910999973,-540599.1113888889
10.488160975000028,-7722.949722222223
10.488555653999924,-540599.1113888889
10.490611893999926,-7722.949722222223
10.491169839000008,-540599.1113888889
10.492255915999976,-7722.949722222223
10.492578492999996,-540599.1113888889
10.494053028999929,-7722.949722222223
10.494688027999928,-540599.1113888889
10.49607076999996,-7722.949722222223
10.496637511000017,-540599.1113888889
10.498175746000015,-7722.949722222223
10.498477838999975,-535938.9869444445
10.500239454999928,-7722.949722222223
10.50050368899997,-535938.9869444445
10.502059152000015,-7722.949722222223
10.502667709999969,-540599.1113888889
10.504150385999992,-7722.949722222223
10.50447636499996,-540599.1113888889
10.506232274000013,-7722.949722222223
10.506686618999993,-540599.1113888889
10.508223272999999,-7722.949722222223
10.508614572999932,-540599.1113888889
10.510052390999931,-7722.949722222223
10.510659930999964,-540599.1113888889
10.51259668199998,-7722.949722222223
10.513140979000013,-540599.1113888889
10.514443948000007,-7722.949722222223
10.515243538999925,-540599.1113888889
10.516120701999967,-7722.949722222223
10.516600687999926,-540599.1113888889
10.518529987999955,-7722.949722222223
10.519050117000006,-540599.1113888889
10.520166732999996,-7722.949722222223
10.520607361999964,-540599.1113888889
10.523159469000007,-7722.949722222223
10.523506114999918,-540599.1113888889
10.524986818999992,-7722.949722222223
10.525350596999942,-540599.1113888889
10.526875272999973,-7722.949722222223
10.527468564999936,-540599.1113888889
10.528470404000018,-7722.949722222223
10.52889547999996,-540599.1113888889
10.53045026299992,-7722.949722222223
10.530896517999963,-540599.1113888889
10.53245412299998,-7722.949722222223
10.53287594099993,-540599.1113888889
10.534450037999932,-7722.949722222223
10.534892973999945,-540599.1113888889
10.536455358000012,-7722.949722222223
10.536879097999986,-540599.1113888889
10.538359103999937,-7722.949722222223
10.538741621999975,-540599.1113888889
10.54055601899995,-7722.949722222223
10.54109332600001,-540599.1113888889
10.542519414000026,-7722.949722222223
10.543024034999917,-540599.1113888889
10.545128393000027,-7722.949722222223
10.54557824699998,-540599.1113888889
10.546774246999917,-7722.949722222223
10.54768707300002,-540599.1113888889
10.549099521000016,-7722.949722222223
10.549797253999941,-540599.1113888889
10.551440817999946,-7722.949722222223
10.551799572999926,-540599.1113888889
10.553135851999969,-7722.949722222223
10.553558764999934,-540599.1113888889
10.555181804999961,-7722.949722222223
10.555568289999997,-540599.1113888889
10.557482505999928,-7722.949722222223
10.558091707000017,-540599.1113888889
10.559238723000021,-7722.949722222223
10.559663539999974,-540599.1113888889
10.561595194000006,-7722.949722222223
10.562011499999926,-540599.1113888889
10.563616422999985,-7722.949722222223
10.564017837999927,-540599.1113888889
10.565559787999973,-7722.949722222223
10.565988550999919,-540599.1113888889
10.567541124999934,-7722.949722222223
10.567975070999978,-540599.1113888889
10.569535507999944,-7722.949722222223
10.569962787999998,-540599.1113888889
10.571545237999999,-7722.949722222223
10.571972467000023,-540599.1113888889
10.573539429999983,-7722.949722222223
10.573963823999975,-540599.1113888889
10.576275400999975,-7722.949722222223
10.576997763000008,-540599.1113888889
10.578335975999948,-7722.949722222223
10.578964496000026,-540599.1113888889
10.580426570999975,-7722.949722222223
10.580846663999978,-540599.1113888889
10.582429954999952,-7722.949722222223
10.582861094999998,-540599.1113888889
10.58442589799995,-7722.949722222223
10.584855851999919,-540599.1113888889
10.586422664999986,-7722.949722222223
10.586853572999985,-540599.1113888889
10.588425687999916,-7722.949722222223
10.588855077999938,-540599.1113888889
10.592028409000022,-7722.949722222223
10.592443991999971,-540599.1113888889
10.594781977000025,-7722.949722222223
10.595167498000023,-540599.1113888889
10.59696132800002,-7722.949722222223
10.597658688000024,-540599.1113888889
10.600032457999987,-7722.949722222223
10.600468610000007,-540599.1113888889
10.602990164999937,-7722.949722222223
10.603359833000013,-540599.1113888889
10.605794833999994,-7722.949722222223
10.606156241000008,-540599.1113888889
10.60794906000001,-7722.949722222223
10.608525739000015,-540599.1113888889
10.610225194000009,-7722.949722222223
10.610673084999917,-540599.1113888889
10.612428034000004,-7722.949722222223
10.612990181999976,-540599.1113888889
10.615131621999922,-7722.949722222223
10.615652864000026,-540599.1113888889
10.616895783000018,-7722.949722222223
10.617515670999978,-540599.1113888889
10.62089678999996,-7722.949722222223
10.621573110999975,-540599.1113888889
10.622816676999946,-7722.949722222223
10.623158908999926,-535938.9158333334
10.624943243999951,-7722.949722222223
10.62538366199999,-540599.1113888889
10.629587921999928,-7722.949722222223
10.62989199399999,-540599.1113888889
10.631302060999928,-7722.949722222223
10.631730057000027,-540599.1113888889
10.633956450000028,-7722.949722222223
10.634519005000016,-540599.1113888889
10.635930280000025,-7722.949722222223
10.636489589999996,-540599.1113888889
10.637926809999954,-7722.949722222223
10.638379530999941,-540599.1113888889
10.63957315999994,-7722.949722222223
10.64089521699998,-540599.1113888889
10.641949939000028,-7722.949722222223
10.642253084000004,-540599.1113888889
10.644242116999976,-7722.949722222223
10.644815936999976,-540599.1113888889
10.646059134999973,-7722.949722222223
10.646429507999983,-540599.1113888889
10.647898676999944,-7722.949722222223
10.648415367999974,-540599.1113888889
10.649892195000007,-7722.949722222223
10.650398650999932,-540599.1113888889
10.651625592999949,-7722.949722222223
10.65201467299994,-540599.1113888889
10.653898389000005,-7722.949722222223
10.654376807999938,-540599.1113888889
10.655597969999917,-7722.949722222223
10.655964702999995,-540599.1113888889
10.657204471,-7722.949722222223
10.657693644999995,-540599.1113888889
10.659411300999977,-7722.949722222223
10.65983775999996,-540599.1113888889
10.661111600000027,-7722.949722222223
10.661859601999936,-540599.1113888889
10.663098315999946,-7722.949722222223
10.663502504000007,-540599.1113888889
10.665091140999948,-7722.949722222223
10.665490064999972,-540599.1113888889
10.667096562999973,-7722.949722222223
10.667516181999986,-540599.1113888889
10.669120497999984,-7722.949722222223
10.669489465999959,-540599.1113888889
10.671094015999984,-7722.949722222223
10.671494704999986,-540599.1113888889
10.67313465899997,-7722.949722222223
10.67369923199999,-540599.1113888889
10.67529858499995,-7722.949722222223
10.675794648999954,-540599.1113888889
10.677211262000014,-7722.949722222223
10.677814172000012,-540599.1113888889
10.67975843399995,-7722.949722222223
10.680127319000007,-540599.1113888889
10.681762901999946,-7722.949722222223
10.682126965999942,-540599.1113888889
10.68361921099995,-7722.949722222223
10.68400692399996,-540599.1113888889
10.685904508000021,-7722.949722222223
10.68630697399999,-540599.1113888889
10.687610878999976,-7722.949722222223
10.68800631900001,-540599.1113888889
10.68948556700002,-7722.949722222223
10.690064818999986,-540599.1113888889
10.691219169999954,-7722.949722222223
10.691961530999947,-540599.1113888889
10.693418409999936,-7722.949722222223
10.69384727499994,-540599.1113888889
10.695183036999993,-7722.949722222223
10.695673929000009,-540599.1113888889
10.69725894499993,-7722.949722222223
10.698052213999972,-540599.1113888889
10.699126693999915,-7722.949722222223
10.69965575699996,-540599.1113888889
10.700871199999938,-7722.949722222223
10.701464864999934,-540599.1113888889
10.702847012999996,-7722.949722222223
10.703208361999941,-540599.1113888889
10.705084499999998,-7722.949722222223
10.705464910999922,-540599.1113888889
10.707075234999934,-7722.949722222223
10.707522518000019,-540599.1113888889
10.70941459300002,-7722.949722222223
10.71005055799992,-540599.1113888889
10.711215567999943,-7722.949722222223
10.711635285999932,-540599.1113888889
10.713410996999983,-7722.949722222223
10.714023108999982,-540599.1113888889
10.715214978999938,-7722.949722222223
10.715633501999946,-540599.1113888889
10.717424028999972,-7722.949722222223
10.717855800999928,-540599.1113888889
10.719265233999977,-7722.949722222223
10.719771098000024,-540599.1113888889
10.72117389999994,-7722.949722222223
10.721565753999926,-540599.1113888889
10.723572912999998,-7722.949722222223
10.724124991999929,-540599.1113888889
10.72539856200001,-7722.949722222223
10.725888584000018,-540599.1113888889
10.727149583000028,-7722.949722222223
10.727651066000021,-540599.1113888889
10.729536198999995,-7722.949722222223
10.73000343199999,-540599.1113888889
10.731121305999977,-7722.949722222223
10.731550771999991,-540599.1113888889
10.73320128599994,-7722.949722222223
10.73380715999997,-540599.1113888889
10.735064115,-7722.949722222223
10.735661715999981,-540599.1113888889
10.73742902899994,-7722.949722222223
10.737847133999935,-540599.1113888889
10.739124409999931,-7722.949722222223
10.739596244999916,-540599.1113888889
10.741215500999942,-7722.949722222223
10.741817916999935,-540599.1113888889
10.743080662000011,-7722.949722222223
10.74349955599996,-540599.1113888889
10.745053299000006,-7722.949722222223
10.74566180499994,-540599.1113888889
10.746923412000001,-7722.949722222223
10.747694507000006,-540599.1113888889
10.749053678999985,-7722.949722222223
10.749680323000007,-535938.9158333334
10.751004783999974,-7722.949722222223
10.751712157999918,-540599.1113888889
10.753006659999983,-7722.949722222223
10.753520975000015,-540599.1113888889
10.754978914999924,-7722.949722222223
10.75542455099992,-540599.1113888889
10.756841217999977,-7722.949722222223
10.757208995999918,-540599.1113888889
10.758569321999971,-7722.949722222223
10.759005944000023,-540599.1113888889
10.760457004999921,-7722.949722222223
10.76113434399997,-540599.1113888889
10.762011808000011,-7722.949722222223
10.762464592000015,-540599.1113888889
10.764024377999931,-7722.949722222223
10.764624143999981,-540599.1113888889
10.766029187999948,-7722.949722222223
10.766634453999927,-540599.1113888889
10.768151625999963,-7722.949722222223
10.768681570000012,-540599.1113888889
10.77007547400001,-7722.949722222223
10.770510853000019,-540599.1113888889
10.77230254899996,-7722.949722222223
10.772689648999972,-540599.1113888889
10.774172840000006,-7722.949722222223
10.774590607999926,-540599.1113888889
10.776333660999967,-7722.949722222223
10.776708890000009,-540599.1113888889
10.778195098999959,-7722.949722222223
10.77860616700002,-540599.1113888889
10.78013979100001,-7722.949722222223
10.780763003999937,-540599.1113888889
10.782003397999915,-7722.949722222223
10.78243303599993,-540599.1113888889
10.784438529999989,-7722.949722222223
10.784868702999916,-540599.1113888889
10.786430400999961,-7722.949722222223
10.786956476,-540599.1113888889
10.788844594000011,-7722.949722222223
10.789213447999941,-540599.1113888889
10.79057573099999,-7722.949722222223
10.790960434999988,-540599.1113888889
10.792837020999968,-7722.949722222223
10.79324115999998,-540599.1113888889
10.794537397,-7722.949722222223
10.79496403600001,-540599.1113888889
10.796834176999937,-7722.949722222223
10.79718294199995,-540599.1113888889
10.79855373700002,-7722.949722222223
10.798969982000017,-540599.1113888889
10.800431472000014,-7722.949722222223
10.800865822999981,-540599.1113888889
10.802430441999945,-7722.949722222223
10.802854992999983,-540599.1113888889
10.804423694999969,-7722.949722222223
10.804857792000007,-540599.1113888889
10.80642873699992,-7722.949722222223
10.806858341999941,-540599.1113888889
10.808426986999962,-7722.949722222223
10.808856821999939,-540599.1113888889
10.810423515000025,-7722.949722222223
10.810852075999946,-540599.1113888889
10.81242629999997,-7722.949722222223
10.812855375000026,-540599.1113888889
10.814429827000026,-7722.949722222223
10.814852243000018,-540599.1113888889
10.816405836999934,-7722.949722222223
10.816830112999924,-540599.1113888889
10.81832508299999,-7722.949722222223
10.81885562299999,-540599.1113888889
10.819936290999976,-7722.949722222223
10.820563635999974,-540599.1113888889
10.821884564000015,-7722.949722222223
10.82220805399993,-540599.1113888889
10.823534784999993,-7722.949722222223
10.823956510000016,-540599.1113888889
10.825841697999977,-7722.949722222223
10.826205998999967,-540599.1113888889
10.827535365000017,-7722.949722222223
10.827955509999924,-540599.1113888889
10.829834975999916,-7722.949722222223
10.830211674999987,-540599.1113888889
10.831654389999926,-7722.949722222223
10.832165197999984,-540599.1113888889
10.833846002999962,-7722.949722222223
10.834209615999953,-540599.1113888889
10.83566112599999,-7722.949722222223
10.83614606599997,-540599.1113888889
10.837963348000017,-7722.949722222223
10.838441008000018,-540599.1113888889
10.83964127899992,-7722.949722222223
10.840053405999925,-540599.1113888889
10.841986109999993,-7722.949722222223
10.842215781999926,-540599.1113888889
10.844348072999992,-7722.949722222223
10.844709774999956,-540599.1113888889
10.845939294999994,-7722.949722222223
10.846567388999915,-540599.1113888889
10.84787526499997,-7722.949722222223
10.848437240999942,-540599.1113888889
10.849819861000014,-7722.949722222223
10.850347638000017,-540599.1113888889
10.851522276999958,-7722.949722222223
10.851924197000017,-540599.1113888889
10.853317362999974,-7722.949722222223
10.853744032999998,-540599.1113888889
10.855082689000028,-7722.949722222223
10.855478613999935,-540599.1113888889
