side,group,ik_link,frame,x,y,z,orient_idx,orient_label,qx,qy,qz,qw,success,error_code,reason,time_ms,n_success,n_total,point_reachable
left,left_arm,left_tool0,world,-0.500000,0.000000,0.600000,0,yaw-15_pitch-15,-0.10355339,0.60355339,-0.07945931,0.78656609,1,1,success,38.8,,,
left,left_arm,left_tool0,world,-0.500000,0.000000,0.600000,1,yaw0_pitch-15,0.00000000,0.60876143,0.00000000,0.79335334,1,1,success,55.2,,,
left,left_arm,left_tool0,world,-0.500000,0.000000,0.600000,2,yaw+15_pitch-15,0.10355339,0.60355339,0.07945931,0.78656609,1,1,success,53.6,,,
left,left_arm,left_tool0,world,-0.500000,0.000000,0.600000,3,yaw-15_pitch0,-0.09229596,0.70105738,-0.09229596,0.70105738,1,1,success,50.3,,,
left,left_arm,left_tool0,world,-0.500000,0.000000,0.600000,4,center,0.00000000,0.70710678,0.00000000,0.70710678,1,1,success,55.3,,,
left,left_arm,left_tool0,world,-0.500000,0.000000,0.600000,5,yaw+15_pitch0,0.09229596,0.70105738,0.09229596,0.70105738,1,1,success,52.5,,,
left,left_arm,left_tool0,world,-0.500000,0.000000,0.600000,6,yaw-15_pitch+15,-0.07945931,0.78656609,-0.10355339,0.60355339,1,1,success,50.7,,,
left,left_arm,left_tool0,world,-0.500000,0.000000,0.600000,7,yaw0_pitch+15,0.00000000,0.79335334,0.00000000,0.60876143,1,1,success,50.7,,,
left,left_arm,left_tool0,world,-0.500000,0.000000,0.600000,8,yaw+15_pitch+15,0.07945931,0.78656609,0.10355339,0.60355339,1,1,success,51.9,,,
left,left_arm,left_tool0,world,-0.500000,0.000000,0.600000,-1,SUMMARY,,,,,,,,,9,9,1
left,left_arm,left_tool0,world,-0.500000,0.000000,0.800000,0,yaw-15_pitch-15,-0.10355339,0.60355339,-0.07945931,0.78656609,1,1,success,50.8,,,
left,left_arm,left_tool0,world,-0.500000,0.000000,0.800000,1,yaw0_pitch-15,0.00000000,0.60876143,0.00000000,0.79335334,1,1,success,51.6,,,
left,left_arm,left_tool0,world,-0.500000,0.000000,0.800000,2,yaw+15_pitch-15,0.10355339,0.60355339,0.07945931,0.78656609,1,1,success,53.8,,,
left,left_arm,left_tool0,world,-0.500000,0.000000,0.800000,3,yaw-15_pitch0,-0.09229596,0.70105738,-0.09229596,0.70105738,1,1,success,50.2,,,
left,left_arm,left_tool0,world,-0.500000,0.000000,0.800000,4,center,0.00000000,0.70710678,0.00000000,0.70710678,1,1,success,50.8,,,
left,left_arm,left_tool0,world,-0.500000,0.000000,0.800000,5,yaw+15_pitch0,0.09229596,0.70105738,0.09229596,0.70105738,1,1,success,50.9,,,
left,left_arm,left_tool0,world,-0.500000,0.000000,0.800000,6,yaw-15_pitch+15,-0.07945931,0.78656609,-0.10355339,0.60355339,1,1,success,50.8,,,
left,left_arm,left_tool0,world,-0.500000,0.000000,0.800000,7,yaw0_pitch+15,0.00000000,0.79335334,0.00000000,0.60876143,1,1,success,50.6,,,
left,left_arm,left_tool0,world,-0.500000,0.000000,0.800000,8,yaw+15_pitch+15,0.07945931,0.78656609,0.10355339,0.60355339,1,1,success,50.9,,,
left,left_arm,left_tool0,world,-0.500000,0.000000,0.800000,-1,SUMMARY,,,,,,,,,9,9,1
left,left_arm,left_tool0,world,-0.500000,0.000000,1.000000,0,yaw-15_pitch-15,-0.10355339,0.60355339,-0.07945931,0.78656609,1,1,success,50.4,,,
left,left_arm,left_tool0,world,-0.500000,0.000000,1.000000,1,yaw0_pitch-15,0.00000000,0.60876143,0.00000000,0.79335334,1,1,success,50.8,,,
left,left_arm,left_tool0,world,-0.500000,0.000000,1.000000,2,yaw+15_pitch-15,0.10355339,0.60355339,0.07945931,0.78656609,1,1,success,50.6,,,
left,left_arm,left_tool0,world,-0.500000,0.000000,1.000000,3,yaw-15_pitch0,-0.09229596,0.70105738,-0.09229596,0.70105738,1,1,success,50.9,,,
left,left_arm,left_tool0,world,-0.500000,0.000000,1.000000,4,center,0.00000000,0.70710678,0.00000000,0.70710678,1,1,success,50.8,,,
left,left_arm,left_tool0,world,-0.500000,0.000000,1.000000,5,yaw+15_pitch0,0.09229596,0.70105738,0.09229596,0.70105738,1,1,success,50.5,,,
left,left_arm,left_tool0,world,-0.500000,0.000000,1.000000,6,yaw-15_pitch+15,-0.07945931,0.78656609,-0.10355339,0.60355339,1,1,success,50.7,,,
left,left_arm,left_tool0,world,-0.500000,0.000000,1.000000,7,yaw0_pitch+15,0.00000000,0.79335334,0.00000000,0.60876143,1,1,success,50.9,,,
left,left_arm,left_tool0,world,-0.500000,0.000000,1.000000,8,yaw+15_pitch+15,0.07945931,0.78656609,0.10355339,0.60355339,1,1,success,0.5,,,
left,left_arm,left_tool0,world,-0.500000,0.000000,1.000000,-1,SUMMARY,,,,,,,,,9,9,1
left,left_arm,left_tool0,world,-0.500000,0.000000,1.200000,0,yaw-15_pitch-15,-0.10355339,0.60355339,-0.07945931,0.78656609,1,1,success,50.5,,,
left,left_arm,left_tool0,world,-0.500000,0.000000,1.200000,1,yaw0_pitch-15,0.00000000,0.60876143,0.00000000,0.79335334,1,1,success,50.8,,,
left,left_arm,left_tool0,world,-0.500000,0.000000,1.200000,2,yaw+15_pitch-15,0.10355339,0.60355339,0.07945931,0.78656609,1,1,success,50.7,,,
left,left_arm,left_tool0,world,-0.500000,0.000000,1.200000,3,yaw-15_pitch0,-0.09229596,0.70105738,-0.09229596,0.70105738,1,1,success,50.7,,,
left,left_arm,left_tool0,world,-0.500000,0.000000,1.200000,4,center,0.00000000,0.70710678,0.00000000,0.70710678,1,1,success,51.1,,,
left,left_arm,left_tool0,world,-0.500000,0.000000,1.200000,5,yaw+15_pitch0,0.09229596,0.70105738,0.09229596,0.70105738,1,1,success,51.3,,,
left,left_arm,left_tool0,world,-0.500000,0.000000,1.200000,6,yaw-15_pitch+15,-0.07945931,0.78656609,-0.10355339,0.60355339,1,1,success,50.2,,,
left,left_arm,left_tool0,world,-0.500000,0.000000,1.200000,7,yaw0_pitch+15,0.00000000,0.79335334,0.00000000,0.60876143,1,1,success,50.7,,,
left,left_arm,left_tool0,world,-0.500000,0.000000,1.200000,8,yaw+15_pitch+15,0.07945931,0.78656609,0.10355339,0.60355339,1,1,success,50.7,,,
left,left_arm,left_tool0,world,-0.500000,0.000000,1.200000,-1,SUMMARY,,,,,,,,,9,9,1
left,left_arm,left_tool0,world,-0.500000,0.000000,1.400000,0,yaw-15_pitch-15,-0.10355339,0.60355339,-0.07945931,0.78656609,1,1,success,50.9,,,
left,left_arm,left_tool0,world,-0.500000,0.000000,1.400000,1,yaw0_pitch-15,0.00000000,0.60876143,0.00000000,0.79335334,1,1,success,51.0,,,
left,left_arm,left_tool0,world,-0.500000,0.000000,1.400000,2,yaw+15_pitch-15,0.10355339,0.60355339,0.07945931,0.78656609,1,1,success,50.7,,,
left,left_arm,left_tool0,world,-0.500000,0.000000,1.400000,3,yaw-15_pitch0,-0.09229596,0.70105738,-0.09229596,0.70105738,1,1,success,50.8,,,
left,left_arm,left_tool0,world,-0.500000,0.000000,1.400000,4,center,0.00000000,0.70710678,0.00000000,0.70710678,1,1,success,50.6,,,
left,left_arm,left_tool0,world,-0.500000,0.000000,1.400000,5,yaw+15_pitch0,0.09229596,0.70105738,0.09229596,0.70105738,1,1,success,50.6,,,
left,left_arm,left_tool0,world,-0.500000,0.000000,1.400000,6,yaw-15_pitch+15,-0.07945931,0.78656609,-0.10355339,0.60355339,1,1,success,50.7,,,
left,left_arm,left_tool0,world,-0.500000,0.000000,1.400000,7,yaw0_pitch+15,0.00000000,0.79335334,0.00000000,0.60876143,1,1,success,50.7,,,
left,left_arm,left_tool0,world,-0.500000,0.000000,1.400000,8,yaw+15_pitch+15,0.07945931,0.78656609,0.10355339,0.60355339,1,1,success,50.7,,,
left,left_arm,left_tool0,world,-0.500000,0.000000,1.400000,-1,SUMMARY,,,,,,,,,9,9,1
left,left_arm,left_tool0,world,-0.500000,0.200000,0.600000,0,yaw-15_pitch-15,-0.10355339,0.60355339,-0.07945931,0.78656609,1,1,success,62.3,,,
left,left_arm,left_tool0,world,-0.500000,0.200000,0.600000,1,yaw0_pitch-15,0.00000000,0.60876143,0.00000000,0.79335334,1,1,success,57.5,,,
left,left_arm,left_tool0,world,-0.500000,0.200000,0.600000,2,yaw+15_pitch-15,0.10355339,0.60355339,0.07945931,0.78656609,1,1,success,50.4,,,
left,left_arm,left_tool0,world,-0.500000,0.200000,0.600000,3,yaw-15_pitch0,-0.09229596,0.70105738,-0.09229596,0.70105738,1,1,success,54.4,,,
left,left_arm,left_tool0,world,-0.500000,0.200000,0.600000,4,center,0.00000000,0.70710678,0.00000000,0.70710678,1,1,success,50.6,,,
left,left_arm,left_tool0,world,-0.500000,0.200000,0.600000,5,yaw+15_pitch0,0.09229596,0.70105738,0.09229596,0.70105738,1,1,success,50.6,,,
left,left_arm,left_tool0,world,-0.500000,0.200000,0.600000,6,yaw-15_pitch+15,-0.07945931,0.78656609,-0.10355339,0.60355339,1,1,success,54.7,,,
left,left_arm,left_tool0,world,-0.500000,0.200000,0.600000,7,yaw0_pitch+15,0.00000000,0.79335334,0.00000000,0.60876143,1,1,success,55.0,,,
left,left_arm,left_tool0,world,-0.500000,0.200000,0.600000,8,yaw+15_pitch+15,0.07945931,0.78656609,0.10355339,0.60355339,1,1,success,53.6,,,
left,left_arm,left_tool0,world,-0.500000,0.200000,0.600000,-1,SUMMARY,,,,,,,,,9,9,1
left,left_arm,left_tool0,world,-0.500000,0.200000,0.800000,0,yaw-15_pitch-15,-0.10355339,0.60355339,-0.07945931,0.78656609,1,1,success,51.1,,,
left,left_arm,left_tool0,world,-0.500000,0.200000,0.800000,1,yaw0_pitch-15,0.00000000,0.60876143,0.00000000,0.79335334,1,1,success,52.3,,,
left,left_arm,left_tool0,world,-0.500000,0.200000,0.800000,2,yaw+15_pitch-15,0.10355339,0.60355339,0.07945931,0.78656609,1,1,success,57.0,,,
left,left_arm,left_tool0,world,-0.500000,0.200000,0.800000,3,yaw-15_pitch0,-0.09229596,0.70105738,-0.09229596,0.70105738,1,1,success,50.9,,,
left,left_arm,left_tool0,world,-0.500000,0.200000,0.800000,4,center,0.00000000,0.70710678,0.00000000,0.70710678,1,1,success,50.1,,,
left,left_arm,left_tool0,world,-0.500000,0.200000,0.800000,5,yaw+15_pitch0,0.09229596,0.70105738,0.09229596,0.70105738,1,1,success,50.7,,,
left,left_arm,left_tool0,world,-0.500000,0.200000,0.800000,6,yaw-15_pitch+15,-0.07945931,0.78656609,-0.10355339,0.60355339,1,1,success,51.8,,,
left,left_arm,left_tool0,world,-0.500000,0.200000,0.800000,7,yaw0_pitch+15,0.00000000,0.79335334,0.00000000,0.60876143,1,1,success,50.5,,,
left,left_arm,left_tool0,world,-0.500000,0.200000,0.800000,8,yaw+15_pitch+15,0.07945931,0.78656609,0.10355339,0.60355339,1,1,success,62.4,,,
left,left_arm,left_tool0,world,-0.500000,0.200000,0.800000,-1,SUMMARY,,,,,,,,,9,9,1
left,left_arm,left_tool0,world,-0.500000,0.200000,1.000000,0,yaw-15_pitch-15,-0.10355339,0.60355339,-0.07945931,0.78656609,1,1,success,50.3,,,
left,left_arm,left_tool0,world,-0.500000,0.200000,1.000000,1,yaw0_pitch-15,0.00000000,0.60876143,0.00000000,0.79335334,1,1,success,50.7,,,
left,left_arm,left_tool0,world,-0.500000,0.200000,1.000000,2,yaw+15_pitch-15,0.10355339,0.60355339,0.07945931,0.78656609,1,1,success,50.7,,,
left,left_arm,left_tool0,world,-0.500000,0.200000,1.000000,3,yaw-15_pitch0,-0.09229596,0.70105738,-0.09229596,0.70105738,1,1,success,50.8,,,
left,left_arm,left_tool0,world,-0.500000,0.200000,1.000000,4,center,0.00000000,0.70710678,0.00000000,0.70710678,1,1,success,50.8,,,
left,left_arm,left_tool0,world,-0.500000,0.200000,1.000000,5,yaw+15_pitch0,0.09229596,0.70105738,0.09229596,0.70105738,1,1,success,50.3,,,
left,left_arm,left_tool0,world,-0.500000,0.200000,1.000000,6,yaw-15_pitch+15,-0.07945931,0.78656609,-0.10355339,0.60355339,1,1,success,50.7,,,
left,left_arm,left_tool0,world,-0.500000,0.200000,1.000000,7,yaw0_pitch+15,0.00000000,0.79335334,0.00000000,0.60876143,1,1,success,50.9,,,
left,left_arm,left_tool0,world,-0.500000,0.200000,1.000000,8,yaw+15_pitch+15,0.07945931,0.78656609,0.10355339,0.60355339,1,1,success,50.4,,,
left,left_arm,left_tool0,world,-0.500000,0.200000,1.000000,-1,SUMMARY,,,,,,,,,9,9,1
left,left_arm,left_tool0,world,-0.500000,0.200000,1.200000,0,yaw-15_pitch-15,-0.10355339,0.60355339,-0.07945931,0.78656609,1,1,success,50.7,,,
left,left_arm,left_tool0,world,-0.500000,0.200000,1.200000,1,yaw0_pitch-15,0.00000000,0.60876143,0.00000000,0.79335334,1,1,success,50.7,,,
left,left_arm,left_tool0,world,-0.500000,0.200000,1.200000,2,yaw+15_pitch-15,0.10355339,0.60355339,0.07945931,0.78656609,1,1,success,50.7,,,
left,left_arm,left_tool0,world,-0.500000,0.200000,1.200000,3,yaw-15_pitch0,-0.09229596,0.70105738,-0.09229596,0.70105738,1,1,success,50.5,,,
left,left_arm,left_tool0,world,-0.500000,0.200000,1.200000,4,center,0.00000000,0.70710678,0.00000000,0.70710678,1,1,success,50.7,,,
left,left_arm,left_tool0,world,-0.500000,0.200000,1.200000,5,yaw+15_pitch0,0.09229596,0.70105738,0.09229596,0.70105738,1,1,success,50.6,,,
left,left_arm,left_tool0,world,-0.500000,0.200000,1.200000,6,yaw-15_pitch+15,-0.07945931,0.78656609,-0.10355339,0.60355339,1,1,success,50.8,,,
left,left_arm,left_tool0,world,-0.500000,0.200000,1.200000,7,yaw0_pitch+15,0.00000000,0.79335334,0.00000000,0.60876143,1,1,success,50.5,,,
left,left_arm,left_tool0,world,-0.500000,0.200000,1.200000,8,yaw+15_pitch+15,0.07945931,0.78656609,0.10355339,0.60355339,1,1,success,0.5,,,
left,left_arm,left_tool0,world,-0.500000,0.200000,1.200000,-1,SUMMARY,,,,,,,,,9,9,1
left,left_arm,left_tool0,world,-0.500000,0.200000,1.400000,0,yaw-15_pitch-15,-0.10355339,0.60355339,-0.07945931,0.78656609,1,1,success,50.2,,,
left,left_arm,left_tool0,world,-0.500000,0.200000,1.400000,1,yaw0_pitch-15,0.00000000,0.60876143,0.00000000,0.79335334,1,1,success,50.7,,,
left,left_arm,left_tool0,world,-0.500000,0.200000,1.400000,2,yaw+15_pitch-15,0.10355339,0.60355339,0.07945931,0.78656609,1,1,success,60.6,,,
left,left_arm,left_tool0,world,-0.500000,0.200000,1.400000,3,yaw-15_pitch0,-0.09229596,0.70105738,-0.09229596,0.70105738,1,1,success,50.2,,,
left,left_arm,left_tool0,world,-0.500000,0.200000,1.400000,4,center,0.00000000,0.70710678,0.00000000,0.70710678,1,1,success,50.7,,,
left,left_arm,left_tool0,world,-0.500000,0.200000,1.400000,5,yaw+15_pitch0,0.09229596,0.70105738,0.09229596,0.70105738,1,1,success,0.5,,,
left,left_arm,left_tool0,world,-0.500000,0.200000,1.400000,6,yaw-15_pitch+15,-0.07945931,0.78656609,-0.10355339,0.60355339,1,1,success,50.4,,,
left,left_arm,left_tool0,world,-0.500000,0.200000,1.400000,7,yaw0_pitch+15,0.00000000,0.79335334,0.00000000,0.60876143,1,1,success,0.5,,,
left,left_arm,left_tool0,world,-0.500000,0.200000,1.400000,8,yaw+15_pitch+15,0.07945931,0.78656609,0.10355339,0.60355339,1,1,success,50.3,,,
left,left_arm,left_tool0,world,-0.500000,0.200000,1.400000,-1,SUMMARY,,,,,,,,,9,9,1
left,left_arm,left_tool0,world,-0.500000,0.400000,0.600000,0,yaw-15_pitch-15,-0.10355339,0.60355339,-0.07945931,0.78656609,1,1,success,55.2,,,
left,left_arm,left_tool0,world,-0.500000,0.400000,0.600000,1,yaw0_pitch-15,0.00000000,0.60876143,0.00000000,0.79335334,1,1,success,50.6,,,
left,left_arm,left_tool0,world,-0.500000,0.400000,0.600000,2,yaw+15_pitch-15,0.10355339,0.60355339,0.07945931,0.78656609,1,1,success,54.2,,,
left,left_arm,left_tool0,world,-0.500000,0.400000,0.600000,3,yaw-15_pitch0,-0.09229596,0.70105738,-0.09229596,0.70105738,1,1,success,50.6,,,
left,left_arm,left_tool0,world,-0.500000,0.400000,0.600000,4,center,0.00000000,0.70710678,0.00000000,0.70710678,1,1,success,60.0,,,
left,left_arm,left_tool0,world,-0.500000,0.400000,0.600000,5,yaw+15_pitch0,0.09229596,0.70105738,0.09229596,0.70105738,1,1,success,50.7,,,
left,left_arm,left_tool0,world,-0.500000,0.400000,0.600000,6,yaw-15_pitch+15,-0.07945931,0.78656609,-0.10355339,0.60355339,1,1,success,54.8,,,
left,left_arm,left_tool0,world,-0.500000,0.400000,0.600000,7,yaw0_pitch+15,0.00000000,0.79335334,0.00000000,0.60876143,1,1,success,50.5,,,
left,left_arm,left_tool0,world,-0.500000,0.400000,0.600000,8,yaw+15_pitch+15,0.07945931,0.78656609,0.10355339,0.60355339,1,1,success,59.5,,,
left,left_arm,left_tool0,world,-0.500000,0.400000,0.600000,-1,SUMMARY,,,,,,,,,9,9,1
left,left_arm,left_tool0,world,-0.500000,0.400000,0.800000,0,yaw-15_pitch-15,-0.10355339,0.60355339,-0.07945931,0.78656609,1,1,success,50.3,,,
left,left_arm,left_tool0,world,-0.500000,0.400000,0.800000,1,yaw0_pitch-15,0.00000000,0.60876143,0.00000000,0.79335334,1,1,success,50.7,,,
left,left_arm,left_tool0,world,-0.500000,0.400000,0.800000,2,yaw+15_pitch-15,0.10355339,0.60355339,0.07945931,0.78656609,1,1,success,53.0,,,
left,left_arm,left_tool0,world,-0.500000,0.400000,0.800000,3,yaw-15_pitch0,-0.09229596,0.70105738,-0.09229596,0.70105738,1,1,success,50.3,,,
left,left_arm,left_tool0,world,-0.500000,0.400000,0.800000,4,center,0.00000000,0.70710678,0.00000000,0.70710678,1,1,success,51.4,,,
left,left_arm,left_tool0,world,-0.500000,0.400000,0.800000,5,yaw+15_pitch0,0.09229596,0.70105738,0.09229596,0.70105738,1,1,success,51.2,,,
left,left_arm,left_tool0,world,-0.500000,0.400000,0.800000,6,yaw-15_pitch+15,-0.07945931,0.78656609,-0.10355339,0.60355339,1,1,success,57.5,,,
left,left_arm,left_tool0,world,-0.500000,0.400000,0.800000,7,yaw0_pitch+15,0.00000000,0.79335334,0.00000000,0.60876143,1,1,success,50.5,,,
left,left_arm,left_tool0,world,-0.500000,0.400000,0.800000,8,yaw+15_pitch+15,0.07945931,0.78656609,0.10355339,0.60355339,1,1,success,58.5,,,
left,left_arm,left_tool0,world,-0.500000,0.400000,0.800000,-1,SUMMARY,,,,,,,,,9,9,1
left,left_arm,left_tool0,world,-0.500000,0.400000,1.000000,0,yaw-15_pitch-15,-0.10355339,0.60355339,-0.07945931,0.78656609,1,1,success,50.0,,,
left,left_arm,left_tool0,world,-0.500000,0.400000,1.000000,1,yaw0_pitch-15,0.00000000,0.60876143,0.00000000,0.79335334,1,1,success,50.6,,,
left,left_arm,left_tool0,world,-0.500000,0.400000,1.000000,2,yaw+15_pitch-15,0.10355339,0.60355339,0.07945931,0.78656609,1,1,success,0.5,,,
left,left_arm,left_tool0,world,-0.500000,0.400000,1.000000,3,yaw-15_pitch0,-0.09229596,0.70105738,-0.09229596,0.70105738,1,1,success,50.6,,,
left,left_arm,left_tool0,world,-0.500000,0.400000,1.000000,4,center,0.00000000,0.70710678,0.00000000,0.70710678,1,1,success,50.7,,,
left,left_arm,left_tool0,world,-0.500000,0.400000,1.000000,5,yaw+15_pitch0,0.09229596,0.70105738,0.09229596,0.70105738,1,1,success,50.7,,,
left,left_arm,left_tool0,world,-0.500000,0.400000,1.000000,6,yaw-15_pitch+15,-0.07945931,0.78656609,-0.10355339,0.60355339,1,1,success,50.7,,,
left,left_arm,left_tool0,world,-0.500000,0.400000,1.000000,7,yaw0_pitch+15,0.00000000,0.79335334,0.00000000,0.60876143,1,1,success,50.7,,,
left,left_arm,left_tool0,world,-0.500000,0.400000,1.000000,8,yaw+15_pitch+15,0.07945931,0.78656609,0.10355339,0.60355339,1,1,success,50.6,,,
left,left_arm,left_tool0,world,-0.500000,0.400000,1.000000,-1,SUMMARY,,,,,,,,,9,9,1
left,left_arm,left_tool0,world,-0.500000,0.400000,1.200000,0,yaw-15_pitch-15,-0.10355339,0.60355339,-0.07945931,0.78656609,1,1,success,50.5,,,
left,left_arm,left_tool0,world,-0.500000,0.400000,1.200000,1,yaw0_pitch-15,0.00000000,0.60876143,0.00000000,0.79335334,1,1,success,50.7,,,
left,left_arm,left_tool0,world,-0.500000,0.400000,1.200000,2,yaw+15_pitch-15,0.10355339,0.60355339,0.07945931,0.78656609,1,1,success,50.7,,,
left,left_arm,left_tool0,world,-0.500000,0.400000,1.200000,3,yaw-15_pitch0,-0.09229596,0.70105738,-0.09229596,0.70105738,1,1,success,50.8,,,
left,left_arm,left_tool0,world,-0.500000,0.400000,1.200000,4,center,0.00000000,0.70710678,0.00000000,0.70710678,1,1,success,50.6,,,
left,left_arm,left_tool0,world,-0.500000,0.400000,1.200000,5,yaw+15_pitch0,0.09229596,0.70105738,0.09229596,0.70105738,1,1,success,50.8,,,
left,left_arm,left_tool0,world,-0.500000,0.400000,1.200000,6,yaw-15_pitch+15,-0.07945931,0.78656609,-0.10355339,0.60355339,1,1,success,50.6,,,
left,left_arm,left_tool0,world,-0.500000,0.400000,1.200000,7,yaw0_pitch+15,0.00000000,0.79335334,0.00000000,0.60876143,1,1,success,51.2,,,
left,left_arm,left_tool0,world,-0.500000,0.400000,1.200000,8,yaw+15_pitch+15,0.07945931,0.78656609,0.10355339,0.60355339,1,1,success,50.5,,,
left,left_arm,left_tool0,world,-0.500000,0.400000,1.200000,-1,SUMMARY,,,,,,,,,9,9,1
left,left_arm,left_tool0,world,-0.500000,0.400000,1.400000,0,yaw-15_pitch-15,-0.10355339,0.60355339,-0.07945931,0.78656609,1,1,success,50.7,,,
left,left_arm,left_tool0,world,-0.500000,0.400000,1.400000,1,yaw0_pitch-15,0.00000000,0.60876143,0.00000000,0.79335334,1,1,success,50.7,,,
left,left_arm,left_tool0,world,-0.500000,0.400000,1.400000,2,yaw+15_pitch-15,0.10355339,0.60355339,0.07945931,0.78656609,1,1,success,50.7,,,
left,left_arm,left_tool0,world,-0.500000,0.400000,1.400000,3,yaw-15_pitch0,-0.09229596,0.70105738,-0.09229596,0.70105738,1,1,success,50.8,,,
left,left_arm,left_tool0,world,-0.500000,0.400000,1.400000,4,center,0.00000000,0.70710678,0.00000000,0.70710678,1,1,success,51.0,,,
left,left_arm,left_tool0,world,-0.500000,0.400000,1.400000,5,yaw+15_pitch0,0.09229596,0.70105738,0.09229596,0.70105738,1,1,success,50.6,,,
left,left_arm,left_tool0,world,-0.500000,0.400000,1.400000,6,yaw-15_pitch+15,-0.07945931,0.78656609,-0.10355339,0.60355339,1,1,success,50.9,,,
left,left_arm,left_tool0,world,-0.500000,0.400000,1.400000,7,yaw0_pitch+15,0.00000000,0.79335334,0.00000000,0.60876143,1,1,success,50.9,,,
left,left_arm,left_tool0,world,-0.500000,0.400000,1.400000,8,yaw+15_pitch+15,0.07945931,0.78656609,0.10355339,0.60355339,1,1,success,50.8,,,
left,left_arm,left_tool0,world,-0.500000,0.400000,1.400000,-1,SUMMARY,,,,,,,,,9,9,1
left,left_arm,left_tool0,world,-0.500000,0.600000,0.600000,0,yaw-15_pitch-15,-0.10355339,0.60355339,-0.07945931,0.78656609,1,1,success,51.3,,,
left,left_arm,left_tool0,world,-0.500000,0.600000,0.600000,1,yaw0_pitch-15,0.00000000,0.60876143,0.00000000,0.79335334,1,1,success,51.4,,,
left,left_arm,left_tool0,world,-0.500000,0.600000,0.600000,2,yaw+15_pitch-15,0.10355339,0.60355339,0.07945931,0.78656609,1,1,success,50.7,,,
left,left_arm,left_tool0,world,-0.500000,0.600000,0.600000,3,yaw-15_pitch0,-0.09229596,0.70105738,-0.09229596,0.70105738,1,1,success,51.8,,,
left,left_arm,left_tool0,world,-0.500000,0.600000,0.600000,4,center,0.00000000,0.70710678,0.00000000,0.70710678,1,1,success,53.3,,,
left,left_arm,left_tool0,world,-0.500000,0.600000,0.600000,5,yaw+15_pitch0,0.09229596,0.70105738,0.09229596,0.70105738,1,1,success,52.0,,,
left,left_arm,left_tool0,world,-0.500000,0.600000,0.600000,6,yaw-15_pitch+15,-0.07945931,0.78656609,-0.10355339,0.60355339,1,1,success,50.5,,,
left,left_arm,left_tool0,world,-0.500000,0.600000,0.600000,7,yaw0_pitch+15,0.00000000,0.79335334,0.00000000,0.60876143,1,1,success,50.6,,,
left,left_arm,left_tool0,world,-0.500000,0.600000,0.600000,8,yaw+15_pitch+15,0.07945931,0.78656609,0.10355339,0.60355339,1,1,success,51.2,,,
left,left_arm,left_tool0,world,-0.500000,0.600000,0.600000,-1,SUMMARY,,,,,,,,,9,9,1
left,left_arm,left_tool0,world,-0.500000,0.600000,0.800000,0,yaw-15_pitch-15,-0.10355339,0.60355339,-0.07945931,0.78656609,1,1,success,50.3,,,
left,left_arm,left_tool0,world,-0.500000,0.600000,0.800000,1,yaw0_pitch-15,0.00000000,0.60876143,0.00000000,0.79335334,1,1,success,50.7,,,
left,left_arm,left_tool0,world,-0.500000,0.600000,0.800000,2,yaw+15_pitch-15,0.10355339,0.60355339,0.07945931,0.78656609,1,1,success,53.8,,,
left,left_arm,left_tool0,world,-0.500000,0.600000,0.800000,3,yaw-15_pitch0,-0.09229596,0.70105738,-0.09229596,0.70105738,1,1,success,50.1,,,
left,left_arm,left_tool0,world,-0.500000,0.600000,0.800000,4,center,0.00000000,0.70710678,0.00000000,0.70710678,1,1,success,50.6,,,
left,left_arm,left_tool0,world,-0.500000,0.600000,0.800000,5,yaw+15_pitch0,0.09229596,0.70105738,0.09229596,0.70105738,1,1,success,50.8,,,
left,left_arm,left_tool0,world,-0.500000,0.600000,0.800000,6,yaw-15_pitch+15,-0.07945931,0.78656609,-0.10355339,0.60355339,1,1,success,50.7,,,
left,left_arm,left_tool0,world,-0.500000,0.600000,0.800000,7,yaw0_pitch+15,0.00000000,0.79335334,0.00000000,0.60876143,1,1,success,50.7,,,
left,left_arm,left_tool0,world,-0.500000,0.600000,0.800000,8,yaw+15_pitch+15,0.07945931,0.78656609,0.10355339,0.60355339,1,1,success,51.5,,,
left,left_arm,left_tool0,world,-0.500000,0.600000,0.800000,-1,SUMMARY,,,,,,,,,9,9,1
left,left_arm,left_tool0,world,-0.500000,0.600000,1.000000,0,yaw-15_pitch-15,-0.10355339,0.60355339,-0.07945931,0.78656609,1,1,success,50.2,,,
left,left_arm,left_tool0,world,-0.500000,0.600000,1.000000,1,yaw0_pitch-15,0.00000000,0.60876143,0.00000000,0.79335334,1,1,success,50.7,,,
left,left_arm,left_tool0,world,-0.500000,0.600000,1.000000,2,yaw+15_pitch-15,0.10355339,0.60355339,0.07945931,0.78656609,1,1,success,0.5,,,
left,left_arm,left_tool0,world,-0.500000,0.600000,1.000000,3,yaw-15_pitch0,-0.09229596,0.70105738,-0.09229596,0.70105738,1,1,success,50.4,,,
left,left_arm,left_tool0,world,-0.500000,0.600000,1.000000,4,center,0.00000000,0.70710678,0.00000000,0.70710678,1,1,success,50.6,,,
left,left_arm,left_tool0,world,-0.500000,0.600000,1.000000,5,yaw+15_pitch0,0.09229596,0.70105738,0.09229596,0.70105738,1,1,success,50.4,,,
left,left_arm,left_tool0,world,-0.500000,0.600000,1.000000,6,yaw-15_pitch+15,-0.07945931,0.78656609,-0.10355339,0.60355339,1,1,success,50.5,,,
left,left_arm,left_tool0,world,-0.500000,0.600000,1.000000,7,yaw0_pitch+15,0.00000000,0.79335334,0.00000000,0.60876143,1,1,success,50.5,,,
left,left_arm,left_tool0,world,-0.500000,0.600000,1.000000,8,yaw+15_pitch+15,0.07945931,0.78656609,0.10355339,0.60355339,1,1,success,50.9,,,
left,left_arm,left_tool0,world,-0.500000,0.600000,1.000000,-1,SUMMARY,,,,,,,,,9,9,1
left,left_arm,left_tool0,world,-0.500000,0.600000,1.200000,0,yaw-15_pitch-15,-0.10355339,0.60355339,-0.07945931,0.78656609,1,1,success,50.2,,,
left,left_arm,left_tool0,world,-0.500000,0.600000,1.200000,1,yaw0_pitch-15,0.00000000,0.60876143,0.00000000,0.79335334,1,1,success,50.7,,,
left,left_arm,left_tool0,world,-0.500000,0.600000,1.200000,2,yaw+15_pitch-15,0.10355339,0.60355339,0.07945931,0.78656609,1,1,success,50.6,,,
left,left_arm,left_tool0,world,-0.500000,0.600000,1.200000,3,yaw-15_pitch0,-0.09229596,0.70105738,-0.09229596,0.70105738,1,1,success,51.0,,,
left,left_arm,left_tool0,world,-0.500000,0.600000,1.200000,4,center,0.00000000,0.70710678,0.00000000,0.70710678,1,1,success,50.4,,,
left,left_arm,left_tool0,world,-0.500000,0.600000,1.200000,5,yaw+15_pitch0,0.09229596,0.70105738,0.09229596,0.70105738,1,1,success,50.8,,,
left,left_arm,left_tool0,world,-0.500000,0.600000,1.200000,6,yaw-15_pitch+15,-0.07945931,0.78656609,-0.10355339,0.60355339,1,1,success,50.7,,,
left,left_arm,left_tool0,world,-0.500000,0.600000,1.200000,7,yaw0_pitch+15,0.00000000,0.79335334,0.00000000,0.60876143,1,1,success,50.8,,,
left,left_arm,left_tool0,world,-0.500000,0.600000,1.200000,8,yaw+15_pitch+15,0.07945931,0.78656609,0.10355339,0.60355339,1,1,success,50.6,,,
left,left_arm,left_tool0,world,-0.500000,0.600000,1.200000,-1,SUMMARY,,,,,,,,,9,9,1
left,left_arm,left_tool0,world,-0.500000,0.600000,1.400000,0,yaw-15_pitch-15,-0.10355339,0.60355339,-0.07945931,0.78656609,1,1,success,50.7,,,
left,left_arm,left_tool0,world,-0.500000,0.600000,1.400000,1,yaw0_pitch-15,0.00000000,0.60876143,0.00000000,0.79335334,1,1,success,50.8,,,
left,left_arm,left_tool0,world,-0.500000,0.600000,1.400000,2,yaw+15_pitch-15,0.10355339,0.60355339,0.07945931,0.78656609,1,1,success,51.6,,,
left,left_arm,left_tool0,world,-0.500000,0.600000,1.400000,3,yaw-15_pitch0,-0.09229596,0.70105738,-0.09229596,0.70105738,1,1,success,50.4,,,
left,left_arm,left_tool0,world,-0.500000,0.600000,1.400000,4,center,0.00000000,0.70710678,0.00000000,0.70710678,1,1,success,50.6,,,
left,left_arm,left_tool0,world,-0.500000,0.600000,1.400000,5,yaw+15_pitch0,0.09229596,0.70105738,0.09229596,0.70105738,1,1,success,50.6,,,
left,left_arm,left_tool0,world,-0.500000,0.600000,1.400000,6,yaw-15_pitch+15,-0.07945931,0.78656609,-0.10355339,0.60355339,1,1,success,50.7,,,
left,left_arm,left_tool0,world,-0.500000,0.600000,1.400000,7,yaw0_pitch+15,0.00000000,0.79335334,0.00000000,0.60876143,1,1,success,50.6,,,
left,left_arm,left_tool0,world,-0.500000,0.600000,1.400000,8,yaw+15_pitch+15,0.07945931,0.78656609,0.10355339,0.60355339,1,1,success,50.8,,,
left,left_arm,left_tool0,world,-0.500000,0.600000,1.400000,-1,SUMMARY,,,,,,,,,9,9,1
left,left_arm,left_tool0,world,-0.500000,0.800000,0.600000,0,yaw-15_pitch-15,-0.10355339,0.60355339,-0.07945931,0.78656609,0,-31,ik_failed,100.3,,,
left,left_arm,left_tool0,world,-0.500000,0.800000,0.600000,1,yaw0_pitch-15,0.00000000,0.60876143,0.00000000,0.79335334,0,-31,ik_failed,100.4,,,
left,left_arm,left_tool0,world,-0.500000,0.800000,0.600000,2,yaw+15_pitch-15,0.10355339,0.60355339,0.07945931,0.78656609,0,-31,ik_failed,100.3,,,
left,left_arm,left_tool0,world,-0.500000,0.800000,0.600000,3,yaw-15_pitch0,-0.09229596,0.70105738,-0.09229596,0.70105738,0,-31,ik_failed,102.7,,,
left,left_arm,left_tool0,world,-0.500000,0.800000,0.600000,4,center,0.00000000,0.70710678,0.00000000,0.70710678,0,-31,ik_failed,100.2,,,
left,left_arm,left_tool0,world,-0.500000,0.800000,0.600000,5,yaw+15_pitch0,0.09229596,0.70105738,0.09229596,0.70105738,0,-31,ik_failed,100.4,,,
left,left_arm,left_tool0,world,-0.500000,0.800000,0.600000,6,yaw-15_pitch+15,-0.07945931,0.78656609,-0.10355339,0.60355339,0,-31,ik_failed,100.4,,,
left,left_arm,left_tool0,world,-0.500000,0.800000,0.600000,7,yaw0_pitch+15,0.00000000,0.79335334,0.00000000,0.60876143,0,-31,ik_failed,100.5,,,
left,left_arm,left_tool0,world,-0.500000,0.800000,0.600000,8,yaw+15_pitch+15,0.07945931,0.78656609,0.10355339,0.60355339,0,-31,ik_failed,101.0,,,
left,left_arm,left_tool0,world,-0.500000,0.800000,0.600000,-1,SUMMARY,,,,,,,,,0,9,0
left,left_arm,left_tool0,world,-0.500000,0.800000,0.800000,0,yaw-15_pitch-15,-0.10355339,0.60355339,-0.07945931,0.78656609,1,1,success,50.2,,,
left,left_arm,left_tool0,world,-0.500000,0.800000,0.800000,1,yaw0_pitch-15,0.00000000,0.60876143,0.00000000,0.79335334,0,-31,ik_failed,102.7,,,
left,left_arm,left_tool0,world,-0.500000,0.800000,0.800000,2,yaw+15_pitch-15,0.10355339,0.60355339,0.07945931,0.78656609,0,-31,ik_failed,100.2,,,
left,left_arm,left_tool0,world,-0.500000,0.800000,0.800000,3,yaw-15_pitch0,-0.09229596,0.70105738,-0.09229596,0.70105738,1,1,success,50.1,,,
left,left_arm,left_tool0,world,-0.500000,0.800000,0.800000,4,center,0.00000000,0.70710678,0.00000000,0.70710678,1,1,success,50.7,,,
left,left_arm,left_tool0,world,-0.500000,0.800000,0.800000,5,yaw+15_pitch0,0.09229596,0.70105738,0.09229596,0.70105738,1,1,success,0.5,,,
left,left_arm,left_tool0,world,-0.500000,0.800000,0.800000,6,yaw-15_pitch+15,-0.07945931,0.78656609,-0.10355339,0.60355339,1,1,success,50.3,,,
left,left_arm,left_tool0,world,-0.500000,0.800000,0.800000,7,yaw0_pitch+15,0.00000000,0.79335334,0.00000000,0.60876143,1,1,success,51.1,,,
left,left_arm,left_tool0,world,-0.500000,0.800000,0.800000,8,yaw+15_pitch+15,0.07945931,0.78656609,0.10355339,0.60355339,1,1,success,51.7,,,
left,left_arm,left_tool0,world,-0.500000,0.800000,0.800000,-1,SUMMARY,,,,,,,,,7,9,0
left,left_arm,left_tool0,world,-0.500000,0.800000,1.000000,0,yaw-15_pitch-15,-0.10355339,0.60355339,-0.07945931,0.78656609,1,1,success,50.6,,,
left,left_arm,left_tool0,world,-0.500000,0.800000,1.000000,1,yaw0_pitch-15,0.00000000,0.60876143,0.00000000,0.79335334,1,1,success,50.6,,,
left,left_arm,left_tool0,world,-0.500000,0.800000,1.000000,2,yaw+15_pitch-15,0.10355339,0.60355339,0.07945931,0.78656609,1,1,success,50.7,,,
left,left_arm,left_tool0,world,-0.500000,0.800000,1.000000,3,yaw-15_pitch0,-0.09229596,0.70105738,-0.09229596,0.70105738,1,1,success,50.7,,,
left,left_arm,left_tool0,world,-0.500000,0.800000,1.000000,4,center,0.00000000,0.70710678,0.00000000,0.70710678,1,1,success,50.8,,,
left,left_arm,left_tool0,world,-0.500000,0.800000,1.000000,5,yaw+15_pitch0,0.09229596,0.70105738,0.09229596,0.70105738,1,1,success,50.8,,,
left,left_arm,left_tool0,world,-0.500000,0.800000,1.000000,6,yaw-15_pitch+15,-0.07945931,0.78656609,-0.10355339,0.60355339,1,1,success,50.8,,,
left,left_arm,left_tool0,world,-0.500000,0.800000,1.000000,7,yaw0_pitch+15,0.00000000,0.79335334,0.00000000,0.60876143,1,1,success,51.0,,,
left,left_arm,left_tool0,world,-0.500000,0.800000,1.000000,8,yaw+15_pitch+15,0.07945931,0.78656609,0.10355339,0.60355339,1,1,success,50.6,,,
left,left_arm,left_tool0,world,-0.500000,0.800000,1.000000,-1,SUMMARY,,,,,,,,,9,9,1
left,left_arm,left_tool0,world,-0.500000,0.800000,1.200000,0,yaw-15_pitch-15,-0.10355339,0.60355339,-0.07945931,0.78656609,1,1,success,0.4,,,
left,left_arm,left_tool0,world,-0.500000,0.800000,1.200000,1,yaw0_pitch-15,0.00000000,0.60876143,0.00000000,0.79335334,1,1,success,50.5,,,
left,left_arm,left_tool0,world,-0.500000,0.800000,1.200000,2,yaw+15_pitch-15,0.10355339,0.60355339,0.07945931,0.78656609,1,1,success,50.9,,,
left,left_arm,left_tool0,world,-0.500000,0.800000,1.200000,3,yaw-15_pitch0,-0.09229596,0.70105738,-0.09229596,0.70105738,1,1,success,50.7,,,
left,left_arm,left_tool0,world,-0.500000,0.800000,1.200000,4,center,0.00000000,0.70710678,0.00000000,0.70710678,1,1,success,50.7,,,
left,left_arm,left_tool0,world,-0.500000,0.800000,1.200000,5,yaw+15_pitch0,0.09229596,0.70105738,0.09229596,0.70105738,1,1,success,50.7,,,
left,left_arm,left_tool0,world,-0.500000,0.800000,1.200000,6,yaw-15_pitch+15,-0.07945931,0.78656609,-0.10355339,0.60355339,1,1,success,50.6,,,
left,left_arm,left_tool0,world,-0.500000,0.800000,1.200000,7,yaw0_pitch+15,0.00000000,0.79335334,0.00000000,0.60876143,1,1,success,0.5,,,
left,left_arm,left_tool0,world,-0.500000,0.800000,1.200000,8,yaw+15_pitch+15,0.07945931,0.78656609,0.10355339,0.60355339,1,1,success,50.8,,,
left,left_arm,left_tool0,world,-0.500000,0.800000,1.200000,-1,SUMMARY,,,,,,,,,9,9,1
left,left_arm,left_tool0,world,-0.500000,0.800000,1.400000,0,yaw-15_pitch-15,-0.10355339,0.60355339,-0.07945931,0.78656609,1,1,success,50.4,,,
left,left_arm,left_tool0,world,-0.500000,0.800000,1.400000,1,yaw0_pitch-15,0.00000000,0.60876143,0.00000000,0.79335334,0,-31,ik_failed,103.3,,,
left,left_arm,left_tool0,world,-0.500000,0.800000,1.400000,2,yaw+15_pitch-15,0.10355339,0.60355339,0.07945931,0.78656609,0,-31,ik_failed,100.4,,,
left,left_arm,left_tool0,world,-0.500000,0.800000,1.400000,3,yaw-15_pitch0,-0.09229596,0.70105738,-0.09229596,0.70105738,0,-31,ik_failed,100.6,,,
left,left_arm,left_tool0,world,-0.500000,0.800000,1.400000,4,center,0.00000000,0.70710678,0.00000000,0.70710678,0,-31,ik_failed,100.7,,,
left,left_arm,left_tool0,world,-0.500000,0.800000,1.400000,5,yaw+15_pitch0,0.09229596,0.70105738,0.09229596,0.70105738,0,-31,ik_failed,100.4,,,
left,left_arm,left_tool0,world,-0.500000,0.800000,1.400000,6,yaw-15_pitch+15,-0.07945931,0.78656609,-0.10355339,0.60355339,0,-31,ik_failed,100.4,,,
left,left_arm,left_tool0,world,-0.500000,0.800000,1.400000,7,yaw0_pitch+15,0.00000000,0.79335334,0.00000000,0.60876143,0,-31,ik_failed,100.1,,,
left,left_arm,left_tool0,world,-0.500000,0.800000,1.400000,8,yaw+15_pitch+15,0.07945931,0.78656609,0.10355339,0.60355339,0,-31,ik_failed,100.7,,,
left,left_arm,left_tool0,world,-0.500000,0.800000,1.400000,-1,SUMMARY,,,,,,,,,1,9,0
left,left_arm,left_tool0,world,-0.300000,0.000000,0.600000,0,yaw-15_pitch-15,-0.10355339,0.60355339,-0.07945931,0.78656609,1,1,success,63.3,,,
left,left_arm,left_tool0,world,-0.300000,0.000000,0.600000,1,yaw0_pitch-15,0.00000000,0.60876143,0.00000000,0.79335334,1,1,success,55.6,,,
left,left_arm,left_tool0,world,-0.300000,0.000000,0.600000,2,yaw+15_pitch-15,0.10355339,0.60355339,0.07945931,0.78656609,1,1,success,53.9,,,
left,left_arm,left_tool0,world,-0.300000,0.000000,0.600000,3,yaw-15_pitch0,-0.09229596,0.70105738,-0.09229596,0.70105738,1,1,success,51.8,,,
left,left_arm,left_tool0,world,-0.300000,0.000000,0.600000,4,center,0.00000000,0.70710678,0.00000000,0.70710678,1,1,success,50.3,,,
left,left_arm,left_tool0,world,-0.300000,0.000000,0.600000,5,yaw+15_pitch0,0.09229596,0.70105738,0.09229596,0.70105738,1,1,success,51.0,,,
left,left_arm,left_tool0,world,-0.300000,0.000000,0.600000,6,yaw-15_pitch+15,-0.07945931,0.78656609,-0.10355339,0.60355339,1,1,success,54.9,,,
left,left_arm,left_tool0,world,-0.300000,0.000000,0.600000,7,yaw0_pitch+15,0.00000000,0.79335334,0.00000000,0.60876143,1,1,success,53.7,,,
left,left_arm,left_tool0,world,-0.300000,0.000000,0.600000,8,yaw+15_pitch+15,0.07945931,0.78656609,0.10355339,0.60355339,1,1,success,58.3,,,
left,left_arm,left_tool0,world,-0.300000,0.000000,0.600000,-1,SUMMARY,,,,,,,,,9,9,1
left,left_arm,left_tool0,world,-0.300000,0.000000,0.800000,0,yaw-15_pitch-15,-0.10355339,0.60355339,-0.07945931,0.78656609,1,1,success,51.8,,,
left,left_arm,left_tool0,world,-0.300000,0.000000,0.800000,1,yaw0_pitch-15,0.00000000,0.60876143,0.00000000,0.79335334,1,1,success,51.2,,,
left,left_arm,left_tool0,world,-0.300000,0.000000,0.800000,2,yaw+15_pitch-15,0.10355339,0.60355339,0.07945931,0.78656609,1,1,success,57.3,,,
left,left_arm,left_tool0,world,-0.300000,0.000000,0.800000,3,yaw-15_pitch0,-0.09229596,0.70105738,-0.09229596,0.70105738,1,1,success,50.5,,,
left,left_arm,left_tool0,world,-0.300000,0.000000,0.800000,4,center,0.00000000,0.70710678,0.00000000,0.70710678,1,1,success,56.6,,,
left,left_arm,left_tool0,world,-0.300000,0.000000,0.800000,5,yaw+15_pitch0,0.09229596,0.70105738,0.09229596,0.70105738,1,1,success,50.8,,,
left,left_arm,left_tool0,world,-0.300000,0.000000,0.800000,6,yaw-15_pitch+15,-0.07945931,0.78656609,-0.10355339,0.60355339,1,1,success,52.6,,,
left,left_arm,left_tool0,world,-0.300000,0.000000,0.800000,7,yaw0_pitch+15,0.00000000,0.79335334,0.00000000,0.60876143,1,1,success,55.4,,,
left,left_arm,left_tool0,world,-0.300000,0.000000,0.800000,8,yaw+15_pitch+15,0.07945931,0.78656609,0.10355339,0.60355339,1,1,success,51.9,,,
left,left_arm,left_tool0,world,-0.300000,0.000000,0.800000,-1,SUMMARY,,,,,,,,,9,9,1
left,left_arm,left_tool0,world,-0.300000,0.000000,1.000000,0,yaw-15_pitch-15,-0.10355339,0.60355339,-0.07945931,0.78656609,1,1,success,50.3,,,
left,left_arm,left_tool0,world,-0.300000,0.000000,1.000000,1,yaw0_pitch-15,0.00000000,0.60876143,0.00000000,0.79335334,1,1,success,57.2,,,
left,left_arm,left_tool0,world,-0.300000,0.000000,1.000000,2,yaw+15_pitch-15,0.10355339,0.60355339,0.07945931,0.78656609,1,1,success,55.5,,,
left,left_arm,left_tool0,world,-0.300000,0.000000,1.000000,3,yaw-15_pitch0,-0.09229596,0.70105738,-0.09229596,0.70105738,1,1,success,50.1,,,
left,left_arm,left_tool0,world,-0.300000,0.000000,1.000000,4,center,0.00000000,0.70710678,0.00000000,0.70710678,1,1,success,50.7,,,
left,left_arm,left_tool0,world,-0.300000,0.000000,1.000000,5,yaw+15_pitch0,0.09229596,0.70105738,0.09229596,0.70105738,1,1,success,50.9,,,
left,left_arm,left_tool0,world,-0.300000,0.000000,1.000000,6,yaw-15_pitch+15,-0.07945931,0.78656609,-0.10355339,0.60355339,1,1,success,54.2,,,
left,left_arm,left_tool0,world,-0.300000,0.000000,1.000000,7,yaw0_pitch+15,0.00000000,0.79335334,0.00000000,0.60876143,1,1,success,55.3,,,
left,left_arm,left_tool0,world,-0.300000,0.000000,1.000000,8,yaw+15_pitch+15,0.07945931,0.78656609,0.10355339,0.60355339,1,1,success,51.7,,,
left,left_arm,left_tool0,world,-0.300000,0.000000,1.000000,-1,SUMMARY,,,,,,,,,9,9,1
left,left_arm,left_tool0,world,-0.300000,0.000000,1.200000,0,yaw-15_pitch-15,-0.10355339,0.60355339,-0.07945931,0.78656609,1,1,success,50.4,,,
left,left_arm,left_tool0,world,-0.300000,0.000000,1.200000,1,yaw0_pitch-15,0.00000000,0.60876143,0.00000000,0.79335334,1,1,success,54.1,,,
left,left_arm,left_tool0,world,-0.300000,0.000000,1.200000,2,yaw+15_pitch-15,0.10355339,0.60355339,0.07945931,0.78656609,1,1,success,50.1,,,
left,left_arm,left_tool0,world,-0.300000,0.000000,1.200000,3,yaw-15_pitch0,-0.09229596,0.70105738,-0.09229596,0.70105738,1,1,success,50.6,,,
left,left_arm,left_tool0,world,-0.300000,0.000000,1.200000,4,center,0.00000000,0.70710678,0.00000000,0.70710678,1,1,success,50.7,,,
left,left_arm,left_tool0,world,-0.300000,0.000000,1.200000,5,yaw+15_pitch0,0.09229596,0.70105738,0.09229596,0.70105738,1,1,success,0.5,,,
left,left_arm,left_tool0,world,-0.300000,0.000000,1.200000,6,yaw-15_pitch+15,-0.07945931,0.78656609,-0.10355339,0.60355339,1,1,success,50.3,,,
left,left_arm,left_tool0,world,-0.300000,0.000000,1.200000,7,yaw0_pitch+15,0.00000000,0.79335334,0.00000000,0.60876143,1,1,success,50.8,,,
left,left_arm,left_tool0,world,-0.300000,0.000000,1.200000,8,yaw+15_pitch+15,0.07945931,0.78656609,0.10355339,0.60355339,1,1,success,50.7,,,
left,left_arm,left_tool0,world,-0.300000,0.000000,1.200000,-1,SUMMARY,,,,,,,,,9,9,1
left,left_arm,left_tool0,world,-0.300000,0.000000,1.400000,0,yaw-15_pitch-15,-0.10355339,0.60355339,-0.07945931,0.78656609,1,1,success,50.6,,,
left,left_arm,left_tool0,world,-0.300000,0.000000,1.400000,1,yaw0_pitch-15,0.00000000,0.60876143,0.00000000,0.79335334,1,1,success,50.7,,,
left,left_arm,left_tool0,world,-0.300000,0.000000,1.400000,2,yaw+15_pitch-15,0.10355339,0.60355339,0.07945931,0.78656609,1,1,success,50.9,,,
left,left_arm,left_tool0,world,-0.300000,0.000000,1.400000,3,yaw-15_pitch0,-0.09229596,0.70105738,-0.09229596,0.70105738,1,1,success,50.6,,,
left,left_arm,left_tool0,world,-0.300000,0.000000,1.400000,4,center,0.00000000,0.70710678,0.00000000,0.70710678,1,1,success,50.7,,,
left,left_arm,left_tool0,world,-0.300000,0.000000,1.400000,5,yaw+15_pitch0,0.09229596,0.70105738,0.09229596,0.70105738,1,1,success,50.6,,,
left,left_arm,left_tool0,world,-0.300000,0.000000,1.400000,6,yaw-15_pitch+15,-0.07945931,0.78656609,-0.10355339,0.60355339,1,1,success,50.8,,,
left,left_arm,left_tool0,world,-0.300000,0.000000,1.400000,7,yaw0_pitch+15,0.00000000,0.79335334,0.00000000,0.60876143,1,1,success,50.6,,,
left,left_arm,left_tool0,world,-0.300000,0.000000,1.400000,8,yaw+15_pitch+15,0.07945931,0.78656609,0.10355339,0.60355339,1,1,success,50.7,,,
left,left_arm,left_tool0,world,-0.300000,0.000000,1.400000,-1,SUMMARY,,,,,,,,,9,9,1
left,left_arm,left_tool0,world,-0.300000,0.200000,0.600000,0,yaw-15_pitch-15,-0.10355339,0.60355339,-0.07945931,0.78656609,1,1,success,59.4,,,
left,left_arm,left_tool0,world,-0.300000,0.200000,0.600000,1,yaw0_pitch-15,0.00000000,0.60876143,0.00000000,0.79335334,1,1,success,66.4,,,
left,left_arm,left_tool0,world,-0.300000,0.200000,0.600000,2,yaw+15_pitch-15,0.10355339,0.60355339,0.07945931,0.78656609,1,1,success,52.8,,,
left,left_arm,left_tool0,world,-0.300000,0.200000,0.600000,3,yaw-15_pitch0,-0.09229596,0.70105738,-0.09229596,0.70105738,1,1,success,51.4,,,
left,left_arm,left_tool0,world,-0.300000,0.200000,0.600000,4,center,0.00000000,0.70710678,0.00000000,0.70710678,1,1,success,53.1,,,
left,left_arm,left_tool0,world,-0.300000,0.200000,0.600000,5,yaw+15_pitch0,0.09229596,0.70105738,0.09229596,0.70105738,1,1,success,51.2,,,
left,left_arm,left_tool0,world,-0.300000,0.200000,0.600000,6,yaw-15_pitch+15,-0.07945931,0.78656609,-0.10355339,0.60355339,1,1,success,50.3,,,
left,left_arm,left_tool0,world,-0.300000,0.200000,0.600000,7,yaw0_pitch+15,0.00000000,0.79335334,0.00000000,0.60876143,1,1,success,50.9,,,
left,left_arm,left_tool0,world,-0.300000,0.200000,0.600000,8,yaw+15_pitch+15,0.07945931,0.78656609,0.10355339,0.60355339,1,1,success,53.5,,,
left,left_arm,left_tool0,world,-0.300000,0.200000,0.600000,-1,SUMMARY,,,,,,,,,9,9,1
left,left_arm,left_tool0,world,-0.300000,0.200000,0.800000,0,yaw-15_pitch-15,-0.10355339,0.60355339,-0.07945931,0.78656609,1,1,success,50.7,,,
left,left_arm,left_tool0,world,-0.300000,0.200000,0.800000,1,yaw0_pitch-15,0.00000000,0.60876143,0.00000000,0.79335334,1,1,success,55.1,,,
left,left_arm,left_tool0,world,-0.300000,0.200000,0.800000,2,yaw+15_pitch-15,0.10355339,0.60355339,0.07945931,0.78656609,1,1,success,51.9,,,
left,left_arm,left_tool0,world,-0.300000,0.200000,0.800000,3,yaw-15_pitch0,-0.09229596,0.70105738,-0.09229596,0.70105738,1,1,success,50.4,,,
left,left_arm,left_tool0,world,-0.300000,0.200000,0.800000,4,center,0.00000000,0.70710678,0.00000000,0.70710678,1,1,success,51.8,,,
left,left_arm,left_tool0,world,-0.300000,0.200000,0.800000,5,yaw+15_pitch0,0.09229596,0.70105738,0.09229596,0.70105738,1,1,success,56.5,,,
left,left_arm,left_tool0,world,-0.300000,0.200000,0.800000,6,yaw-15_pitch+15,-0.07945931,0.78656609,-0.10355339,0.60355339,1,1,success,51.0,,,
left,left_arm,left_tool0,world,-0.300000,0.200000,0.800000,7,yaw0_pitch+15,0.00000000,0.79335334,0.00000000,0.60876143,1,1,success,59.3,,,
left,left_arm,left_tool0,world,-0.300000,0.200000,0.800000,8,yaw+15_pitch+15,0.07945931,0.78656609,0.10355339,0.60355339,1,1,success,53.6,,,
left,left_arm,left_tool0,world,-0.300000,0.200000,0.800000,-1,SUMMARY,,,,,,,,,9,9,1
left,left_arm,left_tool0,world,-0.300000,0.200000,1.000000,0,yaw-15_pitch-15,-0.10355339,0.60355339,-0.07945931,0.78656609,1,1,success,50.8,,,
left,left_arm,left_tool0,world,-0.300000,0.200000,1.000000,1,yaw0_pitch-15,0.00000000,0.60876143,0.00000000,0.79335334,1,1,success,50.7,,,
left,left_arm,left_tool0,world,-0.300000,0.200000,1.000000,2,yaw+15_pitch-15,0.10355339,0.60355339,0.07945931,0.78656609,1,1,success,56.1,,,
left,left_arm,left_tool0,world,-0.300000,0.200000,1.000000,3,yaw-15_pitch0,-0.09229596,0.70105738,-0.09229596,0.70105738,1,1,success,54.5,,,
left,left_arm,left_tool0,world,-0.300000,0.200000,1.000000,4,center,0.00000000,0.70710678,0.00000000,0.70710678,1,1,success,55.0,,,
left,left_arm,left_tool0,world,-0.300000,0.200000,1.000000,5,yaw+15_pitch0,0.09229596,0.70105738,0.09229596,0.70105738,1,1,success,51.6,,,
left,left_arm,left_tool0,world,-0.300000,0.200000,1.000000,6,yaw-15_pitch+15,-0.07945931,0.78656609,-0.10355339,0.60355339,1,1,success,51.1,,,
left,left_arm,left_tool0,world,-0.300000,0.200000,1.000000,7,yaw0_pitch+15,0.00000000,0.79335334,0.00000000,0.60876143,1,1,success,50.7,,,
left,left_arm,left_tool0,world,-0.300000,0.200000,1.000000,8,yaw+15_pitch+15,0.07945931,0.78656609,0.10355339,0.60355339,1,1,success,65.0,,,
left,left_arm,left_tool0,world,-0.300000,0.200000,1.000000,-1,SUMMARY,,,,,,,,,9,9,1
left,left_arm,left_tool0,world,-0.300000,0.200000,1.200000,0,yaw-15_pitch-15,-0.10355339,0.60355339,-0.07945931,0.78656609,1,1,success,54.5,,,
left,left_arm,left_tool0,world,-0.300000,0.200000,1.200000,1,yaw0_pitch-15,0.00000000,0.60876143,0.00000000,0.79335334,1,1,success,50.6,,,
left,left_arm,left_tool0,world,-0.300000,0.200000,1.200000,2,yaw+15_pitch-15,0.10355339,0.60355339,0.07945931,0.78656609,1,1,success,50.3,,,
left,left_arm,left_tool0,world,-0.300000,0.200000,1.200000,3,yaw-15_pitch0,-0.09229596,0.70105738,-0.09229596,0.70105738,1,1,success,50.8,,,
left,left_arm,left_tool0,world,-0.300000,0.200000,1.200000,4,center,0.00000000,0.70710678,0.00000000,0.70710678,1,1,success,50.8,,,
left,left_arm,left_tool0,world,-0.300000,0.200000,1.200000,5,yaw+15_pitch0,0.09229596,0.70105738,0.09229596,0.70105738,1,1,success,50.7,,,
left,left_arm,left_tool0,world,-0.300000,0.200000,1.200000,6,yaw-15_pitch+15,-0.07945931,0.78656609,-0.10355339,0.60355339,1,1,success,50.6,,,
left,left_arm,left_tool0,world,-0.300000,0.200000,1.200000,7,yaw0_pitch+15,0.00000000,0.79335334,0.00000000,0.60876143,1,1,success,50.5,,,
left,left_arm,left_tool0,world,-0.300000,0.200000,1.200000,8,yaw+15_pitch+15,0.07945931,0.78656609,0.10355339,0.60355339,1,1,success,50.6,,,
left,left_arm,left_tool0,world,-0.300000,0.200000,1.200000,-1,SUMMARY,,,,,,,,,9,9,1
left,left_arm,left_tool0,world,-0.300000,0.200000,1.400000,0,yaw-15_pitch-15,-0.10355339,0.60355339,-0.07945931,0.78656609,1,1,success,50.6,,,
left,left_arm,left_tool0,world,-0.300000,0.200000,1.400000,1,yaw0_pitch-15,0.00000000,0.60876143,0.00000000,0.79335334,1,1,success,50.5,,,
left,left_arm,left_tool0,world,-0.300000,0.200000,1.400000,2,yaw+15_pitch-15,0.10355339,0.60355339,0.07945931,0.78656609,1,1,success,50.9,,,
left,left_arm,left_tool0,world,-0.300000,0.200000,1.400000,3,yaw-15_pitch0,-0.09229596,0.70105738,-0.09229596,0.70105738,1,1,success,50.7,,,
left,left_arm,left_tool0,world,-0.300000,0.200000,1.400000,4,center,0.00000000,0.70710678,0.00000000,0.70710678,1,1,success,50.9,,,
left,left_arm,left_tool0,world,-0.300000,0.200000,1.400000,5,yaw+15_pitch0,0.09229596,0.70105738,0.09229596,0.70105738,1,1,success,50.7,,,
left,left_arm,left_tool0,world,-0.300000,0.200000,1.400000,6,yaw-15_pitch+15,-0.07945931,0.78656609,-0.10355339,0.60355339,1,1,success,50.9,,,
left,left_arm,left_tool0,world,-0.300000,0.200000,1.400000,7,yaw0_pitch+15,0.00000000,0.79335334,0.00000000,0.60876143,1,1,success,50.8,,,
left,left_arm,left_tool0,world,-0.300000,0.200000,1.400000,8,yaw+15_pitch+15,0.07945931,0.78656609,0.10355339,0.60355339,1,1,success,50.6,,,
left,left_arm,left_tool0,world,-0.300000,0.200000,1.400000,-1,SUMMARY,,,,,,,,,9,9,1
left,left_arm,left_tool0,world,-0.300000,0.400000,0.600000,0,yaw-15_pitch-15,-0.10355339,0.60355339,-0.07945931,0.78656609,1,1,success,57.0,,,
left,left_arm,left_tool0,world,-0.300000,0.400000,0.600000,1,yaw0_pitch-15,0.00000000,0.60876143,0.00000000,0.79335334,1,1,success,56.7,,,
left,left_arm,left_tool0,world,-0.300000,0.400000,0.600000,2,yaw+15_pitch-15,0.10355339,0.60355339,0.07945931,0.78656609,1,1,success,50.5,,,
left,left_arm,left_tool0,world,-0.300000,0.400000,0.600000,3,yaw-15_pitch0,-0.09229596,0.70105738,-0.09229596,0.70105738,1,1,success,51.0,,,
left,left_arm,left_tool0,world,-0.300000,0.400000,0.600000,4,center,0.00000000,0.70710678,0.00000000,0.70710678,1,1,success,51.3,,,
left,left_arm,left_tool0,world,-0.300000,0.400000,0.600000,5,yaw+15_pitch0,0.09229596,0.70105738,0.09229596,0.70105738,1,1,success,51.1,,,
left,left_arm,left_tool0,world,-0.300000,0.400000,0.600000,6,yaw-15_pitch+15,-0.07945931,0.78656609,-0.10355339,0.60355339,1,1,success,50.7,,,
left,left_arm,left_tool0,world,-0.300000,0.400000,0.600000,7,yaw0_pitch+15,0.00000000,0.79335334,0.00000000,0.60876143,1,1,success,50.9,,,
left,left_arm,left_tool0,world,-0.300000,0.400000,0.600000,8,yaw+15_pitch+15,0.07945931,0.78656609,0.10355339,0.60355339,1,1,success,51.5,,,
left,left_arm,left_tool0,world,-0.300000,0.400000,0.600000,-1,SUMMARY,,,,,,,,,9,9,1
left,left_arm,left_tool0,world,-0.300000,0.400000,0.800000,0,yaw-15_pitch-15,-0.10355339,0.60355339,-0.07945931,0.78656609,1,1,success,51.2,,,
left,left_arm,left_tool0,world,-0.300000,0.400000,0.800000,1,yaw0_pitch-15,0.00000000,0.60876143,0.00000000,0.79335334,1,1,success,50.6,,,
left,left_arm,left_tool0,world,-0.300000,0.400000,0.800000,2,yaw+15_pitch-15,0.10355339,0.60355339,0.07945931,0.78656609,1,1,success,56.0,,,
left,left_arm,left_tool0,world,-0.300000,0.400000,0.800000,3,yaw-15_pitch0,-0.09229596,0.70105738,-0.09229596,0.70105738,1,1,success,53.5,,,
left,left_arm,left_tool0,world,-0.300000,0.400000,0.800000,4,center,0.00000000,0.70710678,0.00000000,0.70710678,1,1,success,54.3,,,
left,left_arm,left_tool0,world,-0.300000,0.400000,0.800000,5,yaw+15_pitch0,0.09229596,0.70105738,0.09229596,0.70105738,1,1,success,60.0,,,
left,left_arm,left_tool0,world,-0.300000,0.400000,0.800000,6,yaw-15_pitch+15,-0.07945931,0.78656609,-0.10355339,0.60355339,1,1,success,50.5,,,
left,left_arm,left_tool0,world,-0.300000,0.400000,0.800000,7,yaw0_pitch+15,0.00000000,0.79335334,0.00000000,0.60876143,1,1,success,55.2,,,
left,left_arm,left_tool0,world,-0.300000,0.400000,0.800000,8,yaw+15_pitch+15,0.07945931,0.78656609,0.10355339,0.60355339,1,1,success,51.1,,,
left,left_arm,left_tool0,world,-0.300000,0.400000,0.800000,-1,SUMMARY,,,,,,,,,9,9,1
left,left_arm,left_tool0,world,-0.300000,0.400000,1.000000,0,yaw-15_pitch-15,-0.10355339,0.60355339,-0.07945931,0.78656609,1,1,success,52.8,,,
left,left_arm,left_tool0,world,-0.300000,0.400000,1.000000,1,yaw0_pitch-15,0.00000000,0.60876143,0.00000000,0.79335334,1,1,success,56.9,,,
left,left_arm,left_tool0,world,-0.300000,0.400000,1.000000,2,yaw+15_pitch-15,0.10355339,0.60355339,0.07945931,0.78656609,1,1,success,50.8,,,
left,left_arm,left_tool0,world,-0.300000,0.400000,1.000000,3,yaw-15_pitch0,-0.09229596,0.70105738,-0.09229596,0.70105738,1,1,success,50.3,,,
left,left_arm,left_tool0,world,-0.300000,0.400000,1.000000,4,center,0.00000000,0.70710678,0.00000000,0.70710678,1,1,success,50.7,,,
left,left_arm,left_tool0,world,-0.300000,0.400000,1.000000,5,yaw+15_pitch0,0.09229596,0.70105738,0.09229596,0.70105738,1,1,success,56.7,,,
left,left_arm,left_tool0,world,-0.300000,0.400000,1.000000,6,yaw-15_pitch+15,-0.07945931,0.78656609,-0.10355339,0.60355339,1,1,success,52.6,,,
left,left_arm,left_tool0,world,-0.300000,0.400000,1.000000,7,yaw0_pitch+15,0.00000000,0.79335334,0.00000000,0.60876143,1,1,success,50.8,,,
left,left_arm,left_tool0,world,-0.300000,0.400000,1.000000,8,yaw+15_pitch+15,0.07945931,0.78656609,0.10355339,0.60355339,1,1,success,50.8,,,
left,left_arm,left_tool0,world,-0.300000,0.400000,1.000000,-1,SUMMARY,,,,,,,,,9,9,1
left,left_arm,left_tool0,world,-0.300000,0.400000,1.200000,0,yaw-15_pitch-15,-0.10355339,0.60355339,-0.07945931,0.78656609,1,1,success,53.6,,,
left,left_arm,left_tool0,world,-0.300000,0.400000,1.200000,1,yaw0_pitch-15,0.00000000,0.60876143,0.00000000,0.79335334,1,1,success,50.3,,,
left,left_arm,left_tool0,world,-0.300000,0.400000,1.200000,2,yaw+15_pitch-15,0.10355339,0.60355339,0.07945931,0.78656609,1,1,success,51.6,,,
left,left_arm,left_tool0,world,-0.300000,0.400000,1.200000,3,yaw-15_pitch0,-0.09229596,0.70105738,-0.09229596,0.70105738,1,1,success,50.3,,,
left,left_arm,left_tool0,world,-0.300000,0.400000,1.200000,4,center,0.00000000,0.70710678,0.00000000,0.70710678,1,1,success,50.6,,,
left,left_arm,left_tool0,world,-0.300000,0.400000,1.200000,5,yaw+15_pitch0,0.09229596,0.70105738,0.09229596,0.70105738,1,1,success,50.6,,,
left,left_arm,left_tool0,world,-0.300000,0.400000,1.200000,6,yaw-15_pitch+15,-0.07945931,0.78656609,-0.10355339,0.60355339,1,1,success,50.7,,,
left,left_arm,left_tool0,world,-0.300000,0.400000,1.200000,7,yaw0_pitch+15,0.00000000,0.79335334,0.00000000,0.60876143,1,1,success,50.5,,,
left,left_arm,left_tool0,world,-0.300000,0.400000,1.200000,8,yaw+15_pitch+15,0.07945931,0.78656609,0.10355339,0.60355339,1,1,success,51.1,,,
left,left_arm,left_tool0,world,-0.300000,0.400000,1.200000,-1,SUMMARY,,,,,,,,,9,9,1
left,left_arm,left_tool0,world,-0.300000,0.400000,1.400000,0,yaw-15_pitch-15,-0.10355339,0.60355339,-0.07945931,0.78656609,1,1,success,50.5,,,
left,left_arm,left_tool0,world,-0.300000,0.400000,1.400000,1,yaw0_pitch-15,0.00000000,0.60876143,0.00000000,0.79335334,1,1,success,51.0,,,
left,left_arm,left_tool0,world,-0.300000,0.400000,1.400000,2,yaw+15_pitch-15,0.10355339,0.60355339,0.07945931,0.78656609,1,1,success,50.8,,,
left,left_arm,left_tool0,world,-0.300000,0.400000,1.400000,3,yaw-15_pitch0,-0.09229596,0.70105738,-0.09229596,0.70105738,1,1,success,51.8,,,
left,left_arm,left_tool0,world,-0.300000,0.400000,1.400000,4,center,0.00000000,0.70710678,0.00000000,0.70710678,1,1,success,50.8,,,
left,left_arm,left_tool0,world,-0.300000,0.400000,1.400000,5,yaw+15_pitch0,0.09229596,0.70105738,0.09229596,0.70105738,1,1,success,50.8,,,
left,left_arm,left_tool0,world,-0.300000,0.400000,1.400000,6,yaw-15_pitch+15,-0.07945931,0.78656609,-0.10355339,0.60355339,1,1,success,51.4,,,
left,left_arm,left_tool0,world,-0.300000,0.400000,1.400000,7,yaw0_pitch+15,0.00000000,0.79335334,0.00000000,0.60876143,1,1,success,50.7,,,
left,left_arm,left_tool0,world,-0.300000,0.400000,1.400000,8,yaw+15_pitch+15,0.07945931,0.78656609,0.10355339,0.60355339,1,1,success,50.8,,,
left,left_arm,left_tool0,world,-0.300000,0.400000,1.400000,-1,SUMMARY,,,,,,,,,9,9,1
left,left_arm,left_tool0,world,-0.300000,0.600000,0.600000,0,yaw-15_pitch-15,-0.10355339,0.60355339,-0.07945931,0.78656609,1,1,success,52.5,,,
left,left_arm,left_tool0,world,-0.300000,0.600000,0.600000,1,yaw0_pitch-15,0.00000000,0.60876143,0.00000000,0.79335334,1,1,success,50.6,,,
left,left_arm,left_tool0,world,-0.300000,0.600000,0.600000,2,yaw+15_pitch-15,0.10355339,0.60355339,0.07945931,0.78656609,1,1,success,50.4,,,
left,left_arm,left_tool0,world,-0.300000,0.600000,0.600000,3,yaw-15_pitch0,-0.09229596,0.70105738,-0.09229596,0.70105738,1,1,success,51.1,,,
left,left_arm,left_tool0,world,-0.300000,0.600000,0.600000,4,center,0.00000000,0.70710678,0.00000000,0.70710678,1,1,success,50.4,,,
left,left_arm,left_tool0,world,-0.300000,0.600000,0.600000,5,yaw+15_pitch0,0.09229596,0.70105738,0.09229596,0.70105738,1,1,success,51.8,,,
left,left_arm,left_tool0,world,-0.300000,0.600000,0.600000,6,yaw-15_pitch+15,-0.07945931,0.78656609,-0.10355339,0.60355339,1,1,success,52.8,,,
left,left_arm,left_tool0,world,-0.300000,0.600000,0.600000,7,yaw0_pitch+15,0.00000000,0.79335334,0.00000000,0.60876143,1,1,success,51.9,,,
left,left_arm,left_tool0,world,-0.300000,0.600000,0.600000,8,yaw+15_pitch+15,0.07945931,0.78656609,0.10355339,0.60355339,1,1,success,51.3,,,
left,left_arm,left_tool0,world,-0.300000,0.600000,0.600000,-1,SUMMARY,,,,,,,,,9,9,1
left,left_arm,left_tool0,world,-0.300000,0.600000,0.800000,0,yaw-15_pitch-15,-0.10355339,0.60355339,-0.07945931,0.78656609,1,1,success,51.0,,,
left,left_arm,left_tool0,world,-0.300000,0.600000,0.800000,1,yaw0_pitch-15,0.00000000,0.60876143,0.00000000,0.79335334,1,1,success,53.7,,,
left,left_arm,left_tool0,world,-0.300000,0.600000,0.800000,2,yaw+15_pitch-15,0.10355339,0.60355339,0.07945931,0.78656609,1,1,success,50.9,,,
left,left_arm,left_tool0,world,-0.300000,0.600000,0.800000,3,yaw-15_pitch0,-0.09229596,0.70105738,-0.09229596,0.70105738,1,1,success,50.5,,,
left,left_arm,left_tool0,world,-0.300000,0.600000,0.800000,4,center,0.00000000,0.70710678,0.00000000,0.70710678,1,1,success,50.7,,,
left,left_arm,left_tool0,world,-0.300000,0.600000,0.800000,5,yaw+15_pitch0,0.09229596,0.70105738,0.09229596,0.70105738,1,1,success,50.5,,,
left,left_arm,left_tool0,world,-0.300000,0.600000,0.800000,6,yaw-15_pitch+15,-0.07945931,0.78656609,-0.10355339,0.60355339,1,1,success,51.4,,,
left,left_arm,left_tool0,world,-0.300000,0.600000,0.800000,7,yaw0_pitch+15,0.00000000,0.79335334,0.00000000,0.60876143,1,1,success,52.0,,,
left,left_arm,left_tool0,world,-0.300000,0.600000,0.800000,8,yaw+15_pitch+15,0.07945931,0.78656609,0.10355339,0.60355339,1,1,success,50.8,,,
left,left_arm,left_tool0,world,-0.300000,0.600000,0.800000,-1,SUMMARY,,,,,,,,,9,9,1
left,left_arm,left_tool0,world,-0.300000,0.600000,1.000000,0,yaw-15_pitch-15,-0.10355339,0.60355339,-0.07945931,0.78656609,1,1,success,50.6,,,
left,left_arm,left_tool0,world,-0.300000,0.600000,1.000000,1,yaw0_pitch-15,0.00000000,0.60876143,0.00000000,0.79335334,1,1,success,50.6,,,
left,left_arm,left_tool0,world,-0.300000,0.600000,1.000000,2,yaw+15_pitch-15,0.10355339,0.60355339,0.07945931,0.78656609,1,1,success,51.0,,,
left,left_arm,left_tool0,world,-0.300000,0.600000,1.000000,3,yaw-15_pitch0,-0.09229596,0.70105738,-0.09229596,0.70105738,1,1,success,50.9,,,
left,left_arm,left_tool0,world,-0.300000,0.600000,1.000000,4,center,0.00000000,0.70710678,0.00000000,0.70710678,1,1,success,55.2,,,
left,left_arm,left_tool0,world,-0.300000,0.600000,1.000000,5,yaw+15_pitch0,0.09229596,0.70105738,0.09229596,0.70105738,1,1,success,50.9,,,
left,left_arm,left_tool0,world,-0.300000,0.600000,1.000000,6,yaw-15_pitch+15,-0.07945931,0.78656609,-0.10355339,0.60355339,1,1,success,50.7,,,
left,left_arm,left_tool0,world,-0.300000,0.600000,1.000000,7,yaw0_pitch+15,0.00000000,0.79335334,0.00000000,0.60876143,1,1,success,52.1,,,
left,left_arm,left_tool0,world,-0.300000,0.600000,1.000000,8,yaw+15_pitch+15,0.07945931,0.78656609,0.10355339,0.60355339,1,1,success,52.4,,,
left,left_arm,left_tool0,world,-0.300000,0.600000,1.000000,-1,SUMMARY,,,,,,,,,9,9,1
left,left_arm,left_tool0,world,-0.300000,0.600000,1.200000,0,yaw-15_pitch-15,-0.10355339,0.60355339,-0.07945931,0.78656609,1,1,success,53.5,,,
left,left_arm,left_tool0,world,-0.300000,0.600000,1.200000,1,yaw0_pitch-15,0.00000000,0.60876143,0.00000000,0.79335334,1,1,success,52.5,,,
left,left_arm,left_tool0,world,-0.300000,0.600000,1.200000,2,yaw+15_pitch-15,0.10355339,0.60355339,0.07945931,0.78656609,1,1,success,50.4,,,
left,left_arm,left_tool0,world,-0.300000,0.600000,1.200000,3,yaw-15_pitch0,-0.09229596,0.70105738,-0.09229596,0.70105738,1,1,success,50.5,,,
left,left_arm,left_tool0,world,-0.300000,0.600000,1.200000,4,center,0.00000000,0.70710678,0.00000000,0.70710678,1,1,success,50.6,,,
left,left_arm,left_tool0,world,-0.300000,0.600000,1.200000,5,yaw+15_pitch0,0.09229596,0.70105738,0.09229596,0.70105738,1,1,success,50.6,,,
left,left_arm,left_tool0,world,-0.300000,0.600000,1.200000,6,yaw-15_pitch+15,-0.07945931,0.78656609,-0.10355339,0.60355339,1,1,success,50.9,,,
left,left_arm,left_tool0,world,-0.300000,0.600000,1.200000,7,yaw0_pitch+15,0.00000000,0.79335334,0.00000000,0.60876143,1,1,success,50.7,,,
left,left_arm,left_tool0,world,-0.300000,0.600000,1.200000,8,yaw+15_pitch+15,0.07945931,0.78656609,0.10355339,0.60355339,1,1,success,50.7,,,
left,left_arm,left_tool0,world,-0.300000,0.600000,1.200000,-1,SUMMARY,,,,,,,,,9,9,1
left,left_arm,left_tool0,world,-0.300000,0.600000,1.400000,0,yaw-15_pitch-15,-0.10355339,0.60355339,-0.07945931,0.78656609,1,1,success,50.6,,,
left,left_arm,left_tool0,world,-0.300000,0.600000,1.400000,1,yaw0_pitch-15,0.00000000,0.60876143,0.00000000,0.79335334,1,1,success,50.6,,,
left,left_arm,left_tool0,world,-0.300000,0.600000,1.400000,2,yaw+15_pitch-15,0.10355339,0.60355339,0.07945931,0.78656609,1,1,success,50.7,,,
left,left_arm,left_tool0,world,-0.300000,0.600000,1.400000,3,yaw-15_pitch0,-0.09229596,0.70105738,-0.09229596,0.70105738,1,1,success,51.0,,,
left,left_arm,left_tool0,world,-0.300000,0.600000,1.400000,4,center,0.00000000,0.70710678,0.00000000,0.70710678,1,1,success,50.7,,,
left,left_arm,left_tool0,world,-0.300000,0.600000,1.400000,5,yaw+15_pitch0,0.09229596,0.70105738,0.09229596,0.70105738,1,1,success,50.8,,,
left,left_arm,left_tool0,world,-0.300000,0.600000,1.400000,6,yaw-15_pitch+15,-0.07945931,0.78656609,-0.10355339,0.60355339,1,1,success,50.6,,,
left,left_arm,left_tool0,world,-0.300000,0.600000,1.400000,7,yaw0_pitch+15,0.00000000,0.79335334,0.00000000,0.60876143,1,1,success,50.8,,,
left,left_arm,left_tool0,world,-0.300000,0.600000,1.400000,8,yaw+15_pitch+15,0.07945931,0.78656609,0.10355339,0.60355339,1,1,success,54.1,,,
left,left_arm,left_tool0,world,-0.300000,0.600000,1.400000,-1,SUMMARY,,,,,,,,,9,9,1
left,left_arm,left_tool0,world,-0.300000,0.800000,0.600000,0,yaw-15_pitch-15,-0.10355339,0.60355339,-0.07945931,0.78656609,1,1,success,50.9,,,
left,left_arm,left_tool0,world,-0.300000,0.800000,0.600000,1,yaw0_pitch-15,0.00000000,0.60876143,0.00000000,0.79335334,1,1,success,51.7,,,
left,left_arm,left_tool0,world,-0.300000,0.800000,0.600000,2,yaw+15_pitch-15,0.10355339,0.60355339,0.07945931,0.78656609,1,1,success,57.6,,,
left,left_arm,left_tool0,world,-0.300000,0.800000,0.600000,3,yaw-15_pitch0,-0.09229596,0.70105738,-0.09229596,0.70105738,1,1,success,51.5,,,
left,left_arm,left_tool0,world,-0.300000,0.800000,0.600000,4,center,0.00000000,0.70710678,0.00000000,0.70710678,1,1,success,50.4,,,
left,left_arm,left_tool0,world,-0.300000,0.800000,0.600000,5,yaw+15_pitch0,0.09229596,0.70105738,0.09229596,0.70105738,1,1,success,50.8,,,
left,left_arm,left_tool0,world,-0.300000,0.800000,0.600000,6,yaw-15_pitch+15,-0.07945931,0.78656609,-0.10355339,0.60355339,1,1,success,50.6,,,
left,left_arm,left_tool0,world,-0.300000,0.800000,0.600000,7,yaw0_pitch+15,0.00000000,0.79335334,0.00000000,0.60876143,1,1,success,51.8,,,
left,left_arm,left_tool0,world,-0.300000,0.800000,0.600000,8,yaw+15_pitch+15,0.07945931,0.78656609,0.10355339,0.60355339,1,1,success,50.3,,,
left,left_arm,left_tool0,world,-0.300000,0.800000,0.600000,-1,SUMMARY,,,,,,,,,9,9,1
left,left_arm,left_tool0,world,-0.300000,0.800000,0.800000,0,yaw-15_pitch-15,-0.10355339,0.60355339,-0.07945931,0.78656609,1,1,success,50.5,,,
left,left_arm,left_tool0,world,-0.300000,0.800000,0.800000,1,yaw0_pitch-15,0.00000000,0.60876143,0.00000000,0.79335334,1,1,success,50.5,,,
left,left_arm,left_tool0,world,-0.300000,0.800000,0.800000,2,yaw+15_pitch-15,0.10355339,0.60355339,0.07945931,0.78656609,1,1,success,50.7,,,
left,left_arm,left_tool0,world,-0.300000,0.800000,0.800000,3,yaw-15_pitch0,-0.09229596,0.70105738,-0.09229596,0.70105738,1,1,success,51.5,,,
left,left_arm,left_tool0,world,-0.300000,0.800000,0.800000,4,center,0.00000000,0.70710678,0.00000000,0.70710678,1,1,success,51.0,,,
left,left_arm,left_tool0,world,-0.300000,0.800000,0.800000,5,yaw+15_pitch0,0.09229596,0.70105738,0.09229596,0.70105738,1,1,success,50.3,,,
left,left_arm,left_tool0,world,-0.300000,0.800000,0.800000,6,yaw-15_pitch+15,-0.07945931,0.78656609,-0.10355339,0.60355339,1,1,success,53.7,,,
left,left_arm,left_tool0,world,-0.300000,0.800000,0.800000,7,yaw0_pitch+15,0.00000000,0.79335334,0.00000000,0.60876143,1,1,success,51.3,,,
left,left_arm,left_tool0,world,-0.300000,0.800000,0.800000,8,yaw+15_pitch+15,0.07945931,0.78656609,0.10355339,0.60355339,1,1,success,50.5,,,
left,left_arm,left_tool0,world,-0.300000,0.800000,0.800000,-1,SUMMARY,,,,,,,,,9,9,1
left,left_arm,left_tool0,world,-0.300000,0.800000,1.000000,0,yaw-15_pitch-15,-0.10355339,0.60355339,-0.07945931,0.78656609,1,1,success,50.4,,,
left,left_arm,left_tool0,world,-0.300000,0.800000,1.000000,1,yaw0_pitch-15,0.00000000,0.60876143,0.00000000,0.79335334,1,1,success,51.0,,,
left,left_arm,left_tool0,world,-0.300000,0.800000,1.000000,2,yaw+15_pitch-15,0.10355339,0.60355339,0.07945931,0.78656609,1,1,success,51.2,,,
left,left_arm,left_tool0,world,-0.300000,0.800000,1.000000,3,yaw-15_pitch0,-0.09229596,0.70105738,-0.09229596,0.70105738,1,1,success,50.5,,,
left,left_arm,left_tool0,world,-0.300000,0.800000,1.000000,4,center,0.00000000,0.70710678,0.00000000,0.70710678,1,1,success,51.3,,,
left,left_arm,left_tool0,world,-0.300000,0.800000,1.000000,5,yaw+15_pitch0,0.09229596,0.70105738,0.09229596,0.70105738,1,1,success,51.2,,,
left,left_arm,left_tool0,world,-0.300000,0.800000,1.000000,6,yaw-15_pitch+15,-0.07945931,0.78656609,-0.10355339,0.60355339,1,1,success,50.2,,,
left,left_arm,left_tool0,world,-0.300000,0.800000,1.000000,7,yaw0_pitch+15,0.00000000,0.79335334,0.00000000,0.60876143,1,1,success,51.1,,,
left,left_arm,left_tool0,world,-0.300000,0.800000,1.000000,8,yaw+15_pitch+15,0.07945931,0.78656609,0.10355339,0.60355339,1,1,success,50.6,,,
left,left_arm,left_tool0,world,-0.300000,0.800000,1.000000,-1,SUMMARY,,,,,,,,,9,9,1
left,left_arm,left_tool0,world,-0.300000,0.800000,1.200000,0,yaw-15_pitch-15,-0.10355339,0.60355339,-0.07945931,0.78656609,1,1,success,50.8,,,
left,left_arm,left_tool0,world,-0.300000,0.800000,1.200000,1,yaw0_pitch-15,0.00000000,0.60876143,0.00000000,0.79335334,1,1,success,50.6,,,
left,left_arm,left_tool0,world,-0.300000,0.800000,1.200000,2,yaw+15_pitch-15,0.10355339,0.60355339,0.07945931,0.78656609,1,1,success,50.6,,,
left,left_arm,left_tool0,world,-0.300000,0.800000,1.200000,3,yaw-15_pitch0,-0.09229596,0.70105738,-0.09229596,0.70105738,1,1,success,50.9,,,
left,left_arm,left_tool0,world,-0.300000,0.800000,1.200000,4,center,0.00000000,0.70710678,0.00000000,0.70710678,1,1,success,50.9,,,
left,left_arm,left_tool0,world,-0.300000,0.800000,1.200000,5,yaw+15_pitch0,0.09229596,0.70105738,0.09229596,0.70105738,1,1,success,50.5,,,
left,left_arm,left_tool0,world,-0.300000,0.800000,1.200000,6,yaw-15_pitch+15,-0.07945931,0.78656609,-0.10355339,0.60355339,1,1,success,50.7,,,
left,left_arm,left_tool0,world,-0.300000,0.800000,1.200000,7,yaw0_pitch+15,0.00000000,0.79335334,0.00000000,0.60876143,1,1,success,51.1,,,
left,left_arm,left_tool0,world,-0.300000,0.800000,1.200000,8,yaw+15_pitch+15,0.07945931,0.78656609,0.10355339,0.60355339,1,1,success,50.7,,,
left,left_arm,left_tool0,world,-0.300000,0.800000,1.200000,-1,SUMMARY,,,,,,,,,9,9,1
left,left_arm,left_tool0,world,-0.300000,0.800000,1.400000,0,yaw-15_pitch-15,-0.10355339,0.60355339,-0.07945931,0.78656609,1,1,success,50.5,,,
left,left_arm,left_tool0,world,-0.300000,0.800000,1.400000,1,yaw0_pitch-15,0.00000000,0.60876143,0.00000000,0.79335334,1,1,success,50.5,,,
left,left_arm,left_tool0,world,-0.300000,0.800000,1.400000,2,yaw+15_pitch-15,0.10355339,0.60355339,0.07945931,0.78656609,1,1,success,50.7,,,
left,left_arm,left_tool0,world,-0.300000,0.800000,1.400000,3,yaw-15_pitch0,-0.09229596,0.70105738,-0.09229596,0.70105738,1,1,success,50.7,,,
left,left_arm,left_tool0,world,-0.300000,0.800000,1.400000,4,center,0.00000000,0.70710678,0.00000000,0.70710678,1,1,success,50.6,,,
left,left_arm,left_tool0,world,-0.300000,0.800000,1.400000,5,yaw+15_pitch0,0.09229596,0.70105738,0.09229596,0.70105738,1,1,success,50.7,,,
left,left_arm,left_tool0,world,-0.300000,0.800000,1.400000,6,yaw-15_pitch+15,-0.07945931,0.78656609,-0.10355339,0.60355339,1,1,success,50.8,,,
left,left_arm,left_tool0,world,-0.300000,0.800000,1.400000,7,yaw0_pitch+15,0.00000000,0.79335334,0.00000000,0.60876143,1,1,success,50.6,,,
left,left_arm,left_tool0,world,-0.300000,0.800000,1.400000,8,yaw+15_pitch+15,0.07945931,0.78656609,0.10355339,0.60355339,1,1,success,50.6,,,
left,left_arm,left_tool0,world,-0.300000,0.800000,1.400000,-1,SUMMARY,,,,,,,,,9,9,1
left,left_arm,left_tool0,world,-0.100000,0.000000,0.600000,0,yaw-15_pitch-15,-0.10355339,0.60355339,-0.07945931,0.78656609,1,1,success,0.8,,,
left,left_arm,left_tool0,world,-0.100000,0.000000,0.600000,1,yaw0_pitch-15,0.00000000,0.60876143,0.00000000,0.79335334,1,1,success,53.4,,,
left,left_arm,left_tool0,world,-0.100000,0.000000,0.600000,2,yaw+15_pitch-15,0.10355339,0.60355339,0.07945931,0.78656609,1,1,success,51.6,,,
left,left_arm,left_tool0,world,-0.100000,0.000000,0.600000,3,yaw-15_pitch0,-0.09229596,0.70105738,-0.09229596,0.70105738,1,1,success,57.6,,,
left,left_arm,left_tool0,world,-0.100000,0.000000,0.600000,4,center,0.00000000,0.70710678,0.00000000,0.70710678,1,1,success,52.5,,,
left,left_arm,left_tool0,world,-0.100000,0.000000,0.600000,5,yaw+15_pitch0,0.09229596,0.70105738,0.09229596,0.70105738,1,1,success,50.5,,,
left,left_arm,left_tool0,world,-0.100000,0.000000,0.600000,6,yaw-15_pitch+15,-0.07945931,0.78656609,-0.10355339,0.60355339,1,1,success,50.9,,,
left,left_arm,left_tool0,world,-0.100000,0.000000,0.600000,7,yaw0_pitch+15,0.00000000,0.79335334,0.00000000,0.60876143,1,1,success,51.9,,,
left,left_arm,left_tool0,world,-0.100000,0.000000,0.600000,8,yaw+15_pitch+15,0.07945931,0.78656609,0.10355339,0.60355339,1,1,success,64.4,,,
left,left_arm,left_tool0,world,-0.100000,0.000000,0.600000,-1,SUMMARY,,,,,,,,,9,9,1
left,left_arm,left_tool0,world,-0.100000,0.000000,0.800000,0,yaw-15_pitch-15,-0.10355339,0.60355339,-0.07945931,0.78656609,1,1,success,51.4,,,
left,left_arm,left_tool0,world,-0.100000,0.000000,0.800000,1,yaw0_pitch-15,0.00000000,0.60876143,0.00000000,0.79335334,1,1,success,58.1,,,
left,left_arm,left_tool0,world,-0.100000,0.000000,0.800000,2,yaw+15_pitch-15,0.10355339,0.60355339,0.07945931,0.78656609,1,1,success,51.0,,,
left,left_arm,left_tool0,world,-0.100000,0.000000,0.800000,3,yaw-15_pitch0,-0.09229596,0.70105738,-0.09229596,0.70105738,1,1,success,51.4,,,
left,left_arm,left_tool0,world,-0.100000,0.000000,0.800000,4,center,0.00000000,0.70710678,0.00000000,0.70710678,1,1,success,50.5,,,
left,left_arm,left_tool0,world,-0.100000,0.000000,0.800000,5,yaw+15_pitch0,0.09229596,0.70105738,0.09229596,0.70105738,1,1,success,54.7,,,
left,left_arm,left_tool0,world,-0.100000,0.000000,0.800000,6,yaw-15_pitch+15,-0.07945931,0.78656609,-0.10355339,0.60355339,1,1,success,50.8,,,
left,left_arm,left_tool0,world,-0.100000,0.000000,0.800000,7,yaw0_pitch+15,0.00000000,0.79335334,0.00000000,0.60876143,1,1,success,56.4,,,
left,left_arm,left_tool0,world,-0.100000,0.000000,0.800000,8,yaw+15_pitch+15,0.07945931,0.78656609,0.10355339,0.60355339,1,1,success,52.0,,,
left,left_arm,left_tool0,world,-0.100000,0.000000,0.800000,-1,SUMMARY,,,,,,,,,9,9,1
left,left_arm,left_tool0,world,-0.100000,0.000000,1.000000,0,yaw-15_pitch-15,-0.10355339,0.60355339,-0.07945931,0.78656609,1,1,success,50.6,,,
left,left_arm,left_tool0,world,-0.100000,0.000000,1.000000,1,yaw0_pitch-15,0.00000000,0.60876143,0.00000000,0.79335334,1,1,success,54.7,,,
left,left_arm,left_tool0,world,-0.100000,0.000000,1.000000,2,yaw+15_pitch-15,0.10355339,0.60355339,0.07945931,0.78656609,1,1,success,62.9,,,
left,left_arm,left_tool0,world,-0.100000,0.000000,1.000000,3,yaw-15_pitch0,-0.09229596,0.70105738,-0.09229596,0.70105738,1,1,success,50.3,,,
left,left_arm,left_tool0,world,-0.100000,0.000000,1.000000,4,center,0.00000000,0.70710678,0.00000000,0.70710678,1,1,success,50.7,,,
left,left_arm,left_tool0,world,-0.100000,0.000000,1.000000,5,yaw+15_pitch0,0.09229596,0.70105738,0.09229596,0.70105738,1,1,success,54.2,,,
left,left_arm,left_tool0,world,-0.100000,0.000000,1.000000,6,yaw-15_pitch+15,-0.07945931,0.78656609,-0.10355339,0.60355339,1,1,success,50.5,,,
left,left_arm,left_tool0,world,-0.100000,0.000000,1.000000,7,yaw0_pitch+15,0.00000000,0.79335334,0.00000000,0.60876143,1,1,success,54.6,,,
left,left_arm,left_tool0,world,-0.100000,0.000000,1.000000,8,yaw+15_pitch+15,0.07945931,0.78656609,0.10355339,0.60355339,1,1,success,50.6,,,
left,left_arm,left_tool0,world,-0.100000,0.000000,1.000000,-1,SUMMARY,,,,,,,,,9,9,1
left,left_arm,left_tool0,world,-0.100000,0.000000,1.200000,0,yaw-15_pitch-15,-0.10355339,0.60355339,-0.07945931,0.78656609,1,1,success,50.3,,,
left,left_arm,left_tool0,world,-0.100000,0.000000,1.200000,1,yaw0_pitch-15,0.00000000,0.60876143,0.00000000,0.79335334,1,1,success,51.0,,,
left,left_arm,left_tool0,world,-0.100000,0.000000,1.200000,2,yaw+15_pitch-15,0.10355339,0.60355339,0.07945931,0.78656609,1,1,success,51.0,,,
left,left_arm,left_tool0,world,-0.100000,0.000000,1.200000,3,yaw-15_pitch0,-0.09229596,0.70105738,-0.09229596,0.70105738,1,1,success,50.5,,,
left,left_arm,left_tool0,world,-0.100000,0.000000,1.200000,4,center,0.00000000,0.70710678,0.00000000,0.70710678,1,1,success,50.5,,,
left,left_arm,left_tool0,world,-0.100000,0.000000,1.200000,5,yaw+15_pitch0,0.09229596,0.70105738,0.09229596,0.70105738,1,1,success,50.7,,,
left,left_arm,left_tool0,world,-0.100000,0.000000,1.200000,6,yaw-15_pitch+15,-0.07945931,0.78656609,-0.10355339,0.60355339,1,1,success,51.0,,,
left,left_arm,left_tool0,world,-0.100000,0.000000,1.200000,7,yaw0_pitch+15,0.00000000,0.79335334,0.00000000,0.60876143,1,1,success,50.6,,,
left,left_arm,left_tool0,world,-0.100000,0.000000,1.200000,8,yaw+15_pitch+15,0.07945931,0.78656609,0.10355339,0.60355339,1,1,success,50.8,,,
left,left_arm,left_tool0,world,-0.100000,0.000000,1.200000,-1,SUMMARY,,,,,,,,,9,9,1
left,left_arm,left_tool0,world,-0.100000,0.000000,1.400000,0,yaw-15_pitch-15,-0.10355339,0.60355339,-0.07945931,0.78656609,1,1,success,50.8,,,
left,left_arm,left_tool0,world,-0.100000,0.000000,1.400000,1,yaw0_pitch-15,0.00000000,0.60876143,0.00000000,0.79335334,1,1,success,51.1,,,
left,left_arm,left_tool0,world,-0.100000,0.000000,1.400000,2,yaw+15_pitch-15,0.10355339,0.60355339,0.07945931,0.78656609,1,1,success,50.7,,,
left,left_arm,left_tool0,world,-0.100000,0.000000,1.400000,3,yaw-15_pitch0,-0.09229596,0.70105738,-0.09229596,0.70105738,1,1,success,50.8,,,
left,left_arm,left_tool0,world,-0.100000,0.000000,1.400000,4,center,0.00000000,0.70710678,0.00000000,0.70710678,1,1,success,50.6,,,
left,left_arm,left_tool0,world,-0.100000,0.000000,1.400000,5,yaw+15_pitch0,0.09229596,0.70105738,0.09229596,0.70105738,1,1,success,50.8,,,
left,left_arm,left_tool0,world,-0.100000,0.000000,1.400000,6,yaw-15_pitch+15,-0.07945931,0.78656609,-0.10355339,0.60355339,1,1,success,50.8,,,
left,left_arm,left_tool0,world,-0.100000,0.000000,1.400000,7,yaw0_pitch+15,0.00000000,0.79335334,0.00000000,0.60876143,1,1,success,50.6,,,
left,left_arm,left_tool0,world,-0.100000,0.000000,1.400000,8,yaw+15_pitch+15,0.07945931,0.78656609,0.10355339,0.60355339,1,1,success,51.1,,,
left,left_arm,left_tool0,world,-0.100000,0.000000,1.400000,-1,SUMMARY,,,,,,,,,9,9,1
left,left_arm,left_tool0,world,-0.100000,0.200000,0.600000,0,yaw-15_pitch-15,-0.10355339,0.60355339,-0.07945931,0.78656609,1,1,success,50.3,,,
left,left_arm,left_tool0,world,-0.100000,0.200000,0.600000,1,yaw0_pitch-15,0.00000000,0.60876143,0.00000000,0.79335334,1,1,success,0.9,,,
left,left_arm,left_tool0,world,-0.100000,0.200000,0.600000,2,yaw+15_pitch-15,0.10355339,0.60355339,0.07945931,0.78656609,1,1,success,53.4,,,
left,left_arm,left_tool0,world,-0.100000,0.200000,0.600000,3,yaw-15_pitch0,-0.09229596,0.70105738,-0.09229596,0.70105738,1,1,success,53.4,,,
left,left_arm,left_tool0,world,-0.100000,0.200000,0.600000,4,center,0.00000000,0.70710678,0.00000000,0.70710678,1,1,success,52.6,,,
left,left_arm,left_tool0,world,-0.100000,0.200000,0.600000,5,yaw+15_pitch0,0.09229596,0.70105738,0.09229596,0.70105738,1,1,success,51.2,,,
left,left_arm,left_tool0,world,-0.100000,0.200000,0.600000,6,yaw-15_pitch+15,-0.07945931,0.78656609,-0.10355339,0.60355339,1,1,success,51.2,,,
left,left_arm,left_tool0,world,-0.100000,0.200000,0.600000,7,yaw0_pitch+15,0.00000000,0.79335334,0.00000000,0.60876143,1,1,success,52.1,,,
left,left_arm,left_tool0,world,-0.100000,0.200000,0.600000,8,yaw+15_pitch+15,0.07945931,0.78656609,0.10355339,0.60355339,1,1,success,57.2,,,
left,left_arm,left_tool0,world,-0.100000,0.200000,0.600000,-1,SUMMARY,,,,,,,,,9,9,1
left,left_arm,left_tool0,world,-0.100000,0.200000,0.800000,0,yaw-15_pitch-15,-0.10355339,0.60355339,-0.07945931,0.78656609,1,1,success,56.5,,,
left,left_arm,left_tool0,world,-0.100000,0.200000,0.800000,1,yaw0_pitch-15,0.00000000,0.60876143,0.00000000,0.79335334,1,1,success,51.0,,,
left,left_arm,left_tool0,world,-0.100000,0.200000,0.800000,2,yaw+15_pitch-15,0.10355339,0.60355339,0.07945931,0.78656609,1,1,success,55.6,,,
left,left_arm,left_tool0,world,-0.100000,0.200000,0.800000,3,yaw-15_pitch0,-0.09229596,0.70105738,-0.09229596,0.70105738,1,1,success,52.2,,,
left,left_arm,left_tool0,world,-0.100000,0.200000,0.800000,4,center,0.00000000,0.70710678,0.00000000,0.70710678,1,1,success,51.7,,,
left,left_arm,left_tool0,world,-0.100000,0.200000,0.800000,5,yaw+15_pitch0,0.09229596,0.70105738,0.09229596,0.70105738,1,1,success,52.5,,,
left,left_arm,left_tool0,world,-0.100000,0.200000,0.800000,6,yaw-15_pitch+15,-0.07945931,0.78656609,-0.10355339,0.60355339,1,1,success,55.1,,,
left,left_arm,left_tool0,world,-0.100000,0.200000,0.800000,7,yaw0_pitch+15,0.00000000,0.79335334,0.00000000,0.60876143,1,1,success,51.9,,,
left,left_arm,left_tool0,world,-0.100000,0.200000,0.800000,8,yaw+15_pitch+15,0.07945931,0.78656609,0.10355339,0.60355339,1,1,success,50.7,,,
left,left_arm,left_tool0,world,-0.100000,0.200000,0.800000,-1,SUMMARY,,,,,,,,,9,9,1
left,left_arm,left_tool0,world,-0.100000,0.200000,1.000000,0,yaw-15_pitch-15,-0.10355339,0.60355339,-0.07945931,0.78656609,1,1,success,51.4,,,
left,left_arm,left_tool0,world,-0.100000,0.200000,1.000000,1,yaw0_pitch-15,0.00000000,0.60876143,0.00000000,0.79335334,1,1,success,51.0,,,
left,left_arm,left_tool0,world,-0.100000,0.200000,1.000000,2,yaw+15_pitch-15,0.10355339,0.60355339,0.07945931,0.78656609,1,1,success,50.3,,,
left,left_arm,left_tool0,world,-0.100000,0.200000,1.000000,3,yaw-15_pitch0,-0.09229596,0.70105738,-0.09229596,0.70105738,1,1,success,51.6,,,
left,left_arm,left_tool0,world,-0.100000,0.200000,1.000000,4,center,0.00000000,0.70710678,0.00000000,0.70710678,1,1,success,51.3,,,
left,left_arm,left_tool0,world,-0.100000,0.200000,1.000000,5,yaw+15_pitch0,0.09229596,0.70105738,0.09229596,0.70105738,1,1,success,62.9,,,
left,left_arm,left_tool0,world,-0.100000,0.200000,1.000000,6,yaw-15_pitch+15,-0.07945931,0.78656609,-0.10355339,0.60355339,1,1,success,54.3,,,
left,left_arm,left_tool0,world,-0.100000,0.200000,1.000000,7,yaw0_pitch+15,0.00000000,0.79335334,0.00000000,0.60876143,1,1,success,51.4,,,
left,left_arm,left_tool0,world,-0.100000,0.200000,1.000000,8,yaw+15_pitch+15,0.07945931,0.78656609,0.10355339,0.60355339,1,1,success,55.3,,,
left,left_arm,left_tool0,world,-0.100000,0.200000,1.000000,-1,SUMMARY,,,,,,,,,9,9,1
left,left_arm,left_tool0,world,-0.100000,0.200000,1.200000,0,yaw-15_pitch-15,-0.10355339,0.60355339,-0.07945931,0.78656609,1,1,success,50.3,,,
left,left_arm,left_tool0,world,-0.100000,0.200000,1.200000,1,yaw0_pitch-15,0.00000000,0.60876143,0.00000000,0.79335334,1,1,success,53.3,,,
left,left_arm,left_tool0,world,-0.100000,0.200000,1.200000,2,yaw+15_pitch-15,0.10355339,0.60355339,0.07945931,0.78656609,1,1,success,50.4,,,
left,left_arm,left_tool0,world,-0.100000,0.200000,1.200000,3,yaw-15_pitch0,-0.09229596,0.70105738,-0.09229596,0.70105738,1,1,success,53.7,,,
left,left_arm,left_tool0,world,-0.100000,0.200000,1.200000,4,center,0.00000000,0.70710678,0.00000000,0.70710678,1,1,success,51.0,,,
left,left_arm,left_tool0,world,-0.100000,0.200000,1.200000,5,yaw+15_pitch0,0.09229596,0.70105738,0.09229596,0.70105738,1,1,success,50.4,,,
left,left_arm,left_tool0,world,-0.100000,0.200000,1.200000,6,yaw-15_pitch+15,-0.07945931,0.78656609,-0.10355339,0.60355339,1,1,success,50.8,,,
left,left_arm,left_tool0,world,-0.100000,0.200000,1.200000,7,yaw0_pitch+15,0.00000000,0.79335334,0.00000000,0.60876143,1,1,success,50.8,,,
left,left_arm,left_tool0,world,-0.100000,0.200000,1.200000,8,yaw+15_pitch+15,0.07945931,0.78656609,0.10355339,0.60355339,1,1,success,50.6,,,
left,left_arm,left_tool0,world,-0.100000,0.200000,1.200000,-1,SUMMARY,,,,,,,,,9,9,1
left,left_arm,left_tool0,world,-0.100000,0.200000,1.400000,0,yaw-15_pitch-15,-0.10355339,0.60355339,-0.07945931,0.78656609,1,1,success,50.7,,,
left,left_arm,left_tool0,world,-0.100000,0.200000,1.400000,1,yaw0_pitch-15,0.00000000,0.60876143,0.00000000,0.79335334,1,1,success,51.1,,,
left,left_arm,left_tool0,world,-0.100000,0.200000,1.400000,2,yaw+15_pitch-15,0.10355339,0.60355339,0.07945931,0.78656609,1,1,success,50.5,,,
left,left_arm,left_tool0,world,-0.100000,0.200000,1.400000,3,yaw-15_pitch0,-0.09229596,0.70105738,-0.09229596,0.70105738,1,1,success,50.8,,,
left,left_arm,left_tool0,world,-0.100000,0.200000,1.400000,4,center,0.00000000,0.70710678,0.00000000,0.70710678,1,1,success,50.7,,,
left,left_arm,left_tool0,world,-0.100000,0.200000,1.400000,5,yaw+15_pitch0,0.09229596,0.70105738,0.09229596,0.70105738,1,1,success,50.7,,,
left,left_arm,left_tool0,world,-0.100000,0.200000,1.400000,6,yaw-15_pitch+15,-0.07945931,0.78656609,-0.10355339,0.60355339,1,1,success,50.7,,,
left,left_arm,left_tool0,world,-0.100000,0.200000,1.400000,7,yaw0_pitch+15,0.00000000,0.79335334,0.00000000,0.60876143,1,1,success,50.6,,,
left,left_arm,left_tool0,world,-0.100000,0.200000,1.400000,8,yaw+15_pitch+15,0.07945931,0.78656609,0.10355339,0.60355339,1,1,success,50.6,,,
left,left_arm,left_tool0,world,-0.100000,0.200000,1.400000,-1,SUMMARY,,,,,,,,,9,9,1
left,left_arm,left_tool0,world,-0.100000,0.400000,0.600000,0,yaw-15_pitch-15,-0.10355339,0.60355339,-0.07945931,0.78656609,1,1,success,51.5,,,
left,left_arm,left_tool0,world,-0.100000,0.400000,0.600000,1,yaw0_pitch-15,0.00000000,0.60876143,0.00000000,0.79335334,1,1,success,50.3,,,
left,left_arm,left_tool0,world,-0.100000,0.400000,0.600000,2,yaw+15_pitch-15,0.10355339,0.60355339,0.07945931,0.78656609,1,1,success,58.2,,,
left,left_arm,left_tool0,world,-0.100000,0.400000,0.600000,3,yaw-15_pitch0,-0.09229596,0.70105738,-0.09229596,0.70105738,1,1,success,50.4,,,
left,left_arm,left_tool0,world,-0.100000,0.400000,0.600000,4,center,0.00000000,0.70710678,0.00000000,0.70710678,1,1,success,54.0,,,
left,left_arm,left_tool0,world,-0.100000,0.400000,0.600000,5,yaw+15_pitch0,0.09229596,0.70105738,0.09229596,0.70105738,1,1,success,50.6,,,
left,left_arm,left_tool0,world,-0.100000,0.400000,0.600000,6,yaw-15_pitch+15,-0.07945931,0.78656609,-0.10355339,0.60355339,1,1,success,51.4,,,
left,left_arm,left_tool0,world,-0.100000,0.400000,0.600000,7,yaw0_pitch+15,0.00000000,0.79335334,0.00000000,0.60876143,1,1,success,50.4,,,
left,left_arm,left_tool0,world,-0.100000,0.400000,0.600000,8,yaw+15_pitch+15,0.07945931,0.78656609,0.10355339,0.60355339,1,1,success,52.7,,,
left,left_arm,left_tool0,world,-0.100000,0.400000,0.600000,-1,SUMMARY,,,,,,,,,9,9,1
left,left_arm,left_tool0,world,-0.100000,0.400000,0.800000,0,yaw-15_pitch-15,-0.10355339,0.60355339,-0.07945931,0.78656609,1,1,success,50.3,,,
left,left_arm,left_tool0,world,-0.100000,0.400000,0.800000,1,yaw0_pitch-15,0.00000000,0.60876143,0.00000000,0.79335334,1,1,success,52.3,,,
left,left_arm,left_tool0,world,-0.100000,0.400000,0.800000,2,yaw+15_pitch-15,0.10355339,0.60355339,0.07945931,0.78656609,1,1,success,50.6,,,
left,left_arm,left_tool0,world,-0.100000,0.400000,0.800000,3,yaw-15_pitch0,-0.09229596,0.70105738,-0.09229596,0.70105738,1,1,success,54.6,,,
left,left_arm,left_tool0,world,-0.100000,0.400000,0.800000,4,center,0.00000000,0.70710678,0.00000000,0.70710678,1,1,success,50.8,,,
left,left_arm,left_tool0,world,-0.100000,0.400000,0.800000,5,yaw+15_pitch0,0.09229596,0.70105738,0.09229596,0.70105738,1,1,success,61.3,,,
left,left_arm,left_tool0,world,-0.100000,0.400000,0.800000,6,yaw-15_pitch+15,-0.07945931,0.78656609,-0.10355339,0.60355339,1,1,success,54.1,,,
left,left_arm,left_tool0,world,-0.100000,0.400000,0.800000,7,yaw0_pitch+15,0.00000000,0.79335334,0.00000000,0.60876143,1,1,success,50.7,,,
left,left_arm,left_tool0,world,-0.100000,0.400000,0.800000,8,yaw+15_pitch+15,0.07945931,0.78656609,0.10355339,0.60355339,1,1,success,50.2,,,
left,left_arm,left_tool0,world,-0.100000,0.400000,0.800000,-1,SUMMARY,,,,,,,,,9,9,1
left,left_arm,left_tool0,world,-0.100000,0.400000,1.000000,0,yaw-15_pitch-15,-0.10355339,0.60355339,-0.07945931,0.78656609,1,1,success,57.1,,,
left,left_arm,left_tool0,world,-0.100000,0.400000,1.000000,1,yaw0_pitch-15,0.00000000,0.60876143,0.00000000,0.79335334,1,1,success,50.4,,,
left,left_arm,left_tool0,world,-0.100000,0.400000,1.000000,2,yaw+15_pitch-15,0.10355339,0.60355339,0.07945931,0.78656609,1,1,success,53.0,,,
left,left_arm,left_tool0,world,-0.100000,0.400000,1.000000,3,yaw-15_pitch0,-0.09229596,0.70105738,-0.09229596,0.70105738,1,1,success,57.5,,,
left,left_arm,left_tool0,world,-0.100000,0.400000,1.000000,4,center,0.00000000,0.70710678,0.00000000,0.70710678,1,1,success,62.2,,,
left,left_arm,left_tool0,world,-0.100000,0.400000,1.000000,5,yaw+15_pitch0,0.09229596,0.70105738,0.09229596,0.70105738,1,1,success,51.6,,,
left,left_arm,left_tool0,world,-0.100000,0.400000,1.000000,6,yaw-15_pitch+15,-0.07945931,0.78656609,-0.10355339,0.60355339,1,1,success,50.6,,,
left,left_arm,left_tool0,world,-0.100000,0.400000,1.000000,7,yaw0_pitch+15,0.00000000,0.79335334,0.00000000,0.60876143,1,1,success,51.2,,,
left,left_arm,left_tool0,world,-0.100000,0.400000,1.000000,8,yaw+15_pitch+15,0.07945931,0.78656609,0.10355339,0.60355339,1,1,success,50.8,,,
left,left_arm,left_tool0,world,-0.100000,0.400000,1.000000,-1,SUMMARY,,,,,,,,,9,9,1
left,left_arm,left_tool0,world,-0.100000,0.400000,1.200000,0,yaw-15_pitch-15,-0.10355339,0.60355339,-0.07945931,0.78656609,1,1,success,50.8,,,
left,left_arm,left_tool0,world,-0.100000,0.400000,1.200000,1,yaw0_pitch-15,0.00000000,0.60876143,0.00000000,0.79335334,1,1,success,51.2,,,
left,left_arm,left_tool0,world,-0.100000,0.400000,1.200000,2,yaw+15_pitch-15,0.10355339,0.60355339,0.07945931,0.78656609,1,1,success,51.2,,,
left,left_arm,left_tool0,world,-0.100000,0.400000,1.200000,3,yaw-15_pitch0,-0.09229596,0.70105738,-0.09229596,0.70105738,1,1,success,50.1,,,
left,left_arm,left_tool0,world,-0.100000,0.400000,1.200000,4,center,0.00000000,0.70710678,0.00000000,0.70710678,1,1,success,58.2,,,
left,left_arm,left_tool0,world,-0.100000,0.400000,1.200000,5,yaw+15_pitch0,0.09229596,0.70105738,0.09229596,0.70105738,1,1,success,51.3,,,
left,left_arm,left_tool0,world,-0.100000,0.400000,1.200000,6,yaw-15_pitch+15,-0.07945931,0.78656609,-0.10355339,0.60355339,1,1,success,50.1,,,
left,left_arm,left_tool0,world,-0.100000,0.400000,1.200000,7,yaw0_pitch+15,0.00000000,0.79335334,0.00000000,0.60876143,1,1,success,50.6,,,
left,left_arm,left_tool0,world,-0.100000,0.400000,1.200000,8,yaw+15_pitch+15,0.07945931,0.78656609,0.10355339,0.60355339,1,1,success,50.9,,,
left,left_arm,left_tool0,world,-0.100000,0.400000,1.200000,-1,SUMMARY,,,,,,,,,9,9,1
left,left_arm,left_tool0,world,-0.100000,0.400000,1.400000,0,yaw-15_pitch-15,-0.10355339,0.60355339,-0.07945931,0.78656609,1,1,success,54.1,,,
left,left_arm,left_tool0,world,-0.100000,0.400000,1.400000,1,yaw0_pitch-15,0.00000000,0.60876143,0.00000000,0.79335334,1,1,success,50.5,,,
left,left_arm,left_tool0,world,-0.100000,0.400000,1.400000,2,yaw+15_pitch-15,0.10355339,0.60355339,0.07945931,0.78656609,1,1,success,50.6,,,
left,left_arm,left_tool0,world,-0.100000,0.400000,1.400000,3,yaw-15_pitch0,-0.09229596,0.70105738,-0.09229596,0.70105738,1,1,success,50.3,,,
left,left_arm,left_tool0,world,-0.100000,0.400000,1.400000,4,center,0.00000000,0.70710678,0.00000000,0.70710678,1,1,success,50.7,,,
left,left_arm,left_tool0,world,-0.100000,0.400000,1.400000,5,yaw+15_pitch0,0.09229596,0.70105738,0.09229596,0.70105738,1,1,success,50.9,,,
left,left_arm,left_tool0,world,-0.100000,0.400000,1.400000,6,yaw-15_pitch+15,-0.07945931,0.78656609,-0.10355339,0.60355339,1,1,success,50.7,,,
left,left_arm,left_tool0,world,-0.100000,0.400000,1.400000,7,yaw0_pitch+15,0.00000000,0.79335334,0.00000000,0.60876143,1,1,success,0.4,,,
left,left_arm,left_tool0,world,-0.100000,0.400000,1.400000,8,yaw+15_pitch+15,0.07945931,0.78656609,0.10355339,0.60355339,1,1,success,50.5,,,
left,left_arm,left_tool0,world,-0.100000,0.400000,1.400000,-1,SUMMARY,,,,,,,,,9,9,1
left,left_arm,left_tool0,world,-0.100000,0.600000,0.600000,0,yaw-15_pitch-15,-0.10355339,0.60355339,-0.07945931,0.78656609,1,1,success,52.7,,,
left,left_arm,left_tool0,world,-0.100000,0.600000,0.600000,1,yaw0_pitch-15,0.00000000,0.60876143,0.00000000,0.79335334,1,1,success,56.0,,,
left,left_arm,left_tool0,world,-0.100000,0.600000,0.600000,2,yaw+15_pitch-15,0.10355339,0.60355339,0.07945931,0.78656609,1,1,success,53.5,,,
left,left_arm,left_tool0,world,-0.100000,0.600000,0.600000,3,yaw-15_pitch0,-0.09229596,0.70105738,-0.09229596,0.70105738,1,1,success,50.6,,,
left,left_arm,left_tool0,world,-0.100000,0.600000,0.600000,4,center,0.00000000,0.70710678,0.00000000,0.70710678,1,1,success,50.7,,,
left,left_arm,left_tool0,world,-0.100000,0.600000,0.600000,5,yaw+15_pitch0,0.09229596,0.70105738,0.09229596,0.70105738,1,1,success,54.6,,,
left,left_arm,left_tool0,world,-0.100000,0.600000,0.600000,6,yaw-15_pitch+15,-0.07945931,0.78656609,-0.10355339,0.60355339,1,1,success,51.1,,,
left,left_arm,left_tool0,world,-0.100000,0.600000,0.600000,7,yaw0_pitch+15,0.00000000,0.79335334,0.00000000,0.60876143,1,1,success,52.4,,,
left,left_arm,left_tool0,world,-0.100000,0.600000,0.600000,8,yaw+15_pitch+15,0.07945931,0.78656609,0.10355339,0.60355339,1,1,success,51.1,,,
left,left_arm,left_tool0,world,-0.100000,0.600000,0.600000,-1,SUMMARY,,,,,,,,,9,9,1
left,left_arm,left_tool0,world,-0.100000,0.600000,0.800000,0,yaw-15_pitch-15,-0.10355339,0.60355339,-0.07945931,0.78656609,1,1,success,51.6,,,
left,left_arm,left_tool0,world,-0.100000,0.600000,0.800000,1,yaw0_pitch-15,0.00000000,0.60876143,0.00000000,0.79335334,1,1,success,51.6,,,
left,left_arm,left_tool0,world,-0.100000,0.600000,0.800000,2,yaw+15_pitch-15,0.10355339,0.60355339,0.07945931,0.78656609,1,1,success,58.5,,,
left,left_arm,left_tool0,world,-0.100000,0.600000,0.800000,3,yaw-15_pitch0,-0.09229596,0.70105738,-0.09229596,0.70105738,1,1,success,51.1,,,
left,left_arm,left_tool0,world,-0.100000,0.600000,0.800000,4,center,0.00000000,0.70710678,0.00000000,0.70710678,1,1,success,55.1,,,
left,left_arm,left_tool0,world,-0.100000,0.600000,0.800000,5,yaw+15_pitch0,0.09229596,0.70105738,0.09229596,0.70105738,1,1,success,50.3,,,
left,left_arm,left_tool0,world,-0.100000,0.600000,0.800000,6,yaw-15_pitch+15,-0.07945931,0.78656609,-0.10355339,0.60355339,1,1,success,51.3,,,
left,left_arm,left_tool0,world,-0.100000,0.600000,0.800000,7,yaw0_pitch+15,0.00000000,0.79335334,0.00000000,0.60876143,1,1,success,50.9,,,
left,left_arm,left_tool0,world,-0.100000,0.600000,0.800000,8,yaw+15_pitch+15,0.07945931,0.78656609,0.10355339,0.60355339,1,1,success,51.1,,,
left,left_arm,left_tool0,world,-0.100000,0.600000,0.800000,-1,SUMMARY,,,,,,,,,9,9,1
left,left_arm,left_tool0,world,-0.100000,0.600000,1.000000,0,yaw-15_pitch-15,-0.10355339,0.60355339,-0.07945931,0.78656609,1,1,success,50.6,,,
left,left_arm,left_tool0,world,-0.100000,0.600000,1.000000,1,yaw0_pitch-15,0.00000000,0.60876143,0.00000000,0.79335334,1,1,success,51.8,,,
left,left_arm,left_tool0,world,-0.100000,0.600000,1.000000,2,yaw+15_pitch-15,0.10355339,0.60355339,0.07945931,0.78656609,1,1,success,50.8,,,
left,left_arm,left_tool0,world,-0.100000,0.600000,1.000000,3,yaw-15_pitch0,-0.09229596,0.70105738,-0.09229596,0.70105738,1,1,success,52.5,,,
left,left_arm,left_tool0,world,-0.100000,0.600000,1.000000,4,center,0.00000000,0.70710678,0.00000000,0.70710678,1,1,success,50.5,,,
left,left_arm,left_tool0,world,-0.100000,0.600000,1.000000,5,yaw+15_pitch0,0.09229596,0.70105738,0.09229596,0.70105738,1,1,success,50.4,,,
left,left_arm,left_tool0,world,-0.100000,0.600000,1.000000,6,yaw-15_pitch+15,-0.07945931,0.78656609,-0.10355339,0.60355339,1,1,success,50.6,,,
left,left_arm,left_tool0,world,-0.100000,0.600000,1.000000,7,yaw0_pitch+15,0.00000000,0.79335334,0.00000000,0.60876143,1,1,success,54.5,,,
left,left_arm,left_tool0,world,-0.100000,0.600000,1.000000,8,yaw+15_pitch+15,0.07945931,0.78656609,0.10355339,0.60355339,1,1,success,53.1,,,
left,left_arm,left_tool0,world,-0.100000,0.600000,1.000000,-1,SUMMARY,,,,,,,,,9,9,1
left,left_arm,left_tool0,world,-0.100000,0.600000,1.200000,0,yaw-15_pitch-15,-0.10355339,0.60355339,-0.07945931,0.78656609,1,1,success,53.8,,,
left,left_arm,left_tool0,world,-0.100000,0.600000,1.200000,1,yaw0_pitch-15,0.00000000,0.60876143,0.00000000,0.79335334,1,1,success,52.3,,,
left,left_arm,left_tool0,world,-0.100000,0.600000,1.200000,2,yaw+15_pitch-15,0.10355339,0.60355339,0.07945931,0.78656609,1,1,success,50.7,,,
left,left_arm,left_tool0,world,-0.100000,0.600000,1.200000,3,yaw-15_pitch0,-0.09229596,0.70105738,-0.09229596,0.70105738,1,1,success,51.0,,,
left,left_arm,left_tool0,world,-0.100000,0.600000,1.200000,4,center,0.00000000,0.70710678,0.00000000,0.70710678,1,1,success,50.4,,,
left,left_arm,left_tool0,world,-0.100000,0.600000,1.200000,5,yaw+15_pitch0,0.09229596,0.70105738,0.09229596,0.70105738,1,1,success,51.9,,,
left,left_arm,left_tool0,world,-0.100000,0.600000,1.200000,6,yaw-15_pitch+15,-0.07945931,0.78656609,-0.10355339,0.60355339,1,1,success,50.3,,,
left,left_arm,left_tool0,world,-0.100000,0.600000,1.200000,7,yaw0_pitch+15,0.00000000,0.79335334,0.00000000,0.60876143,1,1,success,1.1,,,
left,left_arm,left_tool0,world,-0.100000,0.600000,1.200000,8,yaw+15_pitch+15,0.07945931,0.78656609,0.10355339,0.60355339,1,1,success,50.6,,,
left,left_arm,left_tool0,world,-0.100000,0.600000,1.200000,-1,SUMMARY,,,,,,,,,9,9,1
left,left_arm,left_tool0,world,-0.100000,0.600000,1.400000,0,yaw-15_pitch-15,-0.10355339,0.60355339,-0.07945931,0.78656609,1,1,success,52.0,,,
left,left_arm,left_tool0,world,-0.100000,0.600000,1.400000,1,yaw0_pitch-15,0.00000000,0.60876143,0.00000000,0.79335334,1,1,success,51.3,,,
left,left_arm,left_tool0,world,-0.100000,0.600000,1.400000,2,yaw+15_pitch-15,0.10355339,0.60355339,0.07945931,0.78656609,1,1,success,51.1,,,
left,left_arm,left_tool0,world,-0.100000,0.600000,1.400000,3,yaw-15_pitch0,-0.09229596,0.70105738,-0.09229596,0.70105738,1,1,success,50.2,,,
left,left_arm,left_tool0,world,-0.100000,0.600000,1.400000,4,center,0.00000000,0.70710678,0.00000000,0.70710678,1,1,success,50.6,,,
left,left_arm,left_tool0,world,-0.100000,0.600000,1.400000,5,yaw+15_pitch0,0.09229596,0.70105738,0.09229596,0.70105738,1,1,success,50.7,,,
left,left_arm,left_tool0,world,-0.100000,0.600000,1.400000,6,yaw-15_pitch+15,-0.07945931,0.78656609,-0.10355339,0.60355339,1,1,success,0.4,,,
left,left_arm,left_tool0,world,-0.100000,0.600000,1.400000,7,yaw0_pitch+15,0.00000000,0.79335334,0.00000000,0.60876143,1,1,success,50.6,,,
left,left_arm,left_tool0,world,-0.100000,0.600000,1.400000,8,yaw+15_pitch+15,0.07945931,0.78656609,0.10355339,0.60355339,1,1,success,0.4,,,
left,left_arm,left_tool0,world,-0.100000,0.600000,1.400000,-1,SUMMARY,,,,,,,,,9,9,1
left,left_arm,left_tool0,world,-0.100000,0.800000,0.600000,0,yaw-15_pitch-15,-0.10355339,0.60355339,-0.07945931,0.78656609,1,1,success,50.6,,,
left,left_arm,left_tool0,world,-0.100000,0.800000,0.600000,1,yaw0_pitch-15,0.00000000,0.60876143,0.00000000,0.79335334,1,1,success,50.4,,,
left,left_arm,left_tool0,world,-0.100000,0.800000,0.600000,2,yaw+15_pitch-15,0.10355339,0.60355339,0.07945931,0.78656609,1,1,success,51.8,,,
left,left_arm,left_tool0,world,-0.100000,0.800000,0.600000,3,yaw-15_pitch0,-0.09229596,0.70105738,-0.09229596,0.70105738,1,1,success,50.8,,,
left,left_arm,left_tool0,world,-0.100000,0.800000,0.600000,4,center,0.00000000,0.70710678,0.00000000,0.70710678,1,1,success,50.2,,,
left,left_arm,left_tool0,world,-0.100000,0.800000,0.600000,5,yaw+15_pitch0,0.09229596,0.70105738,0.09229596,0.70105738,1,1,success,52.3,,,
left,left_arm,left_tool0,world,-0.100000,0.800000,0.600000,6,yaw-15_pitch+15,-0.07945931,0.78656609,-0.10355339,0.60355339,1,1,success,51.2,,,
left,left_arm,left_tool0,world,-0.100000,0.800000,0.600000,7,yaw0_pitch+15,0.00000000,0.79335334,0.00000000,0.60876143,1,1,success,50.4,,,
left,left_arm,left_tool0,world,-0.100000,0.800000,0.600000,8,yaw+15_pitch+15,0.07945931,0.78656609,0.10355339,0.60355339,1,1,success,48.0,,,
left,left_arm,left_tool0,world,-0.100000,0.800000,0.600000,-1,SUMMARY,,,,,,,,,9,9,1
left,left_arm,left_tool0,world,-0.100000,0.800000,0.800000,0,yaw-15_pitch-15,-0.10355339,0.60355339,-0.07945931,0.78656609,1,1,success,51.2,,,
left,left_arm,left_tool0,world,-0.100000,0.800000,0.800000,1,yaw0_pitch-15,0.00000000,0.60876143,0.00000000,0.79335334,1,1,success,52.2,,,
left,left_arm,left_tool0,world,-0.100000,0.800000,0.800000,2,yaw+15_pitch-15,0.10355339,0.60355339,0.07945931,0.78656609,1,1,success,51.2,,,
left,left_arm,left_tool0,world,-0.100000,0.800000,0.800000,3,yaw-15_pitch0,-0.09229596,0.70105738,-0.09229596,0.70105738,1,1,success,50.6,,,
left,left_arm,left_tool0,world,-0.100000,0.800000,0.800000,4,center,0.00000000,0.70710678,0.00000000,0.70710678,1,1,success,51.0,,,
left,left_arm,left_tool0,world,-0.100000,0.800000,0.800000,5,yaw+15_pitch0,0.09229596,0.70105738,0.09229596,0.70105738,1,1,success,51.0,,,
left,left_arm,left_tool0,world,-0.100000,0.800000,0.800000,6,yaw-15_pitch+15,-0.07945931,0.78656609,-0.10355339,0.60355339,1,1,success,50.4,,,
left,left_arm,left_tool0,world,-0.100000,0.800000,0.800000,7,yaw0_pitch+15,0.00000000,0.79335334,0.00000000,0.60876143,1,1,success,51.7,,,
left,left_arm,left_tool0,world,-0.100000,0.800000,0.800000,8,yaw+15_pitch+15,0.07945931,0.78656609,0.10355339,0.60355339,1,1,success,51.3,,,
left,left_arm,left_tool0,world,-0.100000,0.800000,0.800000,-1,SUMMARY,,,,,,,,,9,9,1
left,left_arm,left_tool0,world,-0.100000,0.800000,1.000000,0,yaw-15_pitch-15,-0.10355339,0.60355339,-0.07945931,0.78656609,1,1,success,50.4,,,
left,left_arm,left_tool0,world,-0.100000,0.800000,1.000000,1,yaw0_pitch-15,0.00000000,0.60876143,0.00000000,0.79335334,1,1,success,53.1,,,
left,left_arm,left_tool0,world,-0.100000,0.800000,1.000000,2,yaw+15_pitch-15,0.10355339,0.60355339,0.07945931,0.78656609,1,1,success,50.3,,,
left,left_arm,left_tool0,world,-0.100000,0.800000,1.000000,3,yaw-15_pitch0,-0.09229596,0.70105738,-0.09229596,0.70105738,1,1,success,50.5,,,
left,left_arm,left_tool0,world,-0.100000,0.800000,1.000000,4,center,0.00000000,0.70710678,0.00000000,0.70710678,1,1,success,0.8,,,
left,left_arm,left_tool0,world,-0.100000,0.800000,1.000000,5,yaw+15_pitch0,0.09229596,0.70105738,0.09229596,0.70105738,1,1,success,51.0,,,
left,left_arm,left_tool0,world,-0.100000,0.800000,1.000000,6,yaw-15_pitch+15,-0.07945931,0.78656609,-0.10355339,0.60355339,1,1,success,50.2,,,
left,left_arm,left_tool0,world,-0.100000,0.800000,1.000000,7,yaw0_pitch+15,0.00000000,0.79335334,0.00000000,0.60876143,1,1,success,0.5,,,
left,left_arm,left_tool0,world,-0.100000,0.800000,1.000000,8,yaw+15_pitch+15,0.07945931,0.78656609,0.10355339,0.60355339,1,1,success,51.0,,,
left,left_arm,left_tool0,world,-0.100000,0.800000,1.000000,-1,SUMMARY,,,,,,,,,9,9,1
left,left_arm,left_tool0,world,-0.100000,0.800000,1.200000,0,yaw-15_pitch-15,-0.10355339,0.60355339,-0.07945931,0.78656609,1,1,success,51.5,,,
left,left_arm,left_tool0,world,-0.100000,0.800000,1.200000,1,yaw0_pitch-15,0.00000000,0.60876143,0.00000000,0.79335334,1,1,success,50.8,,,
left,left_arm,left_tool0,world,-0.100000,0.800000,1.200000,2,yaw+15_pitch-15,0.10355339,0.60355339,0.07945931,0.78656609,1,1,success,52.1,,,
left,left_arm,left_tool0,world,-0.100000,0.800000,1.200000,3,yaw-15_pitch0,-0.09229596,0.70105738,-0.09229596,0.70105738,1,1,success,50.2,,,
left,left_arm,left_tool0,world,-0.100000,0.800000,1.200000,4,center,0.00000000,0.70710678,0.00000000,0.70710678,1,1,success,50.8,,,
left,left_arm,left_tool0,world,-0.100000,0.800000,1.200000,5,yaw+15_pitch0,0.09229596,0.70105738,0.09229596,0.70105738,1,1,success,52.6,,,
left,left_arm,left_tool0,world,-0.100000,0.800000,1.200000,6,yaw-15_pitch+15,-0.07945931,0.78656609,-0.10355339,0.60355339,1,1,success,50.2,,,
left,left_arm,left_tool0,world,-0.100000,0.800000,1.200000,7,yaw0_pitch+15,0.00000000,0.79335334,0.00000000,0.60876143,1,1,success,50.8,,,
left,left_arm,left_tool0,world,-0.100000,0.800000,1.200000,8,yaw+15_pitch+15,0.07945931,0.78656609,0.10355339,0.60355339,1,1,success,50.9,,,
left,left_arm,left_tool0,world,-0.100000,0.800000,1.200000,-1,SUMMARY,,,,,,,,,9,9,1
left,left_arm,left_tool0,world,-0.100000,0.800000,1.400000,0,yaw-15_pitch-15,-0.10355339,0.60355339,-0.07945931,0.78656609,1,1,success,50.8,,,
left,left_arm,left_tool0,world,-0.100000,0.800000,1.400000,1,yaw0_pitch-15,0.00000000,0.60876143,0.00000000,0.79335334,1,1,success,50.7,,,
left,left_arm,left_tool0,world,-0.100000,0.800000,1.400000,2,yaw+15_pitch-15,0.10355339,0.60355339,0.07945931,0.78656609,1,1,success,50.9,,,
left,left_arm,left_tool0,world,-0.100000,0.800000,1.400000,3,yaw-15_pitch0,-0.09229596,0.70105738,-0.09229596,0.70105738,1,1,success,50.4,,,
left,left_arm,left_tool0,world,-0.100000,0.800000,1.400000,4,center,0.00000000,0.70710678,0.00000000,0.70710678,1,1,success,50.6,,,
left,left_arm,left_tool0,world,-0.100000,0.800000,1.400000,5,yaw+15_pitch0,0.09229596,0.70105738,0.09229596,0.70105738,1,1,success,50.9,,,
left,left_arm,left_tool0,world,-0.100000,0.800000,1.400000,6,yaw-15_pitch+15,-0.07945931,0.78656609,-0.10355339,0.60355339,1,1,success,51.2,,,
left,left_arm,left_tool0,world,-0.100000,0.800000,1.400000,7,yaw0_pitch+15,0.00000000,0.79335334,0.00000000,0.60876143,1,1,success,50.2,,,
left,left_arm,left_tool0,world,-0.100000,0.800000,1.400000,8,yaw+15_pitch+15,0.07945931,0.78656609,0.10355339,0.60355339,1,1,success,50.5,,,
left,left_arm,left_tool0,world,-0.100000,0.800000,1.400000,-1,SUMMARY,,,,,,,,,9,9,1
left,left_arm,left_tool0,world,0.100000,0.000000,0.600000,0,yaw-15_pitch-15,-0.10355339,0.60355339,-0.07945931,0.78656609,1,1,success,51.1,,,
left,left_arm,left_tool0,world,0.100000,0.000000,0.600000,1,yaw0_pitch-15,0.00000000,0.60876143,0.00000000,0.79335334,1,1,success,52.6,,,
left,left_arm,left_tool0,world,0.100000,0.000000,0.600000,2,yaw+15_pitch-15,0.10355339,0.60355339,0.07945931,0.78656609,1,1,success,54.4,,,
left,left_arm,left_tool0,world,0.100000,0.000000,0.600000,3,yaw-15_pitch0,-0.09229596,0.70105738,-0.09229596,0.70105738,1,1,success,50.5,,,
left,left_arm,left_tool0,world,0.100000,0.000000,0.600000,4,center,0.00000000,0.70710678,0.00000000,0.70710678,1,1,success,54.6,,,
left,left_arm,left_tool0,world,0.100000,0.000000,0.600000,5,yaw+15_pitch0,0.09229596,0.70105738,0.09229596,0.70105738,1,1,success,50.3,,,
left,left_arm,left_tool0,world,0.100000,0.000000,0.600000,6,yaw-15_pitch+15,-0.07945931,0.78656609,-0.10355339,0.60355339,1,1,success,53.7,,,
left,left_arm,left_tool0,world,0.100000,0.000000,0.600000,7,yaw0_pitch+15,0.00000000,0.79335334,0.00000000,0.60876143,1,1,success,58.6,,,
left,left_arm,left_tool0,world,0.100000,0.000000,0.600000,8,yaw+15_pitch+15,0.07945931,0.78656609,0.10355339,0.60355339,1,1,success,52.1,,,
left,left_arm,left_tool0,world,0.100000,0.000000,0.600000,-1,SUMMARY,,,,,,,,,9,9,1
left,left_arm,left_tool0,world,0.100000,0.000000,0.800000,0,yaw-15_pitch-15,-0.10355339,0.60355339,-0.07945931,0.78656609,1,1,success,50.4,,,
left,left_arm,left_tool0,world,0.100000,0.000000,0.800000,1,yaw0_pitch-15,0.00000000,0.60876143,0.00000000,0.79335334,1,1,success,52.2,,,
left,left_arm,left_tool0,world,0.100000,0.000000,0.800000,2,yaw+15_pitch-15,0.10355339,0.60355339,0.07945931,0.78656609,1,1,success,50.5,,,
left,left_arm,left_tool0,world,0.100000,0.000000,0.800000,3,yaw-15_pitch0,-0.09229596,0.70105738,-0.09229596,0.70105738,1,1,success,51.7,,,
left,left_arm,left_tool0,world,0.100000,0.000000,0.800000,4,center,0.00000000,0.70710678,0.00000000,0.70710678,1,1,success,50.7,,,
left,left_arm,left_tool0,world,0.100000,0.000000,0.800000,5,yaw+15_pitch0,0.09229596,0.70105738,0.09229596,0.70105738,1,1,success,50.6,,,
left,left_arm,left_tool0,world,0.100000,0.000000,0.800000,6,yaw-15_pitch+15,-0.07945931,0.78656609,-0.10355339,0.60355339,1,1,success,53.2,,,
left,left_arm,left_tool0,world,0.100000,0.000000,0.800000,7,yaw0_pitch+15,0.00000000,0.79335334,0.00000000,0.60876143,1,1,success,51.8,,,
left,left_arm,left_tool0,world,0.100000,0.000000,0.800000,8,yaw+15_pitch+15,0.07945931,0.78656609,0.10355339,0.60355339,1,1,success,53.1,,,
left,left_arm,left_tool0,world,0.100000,0.000000,0.800000,-1,SUMMARY,,,,,,,,,9,9,1
left,left_arm,left_tool0,world,0.100000,0.000000,1.000000,0,yaw-15_pitch-15,-0.10355339,0.60355339,-0.07945931,0.78656609,1,1,success,50.4,,,
left,left_arm,left_tool0,world,0.100000,0.000000,1.000000,1,yaw0_pitch-15,0.00000000,0.60876143,0.00000000,0.79335334,1,1,success,51.1,,,
left,left_arm,left_tool0,world,0.100000,0.000000,1.000000,2,yaw+15_pitch-15,0.10355339,0.60355339,0.07945931,0.78656609,1,1,success,50.7,,,
left,left_arm,left_tool0,world,0.100000,0.000000,1.000000,3,yaw-15_pitch0,-0.09229596,0.70105738,-0.09229596,0.70105738,1,1,success,51.7,,,
left,left_arm,left_tool0,world,0.100000,0.000000,1.000000,4,center,0.00000000,0.70710678,0.00000000,0.70710678,1,1,success,50.9,,,
left,left_arm,left_tool0,world,0.100000,0.000000,1.000000,5,yaw+15_pitch0,0.09229596,0.70105738,0.09229596,0.70105738,1,1,success,51.0,,,
left,left_arm,left_tool0,world,0.100000,0.000000,1.000000,6,yaw-15_pitch+15,-0.07945931,0.78656609,-0.10355339,0.60355339,1,1,success,51.3,,,
left,left_arm,left_tool0,world,0.100000,0.000000,1.000000,7,yaw0_pitch+15,0.00000000,0.79335334,0.00000000,0.60876143,1,1,success,50.9,,,
left,left_arm,left_tool0,world,0.100000,0.000000,1.000000,8,yaw+15_pitch+15,0.07945931,0.78656609,0.10355339,0.60355339,1,1,success,52.5,,,
left,left_arm,left_tool0,world,0.100000,0.000000,1.000000,-1,SUMMARY,,,,,,,,,9,9,1
left,left_arm,left_tool0,world,0.100000,0.000000,1.200000,0,yaw-15_pitch-15,-0.10355339,0.60355339,-0.07945931,0.78656609,1,1,success,52.4,,,
left,left_arm,left_tool0,world,0.100000,0.000000,1.200000,1,yaw0_pitch-15,0.00000000,0.60876143,0.00000000,0.79335334,1,1,success,51.2,,,
left,left_arm,left_tool0,world,0.100000,0.000000,1.200000,2,yaw+15_pitch-15,0.10355339,0.60355339,0.07945931,0.78656609,1,1,success,50.6,,,
left,left_arm,left_tool0,world,0.100000,0.000000,1.200000,3,yaw-15_pitch0,-0.09229596,0.70105738,-0.09229596,0.70105738,1,1,success,50.8,,,
left,left_arm,left_tool0,world,0.100000,0.000000,1.200000,4,center,0.00000000,0.70710678,0.00000000,0.70710678,1,1,success,50.6,,,
left,left_arm,left_tool0,world,0.100000,0.000000,1.200000,5,yaw+15_pitch0,0.09229596,0.70105738,0.09229596,0.70105738,1,1,success,51.6,,,
left,left_arm,left_tool0,world,0.100000,0.000000,1.200000,6,yaw-15_pitch+15,-0.07945931,0.78656609,-0.10355339,0.60355339,1,1,success,50.3,,,
left,left_arm,left_tool0,world,0.100000,0.000000,1.200000,7,yaw0_pitch+15,0.00000000,0.79335334,0.00000000,0.60876143,1,1,success,50.7,,,
left,left_arm,left_tool0,world,0.100000,0.000000,1.200000,8,yaw+15_pitch+15,0.07945931,0.78656609,0.10355339,0.60355339,1,1,success,50.9,,,
left,left_arm,left_tool0,world,0.100000,0.000000,1.200000,-1,SUMMARY,,,,,,,,,9,9,1
left,left_arm,left_tool0,world,0.100000,0.000000,1.400000,0,yaw-15_pitch-15,-0.10355339,0.60355339,-0.07945931,0.78656609,1,1,success,51.4,,,
left,left_arm,left_tool0,world,0.100000,0.000000,1.400000,1,yaw0_pitch-15,0.00000000,0.60876143,0.00000000,0.79335334,1,1,success,51.1,,,
left,left_arm,left_tool0,world,0.100000,0.000000,1.400000,2,yaw+15_pitch-15,0.10355339,0.60355339,0.07945931,0.78656609,1,1,success,51.9,,,
left,left_arm,left_tool0,world,0.100000,0.000000,1.400000,3,yaw-15_pitch0,-0.09229596,0.70105738,-0.09229596,0.70105738,1,1,success,51.4,,,
left,left_arm,left_tool0,world,0.100000,0.000000,1.400000,4,center,0.00000000,0.70710678,0.00000000,0.70710678,1,1,success,51.8,,,
left,left_arm,left_tool0,world,0.100000,0.000000,1.400000,5,yaw+15_pitch0,0.09229596,0.70105738,0.09229596,0.70105738,1,1,success,50.2,,,
left,left_arm,left_tool0,world,0.100000,0.000000,1.400000,6,yaw-15_pitch+15,-0.07945931,0.78656609,-0.10355339,0.60355339,1,1,success,50.7,,,
left,left_arm,left_tool0,world,0.100000,0.000000,1.400000,7,yaw0_pitch+15,0.00000000,0.79335334,0.00000000,0.60876143,1,1,success,50.7,,,
left,left_arm,left_tool0,world,0.100000,0.000000,1.400000,8,yaw+15_pitch+15,0.07945931,0.78656609,0.10355339,0.60355339,1,1,success,51.0,,,
left,left_arm,left_tool0,world,0.100000,0.000000,1.400000,-1,SUMMARY,,,,,,,,,9,9,1
left,left_arm,left_tool0,world,0.100000,0.200000,0.600000,0,yaw-15_pitch-15,-0.10355339,0.60355339,-0.07945931,0.78656609,1,1,success,53.1,,,
left,left_arm,left_tool0,world,0.100000,0.200000,0.600000,1,yaw0_pitch-15,0.00000000,0.60876143,0.00000000,0.79335334,1,1,success,55.5,,,
left,left_arm,left_tool0,world,0.100000,0.200000,0.600000,2,yaw+15_pitch-15,0.10355339,0.60355339,0.07945931,0.78656609,1,1,success,50.8,,,
left,left_arm,left_tool0,world,0.100000,0.200000,0.600000,3,yaw-15_pitch0,-0.09229596,0.70105738,-0.09229596,0.70105738,1,1,success,51.8,,,
left,left_arm,left_tool0,world,0.100000,0.200000,0.600000,4,center,0.00000000,0.70710678,0.00000000,0.70710678,1,1,success,52.9,,,
left,left_arm,left_tool0,world,0.100000,0.200000,0.600000,5,yaw+15_pitch0,0.09229596,0.70105738,0.09229596,0.70105738,1,1,success,50.7,,,
left,left_arm,left_tool0,world,0.100000,0.200000,0.600000,6,yaw-15_pitch+15,-0.07945931,0.78656609,-0.10355339,0.60355339,1,1,success,51.8,,,
left,left_arm,left_tool0,world,0.100000,0.200000,0.600000,7,yaw0_pitch+15,0.00000000,0.79335334,0.00000000,0.60876143,1,1,success,50.9,,,
left,left_arm,left_tool0,world,0.100000,0.200000,0.600000,8,yaw+15_pitch+15,0.07945931,0.78656609,0.10355339,0.60355339,1,1,success,51.5,,,
left,left_arm,left_tool0,world,0.100000,0.200000,0.600000,-1,SUMMARY,,,,,,,,,9,9,1
left,left_arm,left_tool0,world,0.100000,0.200000,0.800000,0,yaw-15_pitch-15,-0.10355339,0.60355339,-0.07945931,0.78656609,1,1,success,50.7,,,
left,left_arm,left_tool0,world,0.100000,0.200000,0.800000,1,yaw0_pitch-15,0.00000000,0.60876143,0.00000000,0.79335334,1,1,success,54.1,,,
left,left_arm,left_tool0,world,0.100000,0.200000,0.800000,2,yaw+15_pitch-15,0.10355339,0.60355339,0.07945931,0.78656609,1,1,success,53.4,,,
left,left_arm,left_tool0,world,0.100000,0.200000,0.800000,3,yaw-15_pitch0,-0.09229596,0.70105738,-0.09229596,0.70105738,1,1,success,53.7,,,
left,left_arm,left_tool0,world,0.100000,0.200000,0.800000,4,center,0.00000000,0.70710678,0.00000000,0.70710678,1,1,success,56.1,,,
left,left_arm,left_tool0,world,0.100000,0.200000,0.800000,5,yaw+15_pitch0,0.09229596,0.70105738,0.09229596,0.70105738,1,1,success,52.1,,,
left,left_arm,left_tool0,world,0.100000,0.200000,0.800000,6,yaw-15_pitch+15,-0.07945931,0.78656609,-0.10355339,0.60355339,1,1,success,51.4,,,
left,left_arm,left_tool0,world,0.100000,0.200000,0.800000,7,yaw0_pitch+15,0.00000000,0.79335334,0.00000000,0.60876143,1,1,success,51.5,,,
left,left_arm,left_tool0,world,0.100000,0.200000,0.800000,8,yaw+15_pitch+15,0.07945931,0.78656609,0.10355339,0.60355339,1,1,success,51.4,,,
left,left_arm,left_tool0,world,0.100000,0.200000,0.800000,-1,SUMMARY,,,,,,,,,9,9,1
left,left_arm,left_tool0,world,0.100000,0.200000,1.000000,0,yaw-15_pitch-15,-0.10355339,0.60355339,-0.07945931,0.78656609,1,1,success,61.0,,,
left,left_arm,left_tool0,world,0.100000,0.200000,1.000000,1,yaw0_pitch-15,0.00000000,0.60876143,0.00000000,0.79335334,1,1,success,50.7,,,
left,left_arm,left_tool0,world,0.100000,0.200000,1.000000,2,yaw+15_pitch-15,0.10355339,0.60355339,0.07945931,0.78656609,1,1,success,51.4,,,
left,left_arm,left_tool0,world,0.100000,0.200000,1.000000,3,yaw-15_pitch0,-0.09229596,0.70105738,-0.09229596,0.70105738,1,1,success,50.6,,,
left,left_arm,left_tool0,world,0.100000,0.200000,1.000000,4,center,0.00000000,0.70710678,0.00000000,0.70710678,1,1,success,53.9,,,
left,left_arm,left_tool0,world,0.100000,0.200000,1.000000,5,yaw+15_pitch0,0.09229596,0.70105738,0.09229596,0.70105738,1,1,success,51.4,,,
left,left_arm,left_tool0,world,0.100000,0.200000,1.000000,6,yaw-15_pitch+15,-0.07945931,0.78656609,-0.10355339,0.60355339,1,1,success,51.5,,,
left,left_arm,left_tool0,world,0.100000,0.200000,1.000000,7,yaw0_pitch+15,0.00000000,0.79335334,0.00000000,0.60876143,1,1,success,50.9,,,
left,left_arm,left_tool0,world,0.100000,0.200000,1.000000,8,yaw+15_pitch+15,0.07945931,0.78656609,0.10355339,0.60355339,1,1,success,51.4,,,
left,left_arm,left_tool0,world,0.100000,0.200000,1.000000,-1,SUMMARY,,,,,,,,,9,9,1
left,left_arm,left_tool0,world,0.100000,0.200000,1.200000,0,yaw-15_pitch-15,-0.10355339,0.60355339,-0.07945931,0.78656609,1,1,success,50.6,,,
left,left_arm,left_tool0,world,0.100000,0.200000,1.200000,1,yaw0_pitch-15,0.00000000,0.60876143,0.00000000,0.79335334,1,1,success,50.7,,,
left,left_arm,left_tool0,world,0.100000,0.200000,1.200000,2,yaw+15_pitch-15,0.10355339,0.60355339,0.07945931,0.78656609,1,1,success,50.2,,,
left,left_arm,left_tool0,world,0.100000,0.200000,1.200000,3,yaw-15_pitch0,-0.09229596,0.70105738,-0.09229596,0.70105738,1,1,success,50.5,,,
left,left_arm,left_tool0,world,0.100000,0.200000,1.200000,4,center,0.00000000,0.70710678,0.00000000,0.70710678,1,1,success,50.5,,,
left,left_arm,left_tool0,world,0.100000,0.200000,1.200000,5,yaw+15_pitch0,0.09229596,0.70105738,0.09229596,0.70105738,1,1,success,51.6,,,
left,left_arm,left_tool0,world,0.100000,0.200000,1.200000,6,yaw-15_pitch+15,-0.07945931,0.78656609,-0.10355339,0.60355339,1,1,success,51.4,,,
left,left_arm,left_tool0,world,0.100000,0.200000,1.200000,7,yaw0_pitch+15,0.00000000,0.79335334,0.00000000,0.60876143,1,1,success,50.6,,,
left,left_arm,left_tool0,world,0.100000,0.200000,1.200000,8,yaw+15_pitch+15,0.07945931,0.78656609,0.10355339,0.60355339,1,1,success,50.9,,,
left,left_arm,left_tool0,world,0.100000,0.200000,1.200000,-1,SUMMARY,,,,,,,,,9,9,1
left,left_arm,left_tool0,world,0.100000,0.200000,1.400000,0,yaw-15_pitch-15,-0.10355339,0.60355339,-0.07945931,0.78656609,1,1,success,50.6,,,
left,left_arm,left_tool0,world,0.100000,0.200000,1.400000,1,yaw0_pitch-15,0.00000000,0.60876143,0.00000000,0.79335334,1,1,success,50.8,,,
left,left_arm,left_tool0,world,0.100000,0.200000,1.400000,2,yaw+15_pitch-15,0.10355339,0.60355339,0.07945931,0.78656609,1,1,success,50.8,,,
left,left_arm,left_tool0,world,0.100000,0.200000,1.400000,3,yaw-15_pitch0,-0.09229596,0.70105738,-0.09229596,0.70105738,1,1,success,51.0,,,
left,left_arm,left_tool0,world,0.100000,0.200000,1.400000,4,center,0.00000000,0.70710678,0.00000000,0.70710678,1,1,success,53.1,,,
left,left_arm,left_tool0,world,0.100000,0.200000,1.400000,5,yaw+15_pitch0,0.09229596,0.70105738,0.09229596,0.70105738,1,1,success,50.4,,,
left,left_arm,left_tool0,world,0.100000,0.200000,1.400000,6,yaw-15_pitch+15,-0.07945931,0.78656609,-0.10355339,0.60355339,1,1,success,50.8,,,
left,left_arm,left_tool0,world,0.100000,0.200000,1.400000,7,yaw0_pitch+15,0.00000000,0.79335334,0.00000000,0.60876143,1,1,success,50.9,,,
left,left_arm,left_tool0,world,0.100000,0.200000,1.400000,8,yaw+15_pitch+15,0.07945931,0.78656609,0.10355339,0.60355339,1,1,success,51.4,,,
left,left_arm,left_tool0,world,0.100000,0.200000,1.400000,-1,SUMMARY,,,,,,,,,9,9,1
left,left_arm,left_tool0,world,0.100000,0.400000,0.600000,0,yaw-15_pitch-15,-0.10355339,0.60355339,-0.07945931,0.78656609,1,1,success,55.5,,,
left,left_arm,left_tool0,world,0.100000,0.400000,0.600000,1,yaw0_pitch-15,0.00000000,0.60876143,0.00000000,0.79335334,1,1,success,51.4,,,
left,left_arm,left_tool0,world,0.100000,0.400000,0.600000,2,yaw+15_pitch-15,0.10355339,0.60355339,0.07945931,0.78656609,1,1,success,50.5,,,
left,left_arm,left_tool0,world,0.100000,0.400000,0.600000,3,yaw-15_pitch0,-0.09229596,0.70105738,-0.09229596,0.70105738,1,1,success,51.8,,,
left,left_arm,left_tool0,world,0.100000,0.400000,0.600000,4,center,0.00000000,0.70710678,0.00000000,0.70710678,1,1,success,57.6,,,
left,left_arm,left_tool0,world,0.100000,0.400000,0.600000,5,yaw+15_pitch0,0.09229596,0.70105738,0.09229596,0.70105738,1,1,success,51.7,,,
left,left_arm,left_tool0,world,0.100000,0.400000,0.600000,6,yaw-15_pitch+15,-0.07945931,0.78656609,-0.10355339,0.60355339,1,1,success,51.7,,,
left,left_arm,left_tool0,world,0.100000,0.400000,0.600000,7,yaw0_pitch+15,0.00000000,0.79335334,0.00000000,0.60876143,1,1,success,53.0,,,
left,left_arm,left_tool0,world,0.100000,0.400000,0.600000,8,yaw+15_pitch+15,0.07945931,0.78656609,0.10355339,0.60355339,1,1,success,59.6,,,
left,left_arm,left_tool0,world,0.100000,0.400000,0.600000,-1,SUMMARY,,,,,,,,,9,9,1
left,left_arm,left_tool0,world,0.100000,0.400000,0.800000,0,yaw-15_pitch-15,-0.10355339,0.60355339,-0.07945931,0.78656609,1,1,success,52.5,,,
left,left_arm,left_tool0,world,0.100000,0.400000,0.800000,1,yaw0_pitch-15,0.00000000,0.60876143,0.00000000,0.79335334,1,1,success,53.8,,,
left,left_arm,left_tool0,world,0.100000,0.400000,0.800000,2,yaw+15_pitch-15,0.10355339,0.60355339,0.07945931,0.78656609,1,1,success,53.5,,,
left,left_arm,left_tool0,world,0.100000,0.400000,0.800000,3,yaw-15_pitch0,-0.09229596,0.70105738,-0.09229596,0.70105738,1,1,success,52.0,,,
left,left_arm,left_tool0,world,0.100000,0.400000,0.800000,4,center,0.00000000,0.70710678,0.00000000,0.70710678,1,1,success,51.6,,,
left,left_arm,left_tool0,world,0.100000,0.400000,0.800000,5,yaw+15_pitch0,0.09229596,0.70105738,0.09229596,0.70105738,1,1,success,52.5,,,
left,left_arm,left_tool0,world,0.100000,0.400000,0.800000,6,yaw-15_pitch+15,-0.07945931,0.78656609,-0.10355339,0.60355339,1,1,success,51.9,,,
left,left_arm,left_tool0,world,0.100000,0.400000,0.800000,7,yaw0_pitch+15,0.00000000,0.79335334,0.00000000,0.60876143,1,1,success,51.9,,,
left,left_arm,left_tool0,world,0.100000,0.400000,0.800000,8,yaw+15_pitch+15,0.07945931,0.78656609,0.10355339,0.60355339,1,1,success,56.0,,,
left,left_arm,left_tool0,world,0.100000,0.400000,0.800000,-1,SUMMARY,,,,,,,,,9,9,1
left,left_arm,left_tool0,world,0.100000,0.400000,1.000000,0,yaw-15_pitch-15,-0.10355339,0.60355339,-0.07945931,0.78656609,1,1,success,51.9,,,
left,left_arm,left_tool0,world,0.100000,0.400000,1.000000,1,yaw0_pitch-15,0.00000000,0.60876143,0.00000000,0.79335334,1,1,success,53.1,,,
left,left_arm,left_tool0,world,0.100000,0.400000,1.000000,2,yaw+15_pitch-15,0.10355339,0.60355339,0.07945931,0.78656609,1,1,success,50.7,,,
left,left_arm,left_tool0,world,0.100000,0.400000,1.000000,3,yaw-15_pitch0,-0.09229596,0.70105738,-0.09229596,0.70105738,1,1,success,50.6,,,
left,left_arm,left_tool0,world,0.100000,0.400000,1.000000,4,center,0.00000000,0.70710678,0.00000000,0.70710678,1,1,success,50.9,,,
left,left_arm,left_tool0,world,0.100000,0.400000,1.000000,5,yaw+15_pitch0,0.09229596,0.70105738,0.09229596,0.70105738,1,1,success,51.3,,,
left,left_arm,left_tool0,world,0.100000,0.400000,1.000000,6,yaw-15_pitch+15,-0.07945931,0.78656609,-0.10355339,0.60355339,1,1,success,50.5,,,
left,left_arm,left_tool0,world,0.100000,0.400000,1.000000,7,yaw0_pitch+15,0.00000000,0.79335334,0.00000000,0.60876143,1,1,success,51.3,,,
left,left_arm,left_tool0,world,0.100000,0.400000,1.000000,8,yaw+15_pitch+15,0.07945931,0.78656609,0.10355339,0.60355339,1,1,success,63.7,,,
left,left_arm,left_tool0,world,0.100000,0.400000,1.000000,-1,SUMMARY,,,,,,,,,9,9,1
left,left_arm,left_tool0,world,0.100000,0.400000,1.200000,0,yaw-15_pitch-15,-0.10355339,0.60355339,-0.07945931,0.78656609,1,1,success,50.4,,,
left,left_arm,left_tool0,world,0.100000,0.400000,1.200000,1,yaw0_pitch-15,0.00000000,0.60876143,0.00000000,0.79335334,1,1,success,50.6,,,
left,left_arm,left_tool0,world,0.100000,0.400000,1.200000,2,yaw+15_pitch-15,0.10355339,0.60355339,0.07945931,0.78656609,1,1,success,51.4,,,
left,left_arm,left_tool0,world,0.100000,0.400000,1.200000,3,yaw-15_pitch0,-0.09229596,0.70105738,-0.09229596,0.70105738,1,1,success,54.8,,,
left,left_arm,left_tool0,world,0.100000,0.400000,1.200000,4,center,0.00000000,0.70710678,0.00000000,0.70710678,1,1,success,53.8,,,
left,left_arm,left_tool0,world,0.100000,0.400000,1.200000,5,yaw+15_pitch0,0.09229596,0.70105738,0.09229596,0.70105738,1,1,success,51.2,,,
left,left_arm,left_tool0,world,0.100000,0.400000,1.200000,6,yaw-15_pitch+15,-0.07945931,0.78656609,-0.10355339,0.60355339,1,1,success,55.0,,,
left,left_arm,left_tool0,world,0.100000,0.400000,1.200000,7,yaw0_pitch+15,0.00000000,0.79335334,0.00000000,0.60876143,1,1,success,53.8,,,
left,left_arm,left_tool0,world,0.100000,0.400000,1.200000,8,yaw+15_pitch+15,0.07945931,0.78656609,0.10355339,0.60355339,1,1,success,56.3,,,
left,left_arm,left_tool0,world,0.100000,0.400000,1.200000,-1,SUMMARY,,,,,,,,,9,9,1
left,left_arm,left_tool0,world,0.100000,0.400000,1.400000,0,yaw-15_pitch-15,-0.10355339,0.60355339,-0.07945931,0.78656609,1,1,success,50.3,,,
left,left_arm,left_tool0,world,0.100000,0.400000,1.400000,1,yaw0_pitch-15,0.00000000,0.60876143,0.00000000,0.79335334,1,1,success,51.3,,,
left,left_arm,left_tool0,world,0.100000,0.400000,1.400000,2,yaw+15_pitch-15,0.10355339,0.60355339,0.07945931,0.78656609,1,1,success,50.5,,,
left,left_arm,left_tool0,world,0.100000,0.400000,1.400000,3,yaw-15_pitch0,-0.09229596,0.70105738,-0.09229596,0.70105738,1,1,success,50.2,,,
left,left_arm,left_tool0,world,0.100000,0.400000,1.400000,4,center,0.00000000,0.70710678,0.00000000,0.70710678,1,1,success,50.8,,,
left,left_arm,left_tool0,world,0.100000,0.400000,1.400000,5,yaw+15_pitch0,0.09229596,0.70105738,0.09229596,0.70105738,1,1,success,50.4,,,
left,left_arm,left_tool0,world,0.100000,0.400000,1.400000,6,yaw-15_pitch+15,-0.07945931,0.78656609,-0.10355339,0.60355339,1,1,success,50.4,,,
left,left_arm,left_tool0,world,0.100000,0.400000,1.400000,7,yaw0_pitch+15,0.00000000,0.79335334,0.00000000,0.60876143,1,1,success,50.9,,,
left,left_arm,left_tool0,world,0.100000,0.400000,1.400000,8,yaw+15_pitch+15,0.07945931,0.78656609,0.10355339,0.60355339,1,1,success,54.6,,,
left,left_arm,left_tool0,world,0.100000,0.400000,1.400000,-1,SUMMARY,,,,,,,,,9,9,1
left,left_arm,left_tool0,world,0.100000,0.600000,0.600000,0,yaw-15_pitch-15,-0.10355339,0.60355339,-0.07945931,0.78656609,1,1,success,51.0,,,
left,left_arm,left_tool0,world,0.100000,0.600000,0.600000,1,yaw0_pitch-15,0.00000000,0.60876143,0.00000000,0.79335334,1,1,success,50.8,,,
left,left_arm,left_tool0,world,0.100000,0.600000,0.600000,2,yaw+15_pitch-15,0.10355339,0.60355339,0.07945931,0.78656609,1,1,success,50.3,,,
left,left_arm,left_tool0,world,0.100000,0.600000,0.600000,3,yaw-15_pitch0,-0.09229596,0.70105738,-0.09229596,0.70105738,1,1,success,52.4,,,
left,left_arm,left_tool0,world,0.100000,0.600000,0.600000,4,center,0.00000000,0.70710678,0.00000000,0.70710678,1,1,success,58.7,,,
left,left_arm,left_tool0,world,0.100000,0.600000,0.600000,5,yaw+15_pitch0,0.09229596,0.70105738,0.09229596,0.70105738,1,1,success,55.2,,,
left,left_arm,left_tool0,world,0.100000,0.600000,0.600000,6,yaw-15_pitch+15,-0.07945931,0.78656609,-0.10355339,0.60355339,1,1,success,50.7,,,
left,left_arm,left_tool0,world,0.100000,0.600000,0.600000,7,yaw0_pitch+15,0.00000000,0.79335334,0.00000000,0.60876143,1,1,success,58.9,,,
left,left_arm,left_tool0,world,0.100000,0.600000,0.600000,8,yaw+15_pitch+15,0.07945931,0.78656609,0.10355339,0.60355339,1,1,success,50.4,,,
left,left_arm,left_tool0,world,0.100000,0.600000,0.600000,-1,SUMMARY,,,,,,,,,9,9,1
left,left_arm,left_tool0,world,0.100000,0.600000,0.800000,0,yaw-15_pitch-15,-0.10355339,0.60355339,-0.07945931,0.78656609,1,1,success,52.9,,,
left,left_arm,left_tool0,world,0.100000,0.600000,0.800000,1,yaw0_pitch-15,0.00000000,0.60876143,0.00000000,0.79335334,1,1,success,50.3,,,
left,left_arm,left_tool0,world,0.100000,0.600000,0.800000,2,yaw+15_pitch-15,0.10355339,0.60355339,0.07945931,0.78656609,1,1,success,51.5,,,
left,left_arm,left_tool0,world,0.100000,0.600000,0.800000,3,yaw-15_pitch0,-0.09229596,0.70105738,-0.09229596,0.70105738,1,1,success,54.6,,,
left,left_arm,left_tool0,world,0.100000,0.600000,0.800000,4,center,0.00000000,0.70710678,0.00000000,0.70710678,1,1,success,50.7,,,
left,left_arm,left_tool0,world,0.100000,0.600000,0.800000,5,yaw+15_pitch0,0.09229596,0.70105738,0.09229596,0.70105738,1,1,success,53.4,,,
left,left_arm,left_tool0,world,0.100000,0.600000,0.800000,6,yaw-15_pitch+15,-0.07945931,0.78656609,-0.10355339,0.60355339,1,1,success,56.4,,,
left,left_arm,left_tool0,world,0.100000,0.600000,0.800000,7,yaw0_pitch+15,0.00000000,0.79335334,0.00000000,0.60876143,1,1,success,53.3,,,
left,left_arm,left_tool0,world,0.100000,0.600000,0.800000,8,yaw+15_pitch+15,0.07945931,0.78656609,0.10355339,0.60355339,1,1,success,54.5,,,
left,left_arm,left_tool0,world,0.100000,0.600000,0.800000,-1,SUMMARY,,,,,,,,,9,9,1
left,left_arm,left_tool0,world,0.100000,0.600000,1.000000,0,yaw-15_pitch-15,-0.10355339,0.60355339,-0.07945931,0.78656609,1,1,success,58.7,,,
left,left_arm,left_tool0,world,0.100000,0.600000,1.000000,1,yaw0_pitch-15,0.00000000,0.60876143,0.00000000,0.79335334,1,1,success,50.4,,,
left,left_arm,left_tool0,world,0.100000,0.600000,1.000000,2,yaw+15_pitch-15,0.10355339,0.60355339,0.07945931,0.78656609,1,1,success,51.3,,,
left,left_arm,left_tool0,world,0.100000,0.600000,1.000000,3,yaw-15_pitch0,-0.09229596,0.70105738,-0.09229596,0.70105738,1,1,success,51.0,,,
left,left_arm,left_tool0,world,0.100000,0.600000,1.000000,4,center,0.00000000,0.70710678,0.00000000,0.70710678,1,1,success,54.0,,,
left,left_arm,left_tool0,world,0.100000,0.600000,1.000000,5,yaw+15_pitch0,0.09229596,0.70105738,0.09229596,0.70105738,1,1,success,52.7,,,
left,left_arm,left_tool0,world,0.100000,0.600000,1.000000,6,yaw-15_pitch+15,-0.07945931,0.78656609,-0.10355339,0.60355339,1,1,success,50.6,,,
left,left_arm,left_tool0,world,0.100000,0.600000,1.000000,7,yaw0_pitch+15,0.00000000,0.79335334,0.00000000,0.60876143,1,1,success,52.1,,,
left,left_arm,left_tool0,world,0.100000,0.600000,1.000000,8,yaw+15_pitch+15,0.07945931,0.78656609,0.10355339,0.60355339,1,1,success,50.8,,,
left,left_arm,left_tool0,world,0.100000,0.600000,1.000000,-1,SUMMARY,,,,,,,,,9,9,1
left,left_arm,left_tool0,world,0.100000,0.600000,1.200000,0,yaw-15_pitch-15,-0.10355339,0.60355339,-0.07945931,0.78656609,1,1,success,50.3,,,
left,left_arm,left_tool0,world,0.100000,0.600000,1.200000,1,yaw0_pitch-15,0.00000000,0.60876143,0.00000000,0.79335334,1,1,success,0.5,,,
left,left_arm,left_tool0,world,0.100000,0.600000,1.200000,2,yaw+15_pitch-15,0.10355339,0.60355339,0.07945931,0.78656609,1,1,success,1.2,,,
left,left_arm,left_tool0,world,0.100000,0.600000,1.200000,3,yaw-15_pitch0,-0.09229596,0.70105738,-0.09229596,0.70105738,1,1,success,53.1,,,
left,left_arm,left_tool0,world,0.100000,0.600000,1.200000,4,center,0.00000000,0.70710678,0.00000000,0.70710678,1,1,success,52.2,,,
left,left_arm,left_tool0,world,0.100000,0.600000,1.200000,5,yaw+15_pitch0,0.09229596,0.70105738,0.09229596,0.70105738,1,1,success,51.0,,,
left,left_arm,left_tool0,world,0.100000,0.600000,1.200000,6,yaw-15_pitch+15,-0.07945931,0.78656609,-0.10355339,0.60355339,1,1,success,51.3,,,
left,left_arm,left_tool0,world,0.100000,0.600000,1.200000,7,yaw0_pitch+15,0.00000000,0.79335334,0.00000000,0.60876143,1,1,success,50.5,,,
left,left_arm,left_tool0,world,0.100000,0.600000,1.200000,8,yaw+15_pitch+15,0.07945931,0.78656609,0.10355339,0.60355339,1,1,success,50.8,,,
left,left_arm,left_tool0,world,0.100000,0.600000,1.200000,-1,SUMMARY,,,,,,,,,9,9,1
left,left_arm,left_tool0,world,0.100000,0.600000,1.400000,0,yaw-15_pitch-15,-0.10355339,0.60355339,-0.07945931,0.78656609,1,1,success,50.3,,,
left,left_arm,left_tool0,world,0.100000,0.600000,1.400000,1,yaw0_pitch-15,0.00000000,0.60876143,0.00000000,0.79335334,1,1,success,51.4,,,
left,left_arm,left_tool0,world,0.100000,0.600000,1.400000,2,yaw+15_pitch-15,0.10355339,0.60355339,0.07945931,0.78656609,1,1,success,51.4,,,
left,left_arm,left_tool0,world,0.100000,0.600000,1.400000,3,yaw-15_pitch0,-0.09229596,0.70105738,-0.09229596,0.70105738,1,1,success,52.0,,,
left,left_arm,left_tool0,world,0.100000,0.600000,1.400000,4,center,0.00000000,0.70710678,0.00000000,0.70710678,1,1,success,50.8,,,
left,left_arm,left_tool0,world,0.100000,0.600000,1.400000,5,yaw+15_pitch0,0.09229596,0.70105738,0.09229596,0.70105738,1,1,success,50.6,,,
left,left_arm,left_tool0,world,0.100000,0.600000,1.400000,6,yaw-15_pitch+15,-0.07945931,0.78656609,-0.10355339,0.60355339,1,1,success,50.0,,,
left,left_arm,left_tool0,world,0.100000,0.600000,1.400000,7,yaw0_pitch+15,0.00000000,0.79335334,0.00000000,0.60876143,1,1,success,50.7,,,
left,left_arm,left_tool0,world,0.100000,0.600000,1.400000,8,yaw+15_pitch+15,0.07945931,0.78656609,0.10355339,0.60355339,1,1,success,50.6,,,
left,left_arm,left_tool0,world,0.100000,0.600000,1.400000,-1,SUMMARY,,,,,,,,,9,9,1
left,left_arm,left_tool0,world,0.100000,0.800000,0.600000,0,yaw-15_pitch-15,-0.10355339,0.60355339,-0.07945931,0.78656609,1,1,success,50.6,,,
left,left_arm,left_tool0,world,0.100000,0.800000,0.600000,1,yaw0_pitch-15,0.00000000,0.60876143,0.00000000,0.79335334,1,1,success,52.1,,,
left,left_arm,left_tool0,world,0.100000,0.800000,0.600000,2,yaw+15_pitch-15,0.10355339,0.60355339,0.07945931,0.78656609,1,1,success,50.3,,,
left,left_arm,left_tool0,world,0.100000,0.800000,0.600000,3,yaw-15_pitch0,-0.09229596,0.70105738,-0.09229596,0.70105738,1,1,success,51.7,,,
left,left_arm,left_tool0,world,0.100000,0.800000,0.600000,4,center,0.00000000,0.70710678,0.00000000,0.70710678,1,1,success,50.2,,,
left,left_arm,left_tool0,world,0.100000,0.800000,0.600000,5,yaw+15_pitch0,0.09229596,0.70105738,0.09229596,0.70105738,1,1,success,2.3,,,
left,left_arm,left_tool0,world,0.100000,0.800000,0.600000,6,yaw-15_pitch+15,-0.07945931,0.78656609,-0.10355339,0.60355339,1,1,success,53.8,,,
left,left_arm,left_tool0,world,0.100000,0.800000,0.600000,7,yaw0_pitch+15,0.00000000,0.79335334,0.00000000,0.60876143,1,1,success,51.2,,,
left,left_arm,left_tool0,world,0.100000,0.800000,0.600000,8,yaw+15_pitch+15,0.07945931,0.78656609,0.10355339,0.60355339,1,1,success,50.4,,,
left,left_arm,left_tool0,world,0.100000,0.800000,0.600000,-1,SUMMARY,,,,,,,,,9,9,1
left,left_arm,left_tool0,world,0.100000,0.800000,0.800000,0,yaw-15_pitch-15,-0.10355339,0.60355339,-0.07945931,0.78656609,1,1,success,50.9,,,
left,left_arm,left_tool0,world,0.100000,0.800000,0.800000,1,yaw0_pitch-15,0.00000000,0.60876143,0.00000000,0.79335334,1,1,success,50.6,,,
left,left_arm,left_tool0,world,0.100000,0.800000,0.800000,2,yaw+15_pitch-15,0.10355339,0.60355339,0.07945931,0.78656609,1,1,success,52.0,,,
left,left_arm,left_tool0,world,0.100000,0.800000,0.800000,3,yaw-15_pitch0,-0.09229596,0.70105738,-0.09229596,0.70105738,1,1,success,50.7,,,
left,left_arm,left_tool0,world,0.100000,0.800000,0.800000,4,center,0.00000000,0.70710678,0.00000000,0.70710678,1,1,success,54.5,,,
left,left_arm,left_tool0,world,0.100000,0.800000,0.800000,5,yaw+15_pitch0,0.09229596,0.70105738,0.09229596,0.70105738,1,1,success,52.4,,,
left,left_arm,left_tool0,world,0.100000,0.800000,0.800000,6,yaw-15_pitch+15,-0.07945931,0.78656609,-0.10355339,0.60355339,1,1,success,50.6,,,
left,left_arm,left_tool0,world,0.100000,0.800000,0.800000,7,yaw0_pitch+15,0.00000000,0.79335334,0.00000000,0.60876143,1,1,success,52.3,,,
left,left_arm,left_tool0,world,0.100000,0.800000,0.800000,8,yaw+15_pitch+15,0.07945931,0.78656609,0.10355339,0.60355339,1,1,success,50.7,,,
left,left_arm,left_tool0,world,0.100000,0.800000,0.800000,-1,SUMMARY,,,,,,,,,9,9,1
left,left_arm,left_tool0,world,0.100000,0.800000,1.000000,0,yaw-15_pitch-15,-0.10355339,0.60355339,-0.07945931,0.78656609,1,1,success,51.6,,,
left,left_arm,left_tool0,world,0.100000,0.800000,1.000000,1,yaw0_pitch-15,0.00000000,0.60876143,0.00000000,0.79335334,1,1,success,50.7,,,
left,left_arm,left_tool0,world,0.100000,0.800000,1.000000,2,yaw+15_pitch-15,0.10355339,0.60355339,0.07945931,0.78656609,1,1,success,50.4,,,
left,left_arm,left_tool0,world,0.100000,0.800000,1.000000,3,yaw-15_pitch0,-0.09229596,0.70105738,-0.09229596,0.70105738,1,1,success,51.2,,,
left,left_arm,left_tool0,world,0.100000,0.800000,1.000000,4,center,0.00000000,0.70710678,0.00000000,0.70710678,1,1,success,50.2,,,
left,left_arm,left_tool0,world,0.100000,0.800000,1.000000,5,yaw+15_pitch0,0.09229596,0.70105738,0.09229596,0.70105738,1,1,success,50.8,,,
left,left_arm,left_tool0,world,0.100000,0.800000,1.000000,6,yaw-15_pitch+15,-0.07945931,0.78656609,-0.10355339,0.60355339,1,1,success,50.5,,,
left,left_arm,left_tool0,world,0.100000,0.800000,1.000000,7,yaw0_pitch+15,0.00000000,0.79335334,0.00000000,0.60876143,1,1,success,51.4,,,
left,left_arm,left_tool0,world,0.100000,0.800000,1.000000,8,yaw+15_pitch+15,0.07945931,0.78656609,0.10355339,0.60355339,1,1,success,52.7,,,
left,left_arm,left_tool0,world,0.100000,0.800000,1.000000,-1,SUMMARY,,,,,,,,,9,9,1
left,left_arm,left_tool0,world,0.100000,0.800000,1.200000,0,yaw-15_pitch-15,-0.10355339,0.60355339,-0.07945931,0.78656609,1,1,success,51.4,,,
left,left_arm,left_tool0,world,0.100000,0.800000,1.200000,1,yaw0_pitch-15,0.00000000,0.60876143,0.00000000,0.79335334,1,1,success,50.4,,,
left,left_arm,left_tool0,world,0.100000,0.800000,1.200000,2,yaw+15_pitch-15,0.10355339,0.60355339,0.07945931,0.78656609,1,1,success,53.8,,,
left,left_arm,left_tool0,world,0.100000,0.800000,1.200000,3,yaw-15_pitch0,-0.09229596,0.70105738,-0.09229596,0.70105738,1,1,success,51.5,,,
left,left_arm,left_tool0,world,0.100000,0.800000,1.200000,4,center,0.00000000,0.70710678,0.00000000,0.70710678,1,1,success,51.3,,,
left,left_arm,left_tool0,world,0.100000,0.800000,1.200000,5,yaw+15_pitch0,0.09229596,0.70105738,0.09229596,0.70105738,1,1,success,51.7,,,
left,left_arm,left_tool0,world,0.100000,0.800000,1.200000,6,yaw-15_pitch+15,-0.07945931,0.78656609,-0.10355339,0.60355339,1,1,success,50.3,,,
left,left_arm,left_tool0,world,0.100000,0.800000,1.200000,7,yaw0_pitch+15,0.00000000,0.79335334,0.00000000,0.60876143,1,1,success,50.8,,,
left,left_arm,left_tool0,world,0.100000,0.800000,1.200000,8,yaw+15_pitch+15,0.07945931,0.78656609,0.10355339,0.60355339,1,1,success,51.0,,,
left,left_arm,left_tool0,world,0.100000,0.800000,1.200000,-1,SUMMARY,,,,,,,,,9,9,1
left,left_arm,left_tool0,world,0.100000,0.800000,1.400000,0,yaw-15_pitch-15,-0.10355339,0.60355339,-0.07945931,0.78656609,1,1,success,51.2,,,
left,left_arm,left_tool0,world,0.100000,0.800000,1.400000,1,yaw0_pitch-15,0.00000000,0.60876143,0.00000000,0.79335334,1,1,success,50.2,,,
left,left_arm,left_tool0,world,0.100000,0.800000,1.400000,2,yaw+15_pitch-15,0.10355339,0.60355339,0.07945931,0.78656609,1,1,success,51.0,,,
left,left_arm,left_tool0,world,0.100000,0.800000,1.400000,3,yaw-15_pitch0,-0.09229596,0.70105738,-0.09229596,0.70105738,1,1,success,50.5,,,
left,left_arm,left_tool0,world,0.100000,0.800000,1.400000,4,center,0.00000000,0.70710678,0.00000000,0.70710678,1,1,success,51.0,,,
left,left_arm,left_tool0,world,0.100000,0.800000,1.400000,5,yaw+15_pitch0,0.09229596,0.70105738,0.09229596,0.70105738,1,1,success,52.5,,,
left,left_arm,left_tool0,world,0.100000,0.800000,1.400000,6,yaw-15_pitch+15,-0.07945931,0.78656609,-0.10355339,0.60355339,1,1,success,50.1,,,
left,left_arm,left_tool0,world,0.100000,0.800000,1.400000,7,yaw0_pitch+15,0.00000000,0.79335334,0.00000000,0.60876143,1,1,success,52.8,,,
left,left_arm,left_tool0,world,0.100000,0.800000,1.400000,8,yaw+15_pitch+15,0.07945931,0.78656609,0.10355339,0.60355339,1,1,success,51.4,,,
left,left_arm,left_tool0,world,0.100000,0.800000,1.400000,-1,SUMMARY,,,,,,,,,9,9,1
left,left_arm,left_tool0,world,0.300000,0.000000,0.600000,0,yaw-15_pitch-15,-0.10355339,0.60355339,-0.07945931,0.78656609,1,1,success,56.0,,,
left,left_arm,left_tool0,world,0.300000,0.000000,0.600000,1,yaw0_pitch-15,0.00000000,0.60876143,0.00000000,0.79335334,1,1,success,50.6,,,
left,left_arm,left_tool0,world,0.300000,0.000000,0.600000,2,yaw+15_pitch-15,0.10355339,0.60355339,0.07945931,0.78656609,1,1,success,54.7,,,
left,left_arm,left_tool0,world,0.300000,0.000000,0.600000,3,yaw-15_pitch0,-0.09229596,0.70105738,-0.09229596,0.70105738,1,1,success,50.7,,,
left,left_arm,left_tool0,world,0.300000,0.000000,0.600000,4,center,0.00000000,0.70710678,0.00000000,0.70710678,1,1,success,54.6,,,
left,left_arm,left_tool0,world,0.300000,0.000000,0.600000,5,yaw+15_pitch0,0.09229596,0.70105738,0.09229596,0.70105738,1,1,success,50.5,,,
left,left_arm,left_tool0,world,0.300000,0.000000,0.600000,6,yaw-15_pitch+15,-0.07945931,0.78656609,-0.10355339,0.60355339,1,1,success,53.6,,,
left,left_arm,left_tool0,world,0.300000,0.000000,0.600000,7,yaw0_pitch+15,0.00000000,0.79335334,0.00000000,0.60876143,1,1,success,50.6,,,
left,left_arm,left_tool0,world,0.300000,0.000000,0.600000,8,yaw+15_pitch+15,0.07945931,0.78656609,0.10355339,0.60355339,1,1,success,54.6,,,
left,left_arm,left_tool0,world,0.300000,0.000000,0.600000,-1,SUMMARY,,,,,,,,,9,9,1
left,left_arm,left_tool0,world,0.300000,0.000000,0.800000,0,yaw-15_pitch-15,-0.10355339,0.60355339,-0.07945931,0.78656609,1,1,success,50.4,,,
left,left_arm,left_tool0,world,0.300000,0.000000,0.800000,1,yaw0_pitch-15,0.00000000,0.60876143,0.00000000,0.79335334,1,1,success,50.7,,,
left,left_arm,left_tool0,world,0.300000,0.000000,0.800000,2,yaw+15_pitch-15,0.10355339,0.60355339,0.07945931,0.78656609,1,1,success,54.7,,,
left,left_arm,left_tool0,world,0.300000,0.000000,0.800000,3,yaw-15_pitch0,-0.09229596,0.70105738,-0.09229596,0.70105738,1,1,success,50.5,,,
left,left_arm,left_tool0,world,0.300000,0.000000,0.800000,4,center,0.00000000,0.70710678,0.00000000,0.70710678,1,1,success,50.9,,,
left,left_arm,left_tool0,world,0.300000,0.000000,0.800000,5,yaw+15_pitch0,0.09229596,0.70105738,0.09229596,0.70105738,1,1,success,50.5,,,
left,left_arm,left_tool0,world,0.300000,0.000000,0.800000,6,yaw-15_pitch+15,-0.07945931,0.78656609,-0.10355339,0.60355339,1,1,success,58.1,,,
left,left_arm,left_tool0,world,0.300000,0.000000,0.800000,7,yaw0_pitch+15,0.00000000,0.79335334,0.00000000,0.60876143,1,1,success,61.3,,,
left,left_arm,left_tool0,world,0.300000,0.000000,0.800000,8,yaw+15_pitch+15,0.07945931,0.78656609,0.10355339,0.60355339,1,1,success,50.6,,,
left,left_arm,left_tool0,world,0.300000,0.000000,0.800000,-1,SUMMARY,,,,,,,,,9,9,1
left,left_arm,left_tool0,world,0.300000,0.000000,1.000000,0,yaw-15_pitch-15,-0.10355339,0.60355339,-0.07945931,0.78656609,1,1,success,53.6,,,
left,left_arm,left_tool0,world,0.300000,0.000000,1.000000,1,yaw0_pitch-15,0.00000000,0.60876143,0.00000000,0.79335334,1,1,success,50.6,,,
left,left_arm,left_tool0,world,0.300000,0.000000,1.000000,2,yaw+15_pitch-15,0.10355339,0.60355339,0.07945931,0.78656609,1,1,success,51.2,,,
left,left_arm,left_tool0,world,0.300000,0.000000,1.000000,3,yaw-15_pitch0,-0.09229596,0.70105738,-0.09229596,0.70105738,1,1,success,57.4,,,
left,left_arm,left_tool0,world,0.300000,0.000000,1.000000,4,center,0.00000000,0.70710678,0.00000000,0.70710678,1,1,success,51.6,,,
left,left_arm,left_tool0,world,0.300000,0.000000,1.000000,5,yaw+15_pitch0,0.09229596,0.70105738,0.09229596,0.70105738,1,1,success,50.4,,,
left,left_arm,left_tool0,world,0.300000,0.000000,1.000000,6,yaw-15_pitch+15,-0.07945931,0.78656609,-0.10355339,0.60355339,1,1,success,51.3,,,
left,left_arm,left_tool0,world,0.300000,0.000000,1.000000,7,yaw0_pitch+15,0.00000000,0.79335334,0.00000000,0.60876143,1,1,success,52.8,,,
left,left_arm,left_tool0,world,0.300000,0.000000,1.000000,8,yaw+15_pitch+15,0.07945931,0.78656609,0.10355339,0.60355339,1,1,success,51.2,,,
left,left_arm,left_tool0,world,0.300000,0.000000,1.000000,-1,SUMMARY,,,,,,,,,9,9,1
left,left_arm,left_tool0,world,0.300000,0.000000,1.200000,0,yaw-15_pitch-15,-0.10355339,0.60355339,-0.07945931,0.78656609,1,1,success,50.7,,,
left,left_arm,left_tool0,world,0.300000,0.000000,1.200000,1,yaw0_pitch-15,0.00000000,0.60876143,0.00000000,0.79335334,1,1,success,54.1,,,
left,left_arm,left_tool0,world,0.300000,0.000000,1.200000,2,yaw+15_pitch-15,0.10355339,0.60355339,0.07945931,0.78656609,1,1,success,52.6,,,
left,left_arm,left_tool0,world,0.300000,0.000000,1.200000,3,yaw-15_pitch0,-0.09229596,0.70105738,-0.09229596,0.70105738,1,1,success,50.6,,,
left,left_arm,left_tool0,world,0.300000,0.000000,1.200000,4,center,0.00000000,0.70710678,0.00000000,0.70710678,1,1,success,50.4,,,
left,left_arm,left_tool0,world,0.300000,0.000000,1.200000,5,yaw+15_pitch0,0.09229596,0.70105738,0.09229596,0.70105738,1,1,success,50.9,,,
left,left_arm,left_tool0,world,0.300000,0.000000,1.200000,6,yaw-15_pitch+15,-0.07945931,0.78656609,-0.10355339,0.60355339,1,1,success,51.4,,,
left,left_arm,left_tool0,world,0.300000,0.000000,1.200000,7,yaw0_pitch+15,0.00000000,0.79335334,0.00000000,0.60876143,1,1,success,50.5,,,
left,left_arm,left_tool0,world,0.300000,0.000000,1.200000,8,yaw+15_pitch+15,0.07945931,0.78656609,0.10355339,0.60355339,1,1,success,50.9,,,
left,left_arm,left_tool0,world,0.300000,0.000000,1.200000,-1,SUMMARY,,,,,,,,,9,9,1
left,left_arm,left_tool0,world,0.300000,0.000000,1.400000,0,yaw-15_pitch-15,-0.10355339,0.60355339,-0.07945931,0.78656609,1,1,success,56.0,,,
left,left_arm,left_tool0,world,0.300000,0.000000,1.400000,1,yaw0_pitch-15,0.00000000,0.60876143,0.00000000,0.79335334,1,1,success,50.9,,,
left,left_arm,left_tool0,world,0.300000,0.000000,1.400000,2,yaw+15_pitch-15,0.10355339,0.60355339,0.07945931,0.78656609,1,1,success,51.8,,,
left,left_arm,left_tool0,world,0.300000,0.000000,1.400000,3,yaw-15_pitch0,-0.09229596,0.70105738,-0.09229596,0.70105738,1,1,success,50.8,,,
left,left_arm,left_tool0,world,0.300000,0.000000,1.400000,4,center,0.00000000,0.70710678,0.00000000,0.70710678,1,1,success,50.9,,,
left,left_arm,left_tool0,world,0.300000,0.000000,1.400000,5,yaw+15_pitch0,0.09229596,0.70105738,0.09229596,0.70105738,1,1,success,51.8,,,
left,left_arm,left_tool0,world,0.300000,0.000000,1.400000,6,yaw-15_pitch+15,-0.07945931,0.78656609,-0.10355339,0.60355339,1,1,success,50.5,,,
left,left_arm,left_tool0,world,0.300000,0.000000,1.400000,7,yaw0_pitch+15,0.00000000,0.79335334,0.00000000,0.60876143,1,1,success,51.7,,,
left,left_arm,left_tool0,world,0.300000,0.000000,1.400000,8,yaw+15_pitch+15,0.07945931,0.78656609,0.10355339,0.60355339,1,1,success,52.1,,,
left,left_arm,left_tool0,world,0.300000,0.000000,1.400000,-1,SUMMARY,,,,,,,,,9,9,1
left,left_arm,left_tool0,world,0.300000,0.200000,0.600000,0,yaw-15_pitch-15,-0.10355339,0.60355339,-0.07945931,0.78656609,1,1,success,57.0,,,
left,left_arm,left_tool0,world,0.300000,0.200000,0.600000,1,yaw0_pitch-15,0.00000000,0.60876143,0.00000000,0.79335334,1,1,success,50.9,,,
left,left_arm,left_tool0,world,0.300000,0.200000,0.600000,2,yaw+15_pitch-15,0.10355339,0.60355339,0.07945931,0.78656609,1,1,success,50.5,,,
left,left_arm,left_tool0,world,0.300000,0.200000,0.600000,3,yaw-15_pitch0,-0.09229596,0.70105738,-0.09229596,0.70105738,1,1,success,51.4,,,
left,left_arm,left_tool0,world,0.300000,0.200000,0.600000,4,center,0.00000000,0.70710678,0.00000000,0.70710678,1,1,success,51.5,,,
left,left_arm,left_tool0,world,0.300000,0.200000,0.600000,5,yaw+15_pitch0,0.09229596,0.70105738,0.09229596,0.70105738,1,1,success,50.7,,,
left,left_arm,left_tool0,world,0.300000,0.200000,0.600000,6,yaw-15_pitch+15,-0.07945931,0.78656609,-0.10355339,0.60355339,1,1,success,51.2,,,
left,left_arm,left_tool0,world,0.300000,0.200000,0.600000,7,yaw0_pitch+15,0.00000000,0.79335334,0.00000000,0.60876143,1,1,success,50.7,,,
left,left_arm,left_tool0,world,0.300000,0.200000,0.600000,8,yaw+15_pitch+15,0.07945931,0.78656609,0.10355339,0.60355339,1,1,success,51.1,,,
left,left_arm,left_tool0,world,0.300000,0.200000,0.600000,-1,SUMMARY,,,,,,,,,9,9,1
left,left_arm,left_tool0,world,0.300000,0.200000,0.800000,0,yaw-15_pitch-15,-0.10355339,0.60355339,-0.07945931,0.78656609,1,1,success,51.2,,,
left,left_arm,left_tool0,world,0.300000,0.200000,0.800000,1,yaw0_pitch-15,0.00000000,0.60876143,0.00000000,0.79335334,1,1,success,50.4,,,
left,left_arm,left_tool0,world,0.300000,0.200000,0.800000,2,yaw+15_pitch-15,0.10355339,0.60355339,0.07945931,0.78656609,1,1,success,50.8,,,
left,left_arm,left_tool0,world,0.300000,0.200000,0.800000,3,yaw-15_pitch0,-0.09229596,0.70105738,-0.09229596,0.70105738,1,1,success,51.1,,,
left,left_arm,left_tool0,world,0.300000,0.200000,0.800000,4,center,0.00000000,0.70710678,0.00000000,0.70710678,1,1,success,50.9,,,
left,left_arm,left_tool0,world,0.300000,0.200000,0.800000,5,yaw+15_pitch0,0.09229596,0.70105738,0.09229596,0.70105738,1,1,success,50.7,,,
left,left_arm,left_tool0,world,0.300000,0.200000,0.800000,6,yaw-15_pitch+15,-0.07945931,0.78656609,-0.10355339,0.60355339,1,1,success,50.8,,,
left,left_arm,left_tool0,world,0.300000,0.200000,0.800000,7,yaw0_pitch+15,0.00000000,0.79335334,0.00000000,0.60876143,1,1,success,54.9,,,
left,left_arm,left_tool0,world,0.300000,0.200000,0.800000,8,yaw+15_pitch+15,0.07945931,0.78656609,0.10355339,0.60355339,1,1,success,50.3,,,
left,left_arm,left_tool0,world,0.300000,0.200000,0.800000,-1,SUMMARY,,,,,,,,,9,9,1
left,left_arm,left_tool0,world,0.300000,0.200000,1.000000,0,yaw-15_pitch-15,-0.10355339,0.60355339,-0.07945931,0.78656609,1,1,success,75.6,,,
left,left_arm,left_tool0,world,0.300000,0.200000,1.000000,1,yaw0_pitch-15,0.00000000,0.60876143,0.00000000,0.79335334,1,1,success,50.4,,,
left,left_arm,left_tool0,world,0.300000,0.200000,1.000000,2,yaw+15_pitch-15,0.10355339,0.60355339,0.07945931,0.78656609,1,1,success,54.5,,,
left,left_arm,left_tool0,world,0.300000,0.200000,1.000000,3,yaw-15_pitch0,-0.09229596,0.70105738,-0.09229596,0.70105738,1,1,success,53.5,,,
left,left_arm,left_tool0,world,0.300000,0.200000,1.000000,4,center,0.00000000,0.70710678,0.00000000,0.70710678,1,1,success,54.5,,,
left,left_arm,left_tool0,world,0.300000,0.200000,1.000000,5,yaw+15_pitch0,0.09229596,0.70105738,0.09229596,0.70105738,1,1,success,50.4,,,
left,left_arm,left_tool0,world,0.300000,0.200000,1.000000,6,yaw-15_pitch+15,-0.07945931,0.78656609,-0.10355339,0.60355339,1,1,success,51.2,,,
left,left_arm,left_tool0,world,0.300000,0.200000,1.000000,7,yaw0_pitch+15,0.00000000,0.79335334,0.00000000,0.60876143,1,1,success,50.6,,,
left,left_arm,left_tool0,world,0.300000,0.200000,1.000000,8,yaw+15_pitch+15,0.07945931,0.78656609,0.10355339,0.60355339,1,1,success,55.5,,,
left,left_arm,left_tool0,world,0.300000,0.200000,1.000000,-1,SUMMARY,,,,,,,,,9,9,1
left,left_arm,left_tool0,world,0.300000,0.200000,1.200000,0,yaw-15_pitch-15,-0.10355339,0.60355339,-0.07945931,0.78656609,1,1,success,53.7,,,
left,left_arm,left_tool0,world,0.300000,0.200000,1.200000,1,yaw0_pitch-15,0.00000000,0.60876143,0.00000000,0.79335334,1,1,success,54.8,,,
left,left_arm,left_tool0,world,0.300000,0.200000,1.200000,2,yaw+15_pitch-15,0.10355339,0.60355339,0.07945931,0.78656609,1,1,success,52.9,,,
left,left_arm,left_tool0,world,0.300000,0.200000,1.200000,3,yaw-15_pitch0,-0.09229596,0.70105738,-0.09229596,0.70105738,1,1,success,52.3,,,
left,left_arm,left_tool0,world,0.300000,0.200000,1.200000,4,center,0.00000000,0.70710678,0.00000000,0.70710678,1,1,success,50.8,,,
left,left_arm,left_tool0,world,0.300000,0.200000,1.200000,5,yaw+15_pitch0,0.09229596,0.70105738,0.09229596,0.70105738,1,1,success,50.3,,,
left,left_arm,left_tool0,world,0.300000,0.200000,1.200000,6,yaw-15_pitch+15,-0.07945931,0.78656609,-0.10355339,0.60355339,1,1,success,55.0,,,
left,left_arm,left_tool0,world,0.300000,0.200000,1.200000,7,yaw0_pitch+15,0.00000000,0.79335334,0.00000000,0.60876143,1,1,success,50.2,,,
left,left_arm,left_tool0,world,0.300000,0.200000,1.200000,8,yaw+15_pitch+15,0.07945931,0.78656609,0.10355339,0.60355339,1,1,success,51.7,,,
left,left_arm,left_tool0,world,0.300000,0.200000,1.200000,-1,SUMMARY,,,,,,,,,9,9,1
left,left_arm,left_tool0,world,0.300000,0.200000,1.400000,0,yaw-15_pitch-15,-0.10355339,0.60355339,-0.07945931,0.78656609,1,1,success,52.3,,,
left,left_arm,left_tool0,world,0.300000,0.200000,1.400000,1,yaw0_pitch-15,0.00000000,0.60876143,0.00000000,0.79335334,1,1,success,54.0,,,
left,left_arm,left_tool0,world,0.300000,0.200000,1.400000,2,yaw+15_pitch-15,0.10355339,0.60355339,0.07945931,0.78656609,1,1,success,50.6,,,
left,left_arm,left_tool0,world,0.300000,0.200000,1.400000,3,yaw-15_pitch0,-0.09229596,0.70105738,-0.09229596,0.70105738,1,1,success,50.4,,,
left,left_arm,left_tool0,world,0.300000,0.200000,1.400000,4,center,0.00000000,0.70710678,0.00000000,0.70710678,1,1,success,69.2,,,
left,left_arm,left_tool0,world,0.300000,0.200000,1.400000,5,yaw+15_pitch0,0.09229596,0.70105738,0.09229596,0.70105738,1,1,success,51.3,,,
left,left_arm,left_tool0,world,0.300000,0.200000,1.400000,6,yaw-15_pitch+15,-0.07945931,0.78656609,-0.10355339,0.60355339,1,1,success,57.1,,,
left,left_arm,left_tool0,world,0.300000,0.200000,1.400000,7,yaw0_pitch+15,0.00000000,0.79335334,0.00000000,0.60876143,1,1,success,50.7,,,
left,left_arm,left_tool0,world,0.300000,0.200000,1.400000,8,yaw+15_pitch+15,0.07945931,0.78656609,0.10355339,0.60355339,1,1,success,57.8,,,
left,left_arm,left_tool0,world,0.300000,0.200000,1.400000,-1,SUMMARY,,,,,,,,,9,9,1
left,left_arm,left_tool0,world,0.300000,0.400000,0.600000,0,yaw-15_pitch-15,-0.10355339,0.60355339,-0.07945931,0.78656609,1,1,success,51.0,,,
left,left_arm,left_tool0,world,0.300000,0.400000,0.600000,1,yaw0_pitch-15,0.00000000,0.60876143,0.00000000,0.79335334,1,1,success,55.1,,,
left,left_arm,left_tool0,world,0.300000,0.400000,0.600000,2,yaw+15_pitch-15,0.10355339,0.60355339,0.07945931,0.78656609,1,1,success,54.2,,,
left,left_arm,left_tool0,world,0.300000,0.400000,0.600000,3,yaw-15_pitch0,-0.09229596,0.70105738,-0.09229596,0.70105738,1,1,success,51.8,,,
left,left_arm,left_tool0,world,0.300000,0.400000,0.600000,4,center,0.00000000,0.70710678,0.00000000,0.70710678,1,1,success,51.1,,,
left,left_arm,left_tool0,world,0.300000,0.400000,0.600000,5,yaw+15_pitch0,0.09229596,0.70105738,0.09229596,0.70105738,1,1,success,51.3,,,
left,left_arm,left_tool0,world,0.300000,0.400000,0.600000,6,yaw-15_pitch+15,-0.07945931,0.78656609,-0.10355339,0.60355339,1,1,success,50.7,,,
left,left_arm,left_tool0,world,0.300000,0.400000,0.600000,7,yaw0_pitch+15,0.00000000,0.79335334,0.00000000,0.60876143,1,1,success,60.1,,,
left,left_arm,left_tool0,world,0.300000,0.400000,0.600000,8,yaw+15_pitch+15,0.07945931,0.78656609,0.10355339,0.60355339,1,1,success,52.3,,,
left,left_arm,left_tool0,world,0.300000,0.400000,0.600000,-1,SUMMARY,,,,,,,,,9,9,1
left,left_arm,left_tool0,world,0.300000,0.400000,0.800000,0,yaw-15_pitch-15,-0.10355339,0.60355339,-0.07945931,0.78656609,1,1,success,54.2,,,
left,left_arm,left_tool0,world,0.300000,0.400000,0.800000,1,yaw0_pitch-15,0.00000000,0.60876143,0.00000000,0.79335334,1,1,success,51.7,,,
left,left_arm,left_tool0,world,0.300000,0.400000,0.800000,2,yaw+15_pitch-15,0.10355339,0.60355339,0.07945931,0.78656609,1,1,success,52.4,,,
left,left_arm,left_tool0,world,0.300000,0.400000,0.800000,3,yaw-15_pitch0,-0.09229596,0.70105738,-0.09229596,0.70105738,1,1,success,53.9,,,
left,left_arm,left_tool0,world,0.300000,0.400000,0.800000,4,center,0.00000000,0.70710678,0.00000000,0.70710678,1,1,success,57.5,,,
left,left_arm,left_tool0,world,0.300000,0.400000,0.800000,5,yaw+15_pitch0,0.09229596,0.70105738,0.09229596,0.70105738,1,1,success,50.6,,,
left,left_arm,left_tool0,world,0.300000,0.400000,0.800000,6,yaw-15_pitch+15,-0.07945931,0.78656609,-0.10355339,0.60355339,1,1,success,53.3,,,
left,left_arm,left_tool0,world,0.300000,0.400000,0.800000,7,yaw0_pitch+15,0.00000000,0.79335334,0.00000000,0.60876143,1,1,success,50.9,,,
left,left_arm,left_tool0,world,0.300000,0.400000,0.800000,8,yaw+15_pitch+15,0.07945931,0.78656609,0.10355339,0.60355339,1,1,success,50.5,,,
left,left_arm,left_tool0,world,0.300000,0.400000,0.800000,-1,SUMMARY,,,,,,,,,9,9,1
left,left_arm,left_tool0,world,0.300000,0.400000,1.000000,0,yaw-15_pitch-15,-0.10355339,0.60355339,-0.07945931,0.78656609,1,1,success,58.2,,,
left,left_arm,left_tool0,world,0.300000,0.400000,1.000000,1,yaw0_pitch-15,0.00000000,0.60876143,0.00000000,0.79335334,1,1,success,51.6,,,
left,left_arm,left_tool0,world,0.300000,0.400000,1.000000,2,yaw+15_pitch-15,0.10355339,0.60355339,0.07945931,0.78656609,1,1,success,51.6,,,
left,left_arm,left_tool0,world,0.300000,0.400000,1.000000,3,yaw-15_pitch0,-0.09229596,0.70105738,-0.09229596,0.70105738,1,1,success,54.1,,,
left,left_arm,left_tool0,world,0.300000,0.400000,1.000000,4,center,0.00000000,0.70710678,0.00000000,0.70710678,1,1,success,55.6,,,
left,left_arm,left_tool0,world,0.300000,0.400000,1.000000,5,yaw+15_pitch0,0.09229596,0.70105738,0.09229596,0.70105738,1,1,success,50.6,,,
left,left_arm,left_tool0,world,0.300000,0.400000,1.000000,6,yaw-15_pitch+15,-0.07945931,0.78656609,-0.10355339,0.60355339,1,1,success,51.4,,,
left,left_arm,left_tool0,world,0.300000,0.400000,1.000000,7,yaw0_pitch+15,0.00000000,0.79335334,0.00000000,0.60876143,1,1,success,53.8,,,
left,left_arm,left_tool0,world,0.300000,0.400000,1.000000,8,yaw+15_pitch+15,0.07945931,0.78656609,0.10355339,0.60355339,1,1,success,51.1,,,
left,left_arm,left_tool0,world,0.300000,0.400000,1.000000,-1,SUMMARY,,,,,,,,,9,9,1
left,left_arm,left_tool0,world,0.300000,0.400000,1.200000,0,yaw-15_pitch-15,-0.10355339,0.60355339,-0.07945931,0.78656609,1,1,success,68.0,,,
left,left_arm,left_tool0,world,0.300000,0.400000,1.200000,1,yaw0_pitch-15,0.00000000,0.60876143,0.00000000,0.79335334,1,1,success,50.4,,,
left,left_arm,left_tool0,world,0.300000,0.400000,1.200000,2,yaw+15_pitch-15,0.10355339,0.60355339,0.07945931,0.78656609,1,1,success,53.8,,,
left,left_arm,left_tool0,world,0.300000,0.400000,1.200000,3,yaw-15_pitch0,-0.09229596,0.70105738,-0.09229596,0.70105738,1,1,success,55.5,,,
left,left_arm,left_tool0,world,0.300000,0.400000,1.200000,4,center,0.00000000,0.70710678,0.00000000,0.70710678,1,1,success,55.9,,,
left,left_arm,left_tool0,world,0.300000,0.400000,1.200000,5,yaw+15_pitch0,0.09229596,0.70105738,0.09229596,0.70105738,1,1,success,50.5,,,
left,left_arm,left_tool0,world,0.300000,0.400000,1.200000,6,yaw-15_pitch+15,-0.07945931,0.78656609,-0.10355339,0.60355339,1,1,success,50.9,,,
left,left_arm,left_tool0,world,0.300000,0.400000,1.200000,7,yaw0_pitch+15,0.00000000,0.79335334,0.00000000,0.60876143,1,1,success,50.7,,,
left,left_arm,left_tool0,world,0.300000,0.400000,1.200000,8,yaw+15_pitch+15,0.07945931,0.78656609,0.10355339,0.60355339,1,1,success,51.1,,,
left,left_arm,left_tool0,world,0.300000,0.400000,1.200000,-1,SUMMARY,,,,,,,,,9,9,1
left,left_arm,left_tool0,world,0.300000,0.400000,1.400000,0,yaw-15_pitch-15,-0.10355339,0.60355339,-0.07945931,0.78656609,1,1,success,54.1,,,
left,left_arm,left_tool0,world,0.300000,0.400000,1.400000,1,yaw0_pitch-15,0.00000000,0.60876143,0.00000000,0.79335334,1,1,success,50.9,,,
left,left_arm,left_tool0,world,0.300000,0.400000,1.400000,2,yaw+15_pitch-15,0.10355339,0.60355339,0.07945931,0.78656609,1,1,success,50.5,,,
left,left_arm,left_tool0,world,0.300000,0.400000,1.400000,3,yaw-15_pitch0,-0.09229596,0.70105738,-0.09229596,0.70105738,1,1,success,54.1,,,
left,left_arm,left_tool0,world,0.300000,0.400000,1.400000,4,center,0.00000000,0.70710678,0.00000000,0.70710678,1,1,success,50.2,,,
left,left_arm,left_tool0,world,0.300000,0.400000,1.400000,5,yaw+15_pitch0,0.09229596,0.70105738,0.09229596,0.70105738,1,1,success,58.8,,,
left,left_arm,left_tool0,world,0.300000,0.400000,1.400000,6,yaw-15_pitch+15,-0.07945931,0.78656609,-0.10355339,0.60355339,1,1,success,50.4,,,
left,left_arm,left_tool0,world,0.300000,0.400000,1.400000,7,yaw0_pitch+15,0.00000000,0.79335334,0.00000000,0.60876143,1,1,success,50.4,,,
left,left_arm,left_tool0,world,0.300000,0.400000,1.400000,8,yaw+15_pitch+15,0.07945931,0.78656609,0.10355339,0.60355339,1,1,success,50.6,,,
left,left_arm,left_tool0,world,0.300000,0.400000,1.400000,-1,SUMMARY,,,,,,,,,9,9,1
left,left_arm,left_tool0,world,0.300000,0.600000,0.600000,0,yaw-15_pitch-15,-0.10355339,0.60355339,-0.07945931,0.78656609,1,1,success,51.6,,,
left,left_arm,left_tool0,world,0.300000,0.600000,0.600000,1,yaw0_pitch-15,0.00000000,0.60876143,0.00000000,0.79335334,1,1,success,51.3,,,
left,left_arm,left_tool0,world,0.300000,0.600000,0.600000,2,yaw+15_pitch-15,0.10355339,0.60355339,0.07945931,0.78656609,1,1,success,51.1,,,
left,left_arm,left_tool0,world,0.300000,0.600000,0.600000,3,yaw-15_pitch0,-0.09229596,0.70105738,-0.09229596,0.70105738,1,1,success,51.2,,,
left,left_arm,left_tool0,world,0.300000,0.600000,0.600000,4,center,0.00000000,0.70710678,0.00000000,0.70710678,1,1,success,50.9,,,
left,left_arm,left_tool0,world,0.300000,0.600000,0.600000,5,yaw+15_pitch0,0.09229596,0.70105738,0.09229596,0.70105738,1,1,success,59.8,,,
left,left_arm,left_tool0,world,0.300000,0.600000,0.600000,6,yaw-15_pitch+15,-0.07945931,0.78656609,-0.10355339,0.60355339,1,1,success,50.5,,,
left,left_arm,left_tool0,world,0.300000,0.600000,0.600000,7,yaw0_pitch+15,0.00000000,0.79335334,0.00000000,0.60876143,1,1,success,50.7,,,
left,left_arm,left_tool0,world,0.300000,0.600000,0.600000,8,yaw+15_pitch+15,0.07945931,0.78656609,0.10355339,0.60355339,1,1,success,54.2,,,
left,left_arm,left_tool0,world,0.300000,0.600000,0.600000,-1,SUMMARY,,,,,,,,,9,9,1
left,left_arm,left_tool0,world,0.300000,0.600000,0.800000,0,yaw-15_pitch-15,-0.10355339,0.60355339,-0.07945931,0.78656609,1,1,success,50.5,,,
left,left_arm,left_tool0,world,0.300000,0.600000,0.800000,1,yaw0_pitch-15,0.00000000,0.60876143,0.00000000,0.79335334,1,1,success,56.5,,,
left,left_arm,left_tool0,world,0.300000,0.600000,0.800000,2,yaw+15_pitch-15,0.10355339,0.60355339,0.07945931,0.78656609,1,1,success,50.7,,,
left,left_arm,left_tool0,world,0.300000,0.600000,0.800000,3,yaw-15_pitch0,-0.09229596,0.70105738,-0.09229596,0.70105738,1,1,success,51.5,,,
left,left_arm,left_tool0,world,0.300000,0.600000,0.800000,4,center,0.00000000,0.70710678,0.00000000,0.70710678,1,1,success,50.4,,,
left,left_arm,left_tool0,world,0.300000,0.600000,0.800000,5,yaw+15_pitch0,0.09229596,0.70105738,0.09229596,0.70105738,1,1,success,58.1,,,
left,left_arm,left_tool0,world,0.300000,0.600000,0.800000,6,yaw-15_pitch+15,-0.07945931,0.78656609,-0.10355339,0.60355339,1,1,success,56.2,,,
left,left_arm,left_tool0,world,0.300000,0.600000,0.800000,7,yaw0_pitch+15,0.00000000,0.79335334,0.00000000,0.60876143,1,1,success,54.3,,,
left,left_arm,left_tool0,world,0.300000,0.600000,0.800000,8,yaw+15_pitch+15,0.07945931,0.78656609,0.10355339,0.60355339,1,1,success,53.0,,,
left,left_arm,left_tool0,world,0.300000,0.600000,0.800000,-1,SUMMARY,,,,,,,,,9,9,1
left,left_arm,left_tool0,world,0.300000,0.600000,1.000000,0,yaw-15_pitch-15,-0.10355339,0.60355339,-0.07945931,0.78656609,1,1,success,50.9,,,
left,left_arm,left_tool0,world,0.300000,0.600000,1.000000,1,yaw0_pitch-15,0.00000000,0.60876143,0.00000000,0.79335334,1,1,success,51.4,,,
left,left_arm,left_tool0,world,0.300000,0.600000,1.000000,2,yaw+15_pitch-15,0.10355339,0.60355339,0.07945931,0.78656609,1,1,success,53.9,,,
left,left_arm,left_tool0,world,0.300000,0.600000,1.000000,3,yaw-15_pitch0,-0.09229596,0.70105738,-0.09229596,0.70105738,1,1,success,51.8,,,
left,left_arm,left_tool0,world,0.300000,0.600000,1.000000,4,center,0.00000000,0.70710678,0.00000000,0.70710678,1,1,success,54.4,,,
left,left_arm,left_tool0,world,0.300000,0.600000,1.000000,5,yaw+15_pitch0,0.09229596,0.70105738,0.09229596,0.70105738,1,1,success,51.8,,,
left,left_arm,left_tool0,world,0.300000,0.600000,1.000000,6,yaw-15_pitch+15,-0.07945931,0.78656609,-0.10355339,0.60355339,1,1,success,50.8,,,
left,left_arm,left_tool0,world,0.300000,0.600000,1.000000,7,yaw0_pitch+15,0.00000000,0.79335334,0.00000000,0.60876143,1,1,success,51.5,,,
left,left_arm,left_tool0,world,0.300000,0.600000,1.000000,8,yaw+15_pitch+15,0.07945931,0.78656609,0.10355339,0.60355339,1,1,success,51.0,,,
left,left_arm,left_tool0,world,0.300000,0.600000,1.000000,-1,SUMMARY,,,,,,,,,9,9,1
left,left_arm,left_tool0,world,0.300000,0.600000,1.200000,0,yaw-15_pitch-15,-0.10355339,0.60355339,-0.07945931,0.78656609,1,1,success,51.0,,,
left,left_arm,left_tool0,world,0.300000,0.600000,1.200000,1,yaw0_pitch-15,0.00000000,0.60876143,0.00000000,0.79335334,1,1,success,50.4,,,
left,left_arm,left_tool0,world,0.300000,0.600000,1.200000,2,yaw+15_pitch-15,0.10355339,0.60355339,0.07945931,0.78656609,1,1,success,50.9,,,
left,left_arm,left_tool0,world,0.300000,0.600000,1.200000,3,yaw-15_pitch0,-0.09229596,0.70105738,-0.09229596,0.70105738,1,1,success,53.8,,,
left,left_arm,left_tool0,world,0.300000,0.600000,1.200000,4,center,0.00000000,0.70710678,0.00000000,0.70710678,1,1,success,50.8,,,
left,left_arm,left_tool0,world,0.300000,0.600000,1.200000,5,yaw+15_pitch0,0.09229596,0.70105738,0.09229596,0.70105738,1,1,success,53.4,,,
left,left_arm,left_tool0,world,0.300000,0.600000,1.200000,6,yaw-15_pitch+15,-0.07945931,0.78656609,-0.10355339,0.60355339,1,1,success,50.4,,,
left,left_arm,left_tool0,world,0.300000,0.600000,1.200000,7,yaw0_pitch+15,0.00000000,0.79335334,0.00000000,0.60876143,1,1,success,50.5,,,
left,left_arm,left_tool0,world,0.300000,0.600000,1.200000,8,yaw+15_pitch+15,0.07945931,0.78656609,0.10355339,0.60355339,1,1,success,53.6,,,
left,left_arm,left_tool0,world,0.300000,0.600000,1.200000,-1,SUMMARY,,,,,,,,,9,9,1
left,left_arm,left_tool0,world,0.300000,0.600000,1.400000,0,yaw-15_pitch-15,-0.10355339,0.60355339,-0.07945931,0.78656609,1,1,success,50.3,,,
left,left_arm,left_tool0,world,0.300000,0.600000,1.400000,1,yaw0_pitch-15,0.00000000,0.60876143,0.00000000,0.79335334,1,1,success,50.9,,,
left,left_arm,left_tool0,world,0.300000,0.600000,1.400000,2,yaw+15_pitch-15,0.10355339,0.60355339,0.07945931,0.78656609,1,1,success,51.6,,,
left,left_arm,left_tool0,world,0.300000,0.600000,1.400000,3,yaw-15_pitch0,-0.09229596,0.70105738,-0.09229596,0.70105738,1,1,success,50.3,,,
left,left_arm,left_tool0,world,0.300000,0.600000,1.400000,4,center,0.00000000,0.70710678,0.00000000,0.70710678,1,1,success,50.6,,,
left,left_arm,left_tool0,world,0.300000,0.600000,1.400000,5,yaw+15_pitch0,0.09229596,0.70105738,0.09229596,0.70105738,1,1,success,50.5,,,
left,left_arm,left_tool0,world,0.300000,0.600000,1.400000,6,yaw-15_pitch+15,-0.07945931,0.78656609,-0.10355339,0.60355339,1,1,success,0.4,,,
left,left_arm,left_tool0,world,0.300000,0.600000,1.400000,7,yaw0_pitch+15,0.00000000,0.79335334,0.00000000,0.60876143,1,1,success,50.4,,,
left,left_arm,left_tool0,world,0.300000,0.600000,1.400000,8,yaw+15_pitch+15,0.07945931,0.78656609,0.10355339,0.60355339,1,1,success,50.6,,,
left,left_arm,left_tool0,world,0.300000,0.600000,1.400000,-1,SUMMARY,,,,,,,,,9,9,1
left,left_arm,left_tool0,world,0.300000,0.800000,0.600000,0,yaw-15_pitch-15,-0.10355339,0.60355339,-0.07945931,0.78656609,1,1,success,50.4,,,
left,left_arm,left_tool0,world,0.300000,0.800000,0.600000,1,yaw0_pitch-15,0.00000000,0.60876143,0.00000000,0.79335334,1,1,success,50.7,,,
left,left_arm,left_tool0,world,0.300000,0.800000,0.600000,2,yaw+15_pitch-15,0.10355339,0.60355339,0.07945931,0.78656609,1,1,success,52.4,,,
left,left_arm,left_tool0,world,0.300000,0.800000,0.600000,3,yaw-15_pitch0,-0.09229596,0.70105738,-0.09229596,0.70105738,1,1,success,50.8,,,
left,left_arm,left_tool0,world,0.300000,0.800000,0.600000,4,center,0.00000000,0.70710678,0.00000000,0.70710678,1,1,success,52.4,,,
left,left_arm,left_tool0,world,0.300000,0.800000,0.600000,5,yaw+15_pitch0,0.09229596,0.70105738,0.09229596,0.70105738,1,1,success,50.5,,,
left,left_arm,left_tool0,world,0.300000,0.800000,0.600000,6,yaw-15_pitch+15,-0.07945931,0.78656609,-0.10355339,0.60355339,1,1,success,50.4,,,
left,left_arm,left_tool0,world,0.300000,0.800000,0.600000,7,yaw0_pitch+15,0.00000000,0.79335334,0.00000000,0.60876143,1,1,success,51.0,,,
left,left_arm,left_tool0,world,0.300000,0.800000,0.600000,8,yaw+15_pitch+15,0.07945931,0.78656609,0.10355339,0.60355339,1,1,success,50.9,,,
left,left_arm,left_tool0,world,0.300000,0.800000,0.600000,-1,SUMMARY,,,,,,,,,9,9,1
left,left_arm,left_tool0,world,0.300000,0.800000,0.800000,0,yaw-15_pitch-15,-0.10355339,0.60355339,-0.07945931,0.78656609,1,1,success,51.1,,,
left,left_arm,left_tool0,world,0.300000,0.800000,0.800000,1,yaw0_pitch-15,0.00000000,0.60876143,0.00000000,0.79335334,1,1,success,52.5,,,
left,left_arm,left_tool0,world,0.300000,0.800000,0.800000,2,yaw+15_pitch-15,0.10355339,0.60355339,0.07945931,0.78656609,1,1,success,52.9,,,
left,left_arm,left_tool0,world,0.300000,0.800000,0.800000,3,yaw-15_pitch0,-0.09229596,0.70105738,-0.09229596,0.70105738,1,1,success,51.6,,,
left,left_arm,left_tool0,world,0.300000,0.800000,0.800000,4,center,0.00000000,0.70710678,0.00000000,0.70710678,1,1,success,52.6,,,
left,left_arm,left_tool0,world,0.300000,0.800000,0.800000,5,yaw+15_pitch0,0.09229596,0.70105738,0.09229596,0.70105738,1,1,success,50.2,,,
left,left_arm,left_tool0,world,0.300000,0.800000,0.800000,6,yaw-15_pitch+15,-0.07945931,0.78656609,-0.10355339,0.60355339,1,1,success,51.0,,,
left,left_arm,left_tool0,world,0.300000,0.800000,0.800000,7,yaw0_pitch+15,0.00000000,0.79335334,0.00000000,0.60876143,1,1,success,51.1,,,
left,left_arm,left_tool0,world,0.300000,0.800000,0.800000,8,yaw+15_pitch+15,0.07945931,0.78656609,0.10355339,0.60355339,1,1,success,51.0,,,
left,left_arm,left_tool0,world,0.300000,0.800000,0.800000,-1,SUMMARY,,,,,,,,,9,9,1
left,left_arm,left_tool0,world,0.300000,0.800000,1.000000,0,yaw-15_pitch-15,-0.10355339,0.60355339,-0.07945931,0.78656609,1,1,success,50.6,,,
left,left_arm,left_tool0,world,0.300000,0.800000,1.000000,1,yaw0_pitch-15,0.00000000,0.60876143,0.00000000,0.79335334,1,1,success,50.8,,,
left,left_arm,left_tool0,world,0.300000,0.800000,1.000000,2,yaw+15_pitch-15,0.10355339,0.60355339,0.07945931,0.78656609,1,1,success,51.1,,,
left,left_arm,left_tool0,world,0.300000,0.800000,1.000000,3,yaw-15_pitch0,-0.09229596,0.70105738,-0.09229596,0.70105738,1,1,success,50.9,,,
left,left_arm,left_tool0,world,0.300000,0.800000,1.000000,4,center,0.00000000,0.70710678,0.00000000,0.70710678,1,1,success,50.5,,,
left,left_arm,left_tool0,world,0.300000,0.800000,1.000000,5,yaw+15_pitch0,0.09229596,0.70105738,0.09229596,0.70105738,1,1,success,50.7,,,
left,left_arm,left_tool0,world,0.300000,0.800000,1.000000,6,yaw-15_pitch+15,-0.07945931,0.78656609,-0.10355339,0.60355339,1,1,success,51.6,,,
left,left_arm,left_tool0,world,0.300000,0.800000,1.000000,7,yaw0_pitch+15,0.00000000,0.79335334,0.00000000,0.60876143,1,1,success,52.1,,,
left,left_arm,left_tool0,world,0.300000,0.800000,1.000000,8,yaw+15_pitch+15,0.07945931,0.78656609,0.10355339,0.60355339,1,1,success,51.0,,,
left,left_arm,left_tool0,world,0.300000,0.800000,1.000000,-1,SUMMARY,,,,,,,,,9,9,1
left,left_arm,left_tool0,world,0.300000,0.800000,1.200000,0,yaw-15_pitch-15,-0.10355339,0.60355339,-0.07945931,0.78656609,1,1,success,50.7,,,
left,left_arm,left_tool0,world,0.300000,0.800000,1.200000,1,yaw0_pitch-15,0.00000000,0.60876143,0.00000000,0.79335334,1,1,success,53.1,,,
left,left_arm,left_tool0,world,0.300000,0.800000,1.200000,2,yaw+15_pitch-15,0.10355339,0.60355339,0.07945931,0.78656609,1,1,success,50.6,,,
left,left_arm,left_tool0,world,0.300000,0.800000,1.200000,3,yaw-15_pitch0,-0.09229596,0.70105738,-0.09229596,0.70105738,1,1,success,50.4,,,
left,left_arm,left_tool0,world,0.300000,0.800000,1.200000,4,center,0.00000000,0.70710678,0.00000000,0.70710678,1,1,success,50.4,,,
left,left_arm,left_tool0,world,0.300000,0.800000,1.200000,5,yaw+15_pitch0,0.09229596,0.70105738,0.09229596,0.70105738,1,1,success,50.6,,,
left,left_arm,left_tool0,world,0.300000,0.800000,1.200000,6,yaw-15_pitch+15,-0.07945931,0.78656609,-0.10355339,0.60355339,1,1,success,0.5,,,
left,left_arm,left_tool0,world,0.300000,0.800000,1.200000,7,yaw0_pitch+15,0.00000000,0.79335334,0.00000000,0.60876143,1,1,success,50.5,,,
left,left_arm,left_tool0,world,0.300000,0.800000,1.200000,8,yaw+15_pitch+15,0.07945931,0.78656609,0.10355339,0.60355339,1,1,success,50.6,,,
left,left_arm,left_tool0,world,0.300000,0.800000,1.200000,-1,SUMMARY,,,,,,,,,9,9,1
left,left_arm,left_tool0,world,0.300000,0.800000,1.400000,0,yaw-15_pitch-15,-0.10355339,0.60355339,-0.07945931,0.78656609,1,1,success,0.6,,,
left,left_arm,left_tool0,world,0.300000,0.800000,1.400000,1,yaw0_pitch-15,0.00000000,0.60876143,0.00000000,0.79335334,1,1,success,0.4,,,
left,left_arm,left_tool0,world,0.300000,0.800000,1.400000,2,yaw+15_pitch-15,0.10355339,0.60355339,0.07945931,0.78656609,1,1,success,50.6,,,
left,left_arm,left_tool0,world,0.300000,0.800000,1.400000,3,yaw-15_pitch0,-0.09229596,0.70105738,-0.09229596,0.70105738,1,1,success,50.5,,,
left,left_arm,left_tool0,world,0.300000,0.800000,1.400000,4,center,0.00000000,0.70710678,0.00000000,0.70710678,1,1,success,50.8,,,
left,left_arm,left_tool0,world,0.300000,0.800000,1.400000,5,yaw+15_pitch0,0.09229596,0.70105738,0.09229596,0.70105738,1,1,success,50.5,,,
left,left_arm,left_tool0,world,0.300000,0.800000,1.400000,6,yaw-15_pitch+15,-0.07945931,0.78656609,-0.10355339,0.60355339,1,1,success,50.5,,,
left,left_arm,left_tool0,world,0.300000,0.800000,1.400000,7,yaw0_pitch+15,0.00000000,0.79335334,0.00000000,0.60876143,1,1,success,50.5,,,
left,left_arm,left_tool0,world,0.300000,0.800000,1.400000,8,yaw+15_pitch+15,0.07945931,0.78656609,0.10355339,0.60355339,1,1,success,50.9,,,
left,left_arm,left_tool0,world,0.300000,0.800000,1.400000,-1,SUMMARY,,,,,,,,,9,9,1
                                                                                                                                                                                                                                                                                                                                                                                                                                                                                                                                                                                                                                                                                                                                                                                                                                                                                                                                                                                                                                                                                                                                                                                                                                                                                                                                                                                                                                                                                                                                                                                                                                                                                                                                                                                                                                                                                                                                                                                                                                                                                                                                                                                                                                                                                                                                                                                                                                                                                                                                                                                                                                                                                                                                                                                                                                                                                                                                                                                                                                                                                                                                                                                                                                                                                                                                                                                                                                                                                                                                                                                                                                                                                                                                                                                                                                                                                                                                                                                                                                                                                                                                                                                                                                                                                                                                                                                                                                                                                                                                                                                                                                                                                                                                                                                                                                                                                                                                                                                                                                                                                                                                                                                                                                                                                                                                                                                                                                                                                                                                                                                                                                                                                                                                                                                                                                                                                                                                                                                                                                                                                                                                                                                                                                                                                                                                                                                                                                                                                                                                                                                                                                                                                                                                                                                                                                                                                                                                                                                                                                                                                                                                                                                                                                                                                                                                                                                                                                                                                                                                                                                                                                                                                                                                                                                                                                                                                                                                                                                                                                                                                                                                                                                                                                                                                                                                                                                                                                                                                                                                                                                                                                                                                                                                                                                                                                                                                                                                                                                                                                                                                                                                                                                                                                                                                                                                                                                                                                                                                                                                                                                                                                                                                                                                                                                                                                                                                                                                                                                                                                                                                                                                                                                                                                                                                                                                                                                                                                                                                                                                                                                                                                                                                                                                                                                                                                                                                                                                                                                                                                                                                                                                                                                                                                                                                                                                                                                                                                                                                                                                                                                                                                                                                                                                                                                                                                                                                                                                                                                                                                                                                                                                                                                                                                                                                                                                                                                                                                                                                                                                                                                                                                                                                                                                                                                                                                                                                                                                                                                                                                                                                                                                                                                                                                                                                                                                                                                                                                                                                                                                                                                                                                                                                                                                                                                                                                                                                                                                                                                                                                                                                                                                                                                                                                                                                                                                                                                                                                                                                                                                                                                                                                                                                                                                                                                                                                                                                                                                                                                                                                                                                                                                                                                                                                                                                                                                                                                                                                                                                                                                                                                                                                                                                                                                                                                                                                                                                                                                                                                                                                                                                                                                                                                                                                                                                                                                                                                                                                                                                                                                                                                                                                                                                                                                                                                                                                                                                                                                                                                                                                                                                                                                                                                                                                                                                                                                                                                                                                                                                                                                                                                                                                                                                                                                                                                                                                                                                                                                                                                                                                                                                                                                                                                                                                                                                                                                                                                                                                                                                                                                                                                                                                                                                                                                                                                                                                                                                                                                                                                                                                                                                                                                                                                                                                                                                                                                                                                                                                                                                                                                                                                                                                                                                                                                                                                                                                                                                                                                                                                                                                                                                                                                                                                                                                                                                                                                                                                                                                                                                                                                                                                                                                                                                                                                                                                                                                                                                                                                                                                                                                                                                                                                                                                                                                                                                                                                                                                                                                                                                                                                                                                                                                                                                                                                                                                                                                                                                                                                                                                                                                                                                                                                                                                                                                                                                                                                                                                                                                                                                                                                                                                                                                                                                                                                                                                                                                                                                                                                                                                                                                                                                                                                                                                                                                                                                                                                                                                                                                                                                                                                                                                                                                                                                                                                                                                                                                                                                                                                                                                                                                                                                                                                                                                                                                                                                                                                                                                                                                                                                                                                                                                                                                                                                                                                                                                                                                                                                                                                                                                                                                                                                                                                                                                                                                                                                                                                                                                                                                                                                                                                                                                                                                                                                                                                                                                                                                                                                                                                                                                                                                                                                                                                                                                                                                                                                                                                                                                                                                                                                                                                                                                                                                                                                                                                                                                                                                                                                                                                                                                                                                                                                                                                                                                                                                                                                                                                                                                                                                                                                                                                                                                                                                                                                                                                                                                                                                                                                                                                                                                                                                                                                                                                                                                                                                                                                                                                                                                                                                                                                                                                                                                                                                                                                                                                                                                                                                                                                                                                                                                                                                                                                                                                                                                                                                                                                                                                                                                                                                                                                                                                                                                                                                                                                                                                                                                                                                                                                                                                                                                                                                                                                                                                                                                                                                                                                                                                                                                                                                                                                                                                                                                                                                                                                                                                                                                                                                                                                                                                                                                                                                                                                                                                                                                                                                                                                                                                                                                                                                                                                                                                                                                                                                                                                                                                                                                                                                                                                                                                                                                                                                                                                                                                                                                                                                                                                                                                                                                                                                                                                                                                                                                                                                                                                                                                                                                                                                                                                                                                                                                                                                                                                                                                                                                                                                                                                                                                                                                                                                                                                                                                                                                                                                                                                                                                                                                                                                                                                                                                                                                                                                                                                                                                                                                                                                                                                                                                                                                                                                                                                                                                                                                                                                                                                                                                                                                                                                                                                                                                                                                                                                                                                                                                                                                                                                                                                                                                                                                                                                                                                                                                                                                                                                                                                                                                                                                                                                                                                                                                                                                                                                                                                                                                                                                                                                                                                                                                                                                                                                                                                                                                                                                                                                                                                                                                                                                                                                                                                                                                                                                                                                                                                                                                                                                                                                                                                                                                                                                                                                                                                                                                                                                                                                                                                                                                                                                                                                                                                                                                                                                                                                                                                                                                                                                                                                                                                                                                                                                                                                                                                                                                                                                                                                                                                                                                                                                                                                                                                                                                                                                                                                                                                                                                                                                                                                                                                                                                                                                                                                                                                                                                                                                                                                                                                                                                                                                                                                                                                                                                                                                                                                                                                                                                                                                                                                                                                                                                                                                                                                                                                                                                                                                                                                                                                                                                                                                                                                                                                                                                                                                                                                                                                                                                                                                                                                                                                                                                                                                                                                                                                                                                                                                                                                                                                                                                                                                                                                                                                                                                                                                                                                                                                                                                                                                                                                                                                                                                                                                                                                                                                                                                                                                                                                                                                                                                                                                                                                                                                                                                                                                                                                                                                                                                                                                                                                                                                                                                                                                                                                                                                                                                                                                                                                                                                                                                                                                                                                                                                                                                                                                                                                                                                                                                                                                                                                                                                                                                                                                                                                                                                                                                                                                                                                                                                                                                                                                                                                                                                                                                                                                                                                                                                                                                                                                                                                                                                                                                                                                                                                                                                                                                                                                                                                                                                                                                                                                                                                                                                                                                                                                                                                                                                                                                                                                                                                                                                                                                                                                                                                                                                                                                                                                                                                                                                                                                                                                                                                                                                                                                                                                                                                                                                                                                                                                                                                                                                                                                                                                                                                                                                                                                                                                                                                                                                                                                                                                                                                                                                                                                                                                                                                                                                                                                                                                                                                                                                                                                                                                                                                                                                                                                                                                                                                                                                                                                                                                                                                                                                                                                                                                                                                                                                                                                                                                                                                                                                                                                                                                                                                                                                                                                                                                                                                                                                                                                                                                                                                                                                                                                                                                                                                                                                                                                                                                                                                                                                                                                                                                                                                                                                                                                                                                                                                                                                                                                                                                                                                                                                                                                                                                                                                                                                                                                                                                                                                                                                                                                                                                                                                                                                                                                                                                                                                                                                                                                                                                                                                                                                                                                                                                                                                                                                                                                                                                                                                                                                                                                                                                                                                                                                                                                                                                                                                                                                                                                                                                                                                                                                                                                                                                                                                                                                                                                                                                                                                                                                                                                                                                                                                                                                                                                                                                                                                                                                                                                                                                                                                                                                                                                                                                                                                                                                                                                                                                                                                                                                                                                                                                                                                                                                                                                                                                                                                                                                                                                                                                                                                                                                                                                                                                                                                                                                                                                                                                                                                                                                                                                                                                                                                                                                                                                                                                                                                                                                                                                                                                                                                                                                                                                                                                                                                                                                                                                                                                                                                                                                                                                                                                                                                                                                                                                                                                                                                                                                                                                                                                                                                                                                                                                                                                                                                                                                                                                                                                                                                                                                                                                                                                                                                                                                                                                                                                                                                                                                                                                                                                                                                                                                                                                                                                                                                                                                                                                                                                                                                                                                                                                                                                                                                                                                                                                                                                                                                                                                                                                                                                                                                                                                                                                                                                                                                                                                                                                                                                                                                                                                                                                                                                                                                                                                                                                                                                                                                                                                                                                                                                                                                                                                                                                                                                                                                                                                                                                                                                                                                                                                                                                                                                                                                                                                                                                                                                                                                                                                                                                                                                                                                                                                                                                                                                                                                                                                                                                                                                                                                                                                                                                                                                                                                                                                                                                                                                                                                                                                                                                                                                                                                                                                                                                                                                                                                                                                                                                                                                                                                                                                                                                                                                                                                                                                                                                                                                                                                                                                                                                                                                                                                                                                                                                                                                                                                                                                                                                                                                                                                                                                                                                                                                                                                                                                                                                                                                                                                                                                                                                                                                                                                                                                                                                                                                                                                                                                                                                                                                                                                                                                                                                                                                                                                                                                                                                                                                                                                                                                                                                                                                                                                                                                                                                                                                                                                                                                                                                                                                                                                                                                                                                                                                                                                                                                                                                                                                                                                                                                                                                                                                                                                                                                                                                                                                                                                                                                                                                                                                                                                                                                                                                                                                                                                                                                                                                                                                                                                                                                                                                                                                                                                                                                                                                                                                                                                                                                                                                                                                                                                                                                                                                                                                                                                                                                                                                                                                                                                                                                                                                                                                                                                                                                                                                                                                                                                                                                                                                                                                                                                                                                                                                                                                                                                                                                                                                                                                                                                                                                                                                                                                                                                                                                                                                                                                                                                                                                                                                                                                                                                                                                                                                                                                                                                                                                                                                                                                                                                                                                                                                                                                                                                                                                                                                                                                                                                                                                                                                                                                                                                                                                                                                                                                                                                                                                                                                                                                                                                                                                                                                                                                                                                                                                                                                                                                                                                                                                                                                                                                                                                                                                                                                                                                                                                                                                                                                                                                                                                                                                                                                                                                                                                                                                                                                                                                                                                                                                                                                                                                                                                                                                                                                                                                                                                                                                                                                                                                                                                                                                                                                                                                                                                                                                                                                                                                                                                                                                                                                                                                                                                                                                                                                                                                                                                                                                                                                                                                                                                                                                                                                                                                                                                                                                                                                                                                                                                                                                                                                                                                                                                                                                                                                                                                                                                                                                                                                                                                                                                                                                                                                                                                                                                                                                                                                                                                                                                                                                                                                                                                                                                                                                                                                                                                                                                                                                                                                                                                                                                                                                                                                                                                                                                                                                                                                                                                                                                                                                                                                                                                                                                                                                                                                                                                                                                                                                                                                                                                                                                                                                                                                                                                                                                                                                                                                                                                                                                                                                                                                                                                                                                                                                                                                                                                                                                                                                                                                                                                                                                                                                                                                                                                                                                                                                                                                                                                                                                                                                                                                                                                                                                                                                                                                                                                                                                                                                                                                                                                                                                                                                                                                                                                                                                                                                                                                                                                                                                                                                                                                                                                                                                                                                                                                                                                                                                                                                                                                                                                                                                                                                                                                                                                                                                                                                                                                                                                                                                                                                                                                                                                                                                                                                                                                                                                                                                                                                                                                                                                                                                                                                                                                                                                                                                                                                                                                                                                                                                                                                                                                                                                                                                                                                                                                                                                                                                                                                                                                                                                                                                                                                                                                                                                                                                                                                                                                                                                                                                                                                                                                                                                                                                                                                                                                                                                                                                                                                                                                                                                                                                                                                                                                                                                                                                                                                                                                                                                                                                                                                                                                                                                                                                                                                                                                                                                                                                                                                                                                                                                                                                                                                                                                                                                                                                                                                                                                                                                                                                                                                                                                                                                                                                                                                                                                                                                                                                                                                                                                                                                                                                                                                                                                                                                                                                                                                                                                                                                                                                                                                                                                                                                                                                                                                                                                                                                                                                                                                                                                                                                                                                                                                                                                                                                                                                                                                                                                                                                                                                                                                                                                                                                                                                                                                                                                                                                                                                                                                                                                                                                                                                                                                                                                                                                                                                                                                                                                                                                                                                                                                                                                                                                                                                                                                                                                                                                                                                                                                                                                                                                                                                                                                                                                                                                                                                                                                                                                                                                                                                                                                                                                                                                                                                                                                                                                                                                                                                                                                                                                                                                                                                                                                                                                                                                                                                                                                                                                                                                                                                                                                                                                                                                                                                                                                                                                                                                                                                                                                                                                                                                                                                                                                                                                                                                                                                                                                                                                                                                                                                                                                                                                                                                                                                                                                                                                                                                                                                                                                                                                                                                                                                                                                                                                                                                                                                                                                                                                                                                                                                                                                                                                                                                                                                                                                                                                                                                                                                                                                                                                                                                                                                                                                                                                                                                                                                                                                                                                                                                                                                                                                                                                                                                                                                                                                                                                                                                                                                                                                                                                                                                                                                                                                                                                                                                                                                                                                                                                                                                                                                                                                                                                                                                                                                                                                                                                                                                                                                                                                                                                                                                                                                                                                                                                                                                                                                                                                                                                                                                                                                                                                                                                                                                                                                                                                                                                                                                                                                                                                                                                                                                                                                                                                                                                                                                                                                                                                                                                                                                                                                                                                                                                                                                                                                                                                                                                                                                                                                                                                                                                                                                                                                                                                                                                                                                                                                                                                                                                                                                                                                                                                                                                                                                                                                                                                                                                                                                                                                                                                                                                                                                                                                                                                                                                                                                                                                                                                                                                                                                                                                                                                                                                                                                                                                                                                                                                                                                                                                                                                                                                                                                                                                                                                                                                                                                                                                                                                                                                                                                                                                                                                                                                                                                                                                                                                                                                                                                                                                                                                                                                                                                                                                                                                                                                                                                                                                                                                                                                                                                                                                                                                                                                                                                                                                                                                                                                                                                                                                                                                                                                                                                                                                                                                                                                                                                                                                                                                                                                                                                                                                                                                                                                                                                                                                                                                                                                                                                                                                                                                                                                                                                                                                                                                                                                                                                                                                                                                                                                                                                                                                                                                                                                                                                                                                                                                                                                                                                                                                                                                                                                                                                                                                                                                                                                                                                                                                                                                                                                                                                                                                                                                                                                                                                                                                                                                                                                                                                                                                                                                                                                                                                                                                                                                                                                                                                                                                                                                                                                                                                                                                                                                                                                                                                                                                                                                                                                                                                                                                                                                                                                                                                                                                                                                                                                                                                                                                                                                                                                                                                                                                                                                                                                                                                                                                                                                                                                                                                                                                                                                                                                                                                                                                                                                                                                                                                                                                                                                                                                                                                                                                                                                                                                                                                                                                                                                                                                                                                                                                                                                                                                                                                                                                                                                                                                                                                                                                                                                                                                                                                                                                                                                                                                                                                                                                                                                                                                                                                                                                                                                                                                                                                                                                                                                                                                                                                                                                                                                                                                                                                                                                                                                                                                                                                                                                                                                                                                                                                                                                                                                                                                                                                                                                                                                                                                                                                                                                                                                                                                                                                                                                                                                                                                                                                                                                                                                                                                                                                                                                                                                                                                                                                                                                                                                                                                                                                                                                                                                                                                                                                                                                                                                                                                                                                                                                                                                                                                                                                                                                                                                                                                                                                                                                                                                                                                                                                                                                                                                                                                                                                                                                                                                                                                                                                                                                                                                                                                                                                                                                                                                                                                                                                                                                                                                                                                                                                                                                                                                                                                                                                                                                                                                                                                                                                                                                                                                                                                                                                                                                                                                                                                                                                                                                                                                                                                                                                                                                                                                                                                                                                                                                                                                                                                                                                                                                                                                                                                                                                                                                                                                                                                                                                                                                                                                                                                                                                                                                                                                                                                                                                                                                                                                                                                                                                                                                                                                                                                                                                                                                                                                                                                                                                                                                                                                                                                                                                                                                                                                                                                                                                                                                                                                                                                                                                                                                                                                                                                                                                                                                                                                                                                                                                                                                                                                                                                                                                                                                                                                                                                                                                                                                                                                                                                                                                                                                                                                                                                                                                                                                                                                                                                                                                                                                                                                                                                                                                                                                                                                                                                                                                                                                                                                                                                                                                                                                                                                                                                                                                                                                                                                                                                                                                                                                                                                                                                                                                                                                                                                                                                                                                                                                                                                                                                                                                                                                                                                                                                                                                                                                                                                                                                                                                                                                                                                                                                                                                                                                                                                                                                                                                                                                                                                                                                                                                                                                                                                                                                                                                                                                                                                                                                                                                                                                                                                                                                                                                                                                                                                                                                                                                                                                                                                                                                                                                                                                                                                                                                                                                                                                                                                                                                                                                                                                                                                                                                                                                                                                                                                                                                                                                                                                                                                                                                                                                                                                                                                                                                                                                                                                                                                                                                                                                                                                                                                                                                                                                                                                                                                                                                                                                                                                                                                                                                                                                                                                                                                                                                                                                                                                                                                                                                                                                                                                                                                                                                                                                                                                                                                                                                                                                                                                                                                                                                                                                                                                                                                                                                                                                                                                                                                                                                                                                                                                                                                                                                                                                                                                                                                                                                                                                                                                                                                                                                                                                                                                                                                                                                                                                                                                                                                                                                                                                                                                                                                                                                                                                                                                                                                                                                                                                                                                                                                                                                                                                                                                                                                                                                                                                                                                                                                                                                                                                                                                                                                                                                                                                                                                                                                                                                                                                                                                                                                                                                                                                                                                                                                                                                                                                                                                                                                                                                                                                                                                                                                                                                                                                                                                                                                                                                                                                                                                                                                                                                                                                                                                                                                                                                                                                                                                                                                                                                                                                                                                                                                                                                                                                                                                                                                                                                                                                                                                                                                                                                                                                                                                                                                                                                                                                                                                                                                                                                                                                                                                                                                                                                                                                                                                                                                                                                                                                                                                                                                                                                                                                                                                                                                                                                                                                                                                                                                                                                                                                                                                                                                                                                                                                                                                                                                                                                                                                                                                                                                                                                                                                                                                                                                                                                                                                                                                                                                                                                                                                                                                                                                                                                                                                                                                                                                                                                                                                                                                                                                                                                                                                                                                                                                                                                                                                                                                                                                                                                                                                                                                                                                                                                                                                                                                                                                                                                                                                                                                                                                                                                                                                                                                                                                                                                                                                                                                                                                                                                                                                                                                                                                                                                                                                                                                                                                                                                                                                                                                                                                                                                                                                                                                                                                                                                                                                                                                                                                                                                                                                                                                                                                                                                                                                                                                                                                                                                                                                                                                                                                                                                                                                                                                                                                                                                                                                                                                                                                                                                                                                                                                                                                                                                                                                                                                                                                                                                                                                                                                                                                                                                                                                                                                                                                                                                                                                                                                                                                                                                                                                                                                                                                                                                                                                                                                                                                                                                                                                                                                                                                                                                                                                                                                                                                                                                                                                                                                                                                                                                                                                                                                                                                                                                                                                                                                                                                                                                                                                                                                                                                                                                                                                                                                                                                                                                                                                                                                                                                                                                                                                                                                                                                                                                                                                                                                                                                                                                                                                                                                                                                                                                                                                                                                                                                                                                                                                                                                                                                                                                                                                                                                                                                                                                                                                                                                                                                                                                                                                                                                                                                                                                                                                                                                                                                                                                                                                                                                                                                                                                                                                                                                                                                                                                                                                                                                                                                                                                                                                                                                                                                                                                                                                                                                                                                                                                                                                                                                                                                                                                                                                                                                                                                                                                                                                                                                                                                                                                                                                                                                                                                                                                                                                                                                                                                                                                                                                                                                                                                                                                                                                                                                                                                                                                                                                                                                                                                                                                                                                                                                                                                                                                                                                                                                                                                                                                                                                                                                                                                                                                                                                                                                                                                                                                                                                                                                                                                                                                                                                                                                                                                                                                                                                                                                                                                                                                                                                                                                                                                                                                                                                                                                                                                                                                                                                                                                                                                                                                                                                                                                                                                                                                                                                                                                                                                                                                                                                                                                                                                                                                                                                                                                                                                                                                                                                                                                                                                                                                                                                                                                                                                                                                                                                                                                                                                                                                                                                                                                                                                                                                                                                                                                                                                                                                                                                                                                                                                                                                                                                                                                                                                                                                                                                                                                                                                                                                                                                                                                                                                                                                                                                                                                                                                                                                                                                                                                                                                                                                                                                                                                                                                                                                                                                                                                                                                                                                                                                                                                                                                                                                                                                                                                                                                                                                                                                                                                                                                                                                                                                                                                                                                                                                                                                                                                                                                                                                                                                                                                                                                                                                                                                                                                                                                                                                                                                                                                                                                                                                                                                                                                                                                                                                                                                                                                                                                                                                                                                                                                                                                                                                                                                                                                                                                                                                                                                                                                                                                                                                                                                                                                                                                                                                                                                                                                                                                                                                                                                                                                                                                                                                                                                                                                                                                                                                                                                                                                                                                                                                                                                                                                                                                                                                                                                                                                                                                                                                                                                                                                                                                                                                                                                                                                                                                                                                                                                                                                                                                                                                                                                                                                                                                                                                                                                                                                                                                                                                                                                                                                                                                                                                                                                                                                                                                                                                                                                                                                                                                                                                                                                                                                                                                                                                                                                                                                                                                                                                                                                                                                                                                                                                                                                                                                                                                                                                                                                                                                                                                                                                                                                                                                                                                                                                                                                                                                                                                                                                                                                                                                                                                                                                                                                                                                                                                                                                                                                                                                                                                                                                                                                                                                                                                                                                                                                                                                                                                                                                                                                                                                                                                                                                                                                                                                                                                                                                                                                                                                                                                                                                                                                                                                                                                                                                                                                                                                                                                                                                                                                                                                                                                                                                                                                                                                                                                                                                                                                                                                                                                                                                                                                                                                                                                                                                                                                                                                                                                                                                                                                                                                                                                                                                                                                                                                                                                                                                                                                                                                                                                                                                                                                                                                                                                                                                                                                                                                                                                                                                                                                                                                                                                                                                                                                                                                                                                                                                                                                                                                                                                                                                                                                                                                                                                                                                                                                                                                                                                                                                                                                                                                                                                                                                                                                                                                                                                                                                                                                                                                                                                                                                                                                                                                                                                                                                                                                                                                                                                                                                                                                                                                                                                                                                                                                                                                                                                                                                                                                                                                                                                                                                                                                                                                                                                                                                                                                                                                                                                                                                                                                                                                                                                                                                                                                                                                                                                                                                                                                                                                                                                                                                                                                                                                                                                                                                                                                                                                                                                                                                                                                                                                                                                                                                                                                                                                                                                                                                                                                                                                                                                                                                                                                                                                                                                                                                                                                                                                                                                                                                                                                                                                                                                                                                                                                                                                                                                                                                                                                                                                                                                                                                                                                                                                                                                                                                                                                                                                                                                                                                                                                                                                                                                                                                                                                                                                                                                                                                                                                                                                                                                                                                                                                                                                                                                                                                                                                                                                                                                                                                                                                                                                                                                                                                                                                                                                                                                                                                                                                                                                                                                                                                                                                                                                                                                                                                                                                                                                                                                                                                                                                                                                                                                                                                                                                                                                                                                                                                                                                                                                                                                                                                                                                                                                                                                                                                                                                                                                                                                                                                                                                                                                                                                                                                                                                                                                                                                                                                                                                                                                                                                                                                                                                                                                                                                                                                                                                                                                                                                                                                                                                                                                                                                                                                                                                                                                                                                                                                                                                                                                                                                                                                                                                                                                                                                                                                                                                                                                                                                                                                                                                                                                                                                                                                                                                                                                                                                                                                                                                                                                                                                                                                                                                                                                                                                                                                                                                                                                                                                                                                                                                                                                                                                                                                                                                                                                                                                                                                                                                                                                                                                                                                                                                                                                                                                                                                                                                                                                                                                                                                                                                                                                                                                                                                                                                                                                                                                                                                                                                                                                                                                                                                                                                                                                                                                                                                                                                                                                                                                                                                                                                                                                                                                                                                                                                                                                                                                                                                                                                                                                                                                                                                                                                                                                                                                                                                                                                                                                                                                                                                                                                                                                                                                                                                                                                                                                                                                                                                                                                                                                                                                                                                                                                                                                                                                                                                                                                                                                                                                                                                                                                                                                                                                                                                                                                                                                                                                                                                                                                                                                                                                                                                                                                                                                                                                                                                                                                                                                                                                                                                                                                                                                                                                                                                                                                                                                                                                                                                                                                                                                                                                                                                                                                                                                                                                                                                                                                                                                                                                                                                                                                                                                                                                                                                                                                                                                                                                                                                                                                                                                                                                                                                                                                                                                                                                                                                                                                                                                                                                                                                                                                                                                                                                                                                                                                                                                                                                                                                                                                                                                                                                                                                                                                                                                                                                                                                                                                                                                                                                                                                                                                                                                                                                                                                                                                                                                                                                                                                                                                                                                                                                                                                                                                                                                                                                                                                                                                                                                                                                                                                                                                                                                                                                                                                                                                                                                                                                                                                                                                                                                                                                                                                                                                                                                                                                                                                                                                                                                                                                                                                                                                                                                                                                                                                                                                                                                                                                                                                                                                                                                                                                                                                                                                                                                                                                                                                                                                                                                                                                                                                                                                                                                                                                                                                                                                                                                                                                                                                                                                                                                                                                                                                                                                                                                                                                                                                                                                                                                                                                                                                                                                                                                                                                                                                                                                                                                                                                                                                                                                                                                                                                                                                                                                                                                                                                                                                                                                                                                                                                                                                                                                                                                                                                                                                                                                                                                                                                                                                                                                                                                                                                                                                                                                                                                                                                                                                                                                                                                                                                                                                                                                                                                                                                                                                                                                                                                                                                                                                                                                                                                                                                                                                                                                                                                                                                                                                                                                                                                                                                                                                                                                                                                                                                                                                                                                                                                                                                                                                                                                                                                                                                                                                                                                                                                                                                                                                                                                                                                                                                                                                                                                                                                                                                                                                                                                                                                                                                                                                                                                                                                                                                                                                                                                                                                                                                                                                                                                                                                                                                                                                                                                                                                                                                                                                                                                                                                                                                                                                                                                                                                                                                                                                                                                                                                                                                                                                                                                                                                                                                                                                                                                                                                                                                                                                                                                                                                                                                                                                                                                                                                                                                                                                                                                                                                                                                                                                                                                                                                                                                                                                                                                                                                                                                                                                                                                                                                                                                                                                                                                                                                                                                                                                                                                                                                                                                                                                                                                                                                                                                                                                                                                                                                                                                                                                                                                                                                                                                                                                                                                                                                                                                                                                                                                                                                                                                                                                                                                                                                                                                                                                                                                                                                                                                                                                                                                                                                                                                                                                                                                                                                                                                                                                                                                                                                                                                                                                                                                                                                                                                                                                                                                                                                                                                                                                                                                                                                                                                                                                                                                                                                                                                                                                                                                                                                                                                                                                                                                                                                                                                                                                                                                                                                                                                                                                                                                                                                                                                                                                                                                                                                                                                                                                                                                                                                                                                                                                                                                                                                                                                                                                                                                                                                                                                                                                                                                                                                                                                                                                                                                                                                                                                                                                                                                                                                                                                                                                                                                                                                                                                                                                                                                                                                                                                                                                                                                                                                                                                                                                                                                                                                                                                                                                                                                                                                                                                                                                                                                                                                                                                                                                                                                                                                                                                                                                                                                                                                                                                                                                                                                                                                                                                                                                                                                                                                                                                                                                                                                                                                                                                                                                                                                                                                                                                                                                                                                                                                                                                                                                                                                                                                                                                                                                                                                                                                                                                                                                                                                                                                                                                                                                                                                                                                                                                                                                                                                                                                                                                                                                                                                                                                                                                                                                                                                                                                                                                                                                                                                                                                                                                                                                                                                                                                                                                                                                                                                                                                                                                                                                                                                                                                                                                                                                                                                                                                                                                                                                                                                                                                                                                                                                                                                                                                                                                                                                                                                                                                                                                                                                                                                                                                                                                                                                                                                                                                                                                                                                                                                                                                                                                                                                                                                                                                                                                                                                                                                                                                                                                                                                                                                                                                                                                                                                                                                                                                                                                                                                                                                                                                                                                                                                                                                                                                                                                                                                                                                                                                                                                                                                                                                                                                                                                                                                                                                                                                                                                                                                                                                                                                                                                                                                                                                                                                                                                                                                                                                                                                                                                                                                                                                                                                                                                                                                                                                                                                                                                                                                                                                                                                                                                                                                                                                                                                                                                                                                                                                                                                                                                                                                                                                                                                                                                                                                                                                                                                                                                                                                                                                                                                                                                                                                                                                                                                                                                                                                                                                                                                                                                                                                                                                                                                                                                                                                                                                                                                                                                                                                                                                                                                                                                                                                                                                                                                                                                                                                                                                                                                                                                                                                                                                                                                                                                                                                                                                                                                                                                                                                                                                                                                                                                                                                                                                                                                                                                                                                                                                                                                                                                                                                                                                                                                                                                                                                                                                                                                                                                                                                                                                                                                                                                                                                                                                                                                                                                                                                                                                                                                                                                                                                                                                                                                                                                                                                                                                                                                                                                                                                                                                                                                                                                                                                                                                                                                                                                                                                                                                                                                                                                                                                                                                                                                                                                                                                                                                                                                                                                                                                                                                                                                                                                                                                                                                                                                                                                                                                                                                                                                                                                                                                                                                                                                                                                                                                                                                                                                                                                                                                                                                                                                                                                                                                                                                                                                                                                                                                                                                                                                                                                                                                                                                                                                                                                                                                                                                                                                                                                                                                                                                                                                                                                                                                                                                                                                                                                                                                                                                                                                                                                                                                                                                                                                                                                                                                                                                                                                                                                                                                                                                                                                                                                                                                                                                                                                                                                                                                                                                                                                                                                                                                                                                                                                                                                                                                                                                                                                                                                                                                                                                                                                                                                                                                                                                                                                                                                                                                                                                                                                                                                                                                                                                                                                                                                                                                                                                                                                                                                                                                                                                                                                                                                                                                                                                                                                                                                                                                                                                                                                                                                                                                                                                                                                                                                                                                                                                                                                                                                                                                                                                                                                                                                                                                                                                                                                                                                                                                                                                                                                                                                                                                                                                                                                                                                                                                                                                                                                                                                                                                                                                                                                                                                                                                                                                                                                                                                                                                                                                                                                                                                                                                                                                                                                                                                                                                                                                                                                                                                                                                                                                                                                                                                                                                                                                                                                                                                                                                                                                                                                                                                                                                                                                                                                                                                                                                                                                                                                                                                                                                                                                                                                                                                                                                                                                                                                                                                                                                                                                                                                                                                                                                                                                                                                                                                                                                                                                                                                                                                                                                                                                                                                                                                                                                                                                                                                                                                                                                                                                                                                                                                                                                                                                                                                                                                                                                                                                                                                                                                                                                                                                                                                                                                                                                                                                                                                                                                                                                                                                                                                                                                                                                                                                                                                                                                                                                                                                                                                                                                                                                                                                                                                                                                                                                                                                                                                                                                                                                                                                                                                                                                                                                                                                                                                                                                                                                                                                                                                                                                                                                                                                                                                                                                                                                                                                                                                                                                                                                                                                                                                                                                                                                                                                                                                                                                                                                                                                                                                                                                                                                                                                                                                                                                                                                                                                                                                                                                                                                                                                                                                                                                                                                                                                                                                                                                                                                                                                                                                                                                                                                                                                                                                                                                                                                                                                                                                                                                                                                                                                                                                                                                                                                                                                                                                                                                                                                                                                                                                                                                                                                                                                                                                                                                                                                                                                                                                                                                                                                                                                                                                                                                                                                                                                                                                                                                                                                                                                                                                                                                                                                                                                                                                                                                                                                                                                                                                                                                                                                                                                                                                                                                                                                                                                                                                                                                                                                                                                                                                                                                                                                                                                                                                                                                                                                                                                                                                                                                                                                                                                                                                                                                                                                                                                                                                                                                                                                                                                                                                                                                                                                                                                                                                                                                                                                                                                                                                                                                                                                                                                                                                                                                                                                                                                                                                                                                                                                                                                                                                                                                                                                                                                                                                                                                                                                                                                                                                                                                                                                                                                                                                                                                                                                                                                                                                                                                                                                                                                                                                                                                                                                                                                                                                                                                                                                                                                                                                                                                                                                                                                                                                                                                                                                                                                                                                                                                                                                                                                                                                                                                                                                                                                                                                                                                                                                                                                                                                                              left,left_arm,left_tool0,world,-1.200000,1.300000,0.700000,0,yaw-15_pitch-15,-0.10355339,0.60355339,-0.07945931,0.78656609,0,-31,ik_failed,50.8,,,
left,left_arm,left_tool0,world,-1.200000,1.300000,0.700000,1,yaw0_pitch-15,0.00000000,0.60876143,0.00000000,0.79335334,0,-31,ik_failed,51.7,,,
left,left_arm,left_tool0,world,-1.200000,1.300000,0.700000,2,yaw+15_pitch-15,0.10355339,0.60355339,0.07945931,0.78656609,0,-31,ik_failed,55.0,,,
left,left_arm,left_tool0,world,-1.200000,1.300000,0.700000,3,yaw-15_pitch0,-0.09229596,0.70105738,-0.09229596,0.70105738,0,-31,ik_failed,53.4,,,
left,left_arm,left_tool0,world,-1.200000,1.300000,0.700000,4,center,0.00000000,0.70710678,0.00000000,0.70710678,0,-31,ik_failed,50.7,,,
left,left_arm,left_tool0,world,-1.200000,1.300000,0.700000,5,yaw+15_pitch0,0.09229596,0.70105738,0.09229596,0.70105738,0,-31,ik_failed,55.1,,,
left,left_arm,left_tool0,world,-1.200000,1.300000,0.700000,6,yaw-15_pitch+15,-0.07945931,0.78656609,-0.10355339,0.60355339,0,-31,ik_failed,52.8,,,
left,left_arm,left_tool0,world,-1.200000,1.300000,0.700000,7,yaw0_pitch+15,0.00000000,0.79335334,0.00000000,0.60876143,0,-31,ik_failed,50.7,,,
left,left_arm,left_tool0,world,-1.200000,1.300000,0.700000,8,yaw+15_pitch+15,0.07945931,0.78656609,0.10355339,0.60355339,0,-31,ik_failed,50.7,,,
left,left_arm,left_tool0,world,-1.200000,1.300000,0.700000,-1,SUMMARY,,,,,,,,,0,9,0
left,left_arm,left_tool0,world,-1.200000,1.300000,0.800000,0,yaw-15_pitch-15,-0.10355339,0.60355339,-0.07945931,0.78656609,0,-31,ik_failed,51.8,,,
left,left_arm,left_tool0,world,-1.200000,1.300000,0.800000,1,yaw0_pitch-15,0.00000000,0.60876143,0.00000000,0.79335334,0,-31,ik_failed,50.7,,,
left,left_arm,left_tool0,world,-1.200000,1.300000,0.800000,2,yaw+15_pitch-15,0.10355339,0.60355339,0.07945931,0.78656609,0,-31,ik_failed,51.6,,,
left,left_arm,left_tool0,world,-1.200000,1.300000,0.800000,3,yaw-15_pitch0,-0.09229596,0.70105738,-0.09229596,0.70105738,0,-31,ik_failed,53.7,,,
left,left_arm,left_tool0,world,-1.200000,1.300000,0.800000,4,center,0.00000000,0.70710678,0.00000000,0.70710678,0,-31,ik_failed,50.8,,,
left,left_arm,left_tool0,world,-1.200000,1.300000,0.800000,5,yaw+15_pitch0,0.09229596,0.70105738,0.09229596,0.70105738,0,-31,ik_failed,51.0,,,
left,left_arm,left_tool0,world,-1.200000,1.300000,0.800000,6,yaw-15_pitch+15,-0.07945931,0.78656609,-0.10355339,0.60355339,0,-31,ik_failed,50.6,,,
left,left_arm,left_tool0,world,-1.200000,1.300000,0.800000,7,yaw0_pitch+15,0.00000000,0.79335334,0.00000000,0.60876143,0,-31,ik_failed,50.7,,,
left,left_arm,left_tool0,world,-1.200000,1.300000,0.800000,8,yaw+15_pitch+15,0.07945931,0.78656609,0.10355339,0.60355339,0,-31,ik_failed,50.6,,,
left,left_arm,left_tool0,world,-1.200000,1.300000,0.800000,-1,SUMMARY,,,,,,,,,0,9,0
left,left_arm,left_tool0,world,-1.200000,1.300000,0.900000,0,yaw-15_pitch-15,-0.10355339,0.60355339,-0.07945931,0.78656609,0,-31,ik_failed,50.7,,,
left,left_arm,left_tool0,world,-1.200000,1.300000,0.900000,1,yaw0_pitch-15,0.00000000,0.60876143,0.00000000,0.79335334,0,-31,ik_failed,50.7,,,
left,left_arm,left_tool0,world,-1.200000,1.300000,0.900000,2,yaw+15_pitch-15,0.10355339,0.60355339,0.07945931,0.78656609,0,-31,ik_failed,50.7,,,
left,left_arm,left_tool0,world,-1.200000,1.300000,0.900000,3,yaw-15_pitch0,-0.09229596,0.70105738,-0.09229596,0.70105738,0,-31,ik_failed,50.8,,,
left,left_arm,left_tool0,world,-1.200000,1.300000,0.900000,4,center,0.00000000,0.70710678,0.00000000,0.70710678,0,-31,ik_failed,50.7,,,
left,left_arm,left_tool0,world,-1.200000,1.300000,0.900000,5,yaw+15_pitch0,0.09229596,0.70105738,0.09229596,0.70105738,0,-31,ik_failed,50.6,,,
left,left_arm,left_tool0,world,-1.200000,1.300000,0.900000,6,yaw-15_pitch+15,-0.07945931,0.78656609,-0.10355339,0.60355339,0,-31,ik_failed,50.7,,,
left,left_arm,left_tool0,world,-1.200000,1.300000,0.900000,7,yaw0_pitch+15,0.00000000,0.79335334,0.00000000,0.60876143,0,-31,ik_failed,50.9,,,
left,left_arm,left_tool0,world,-1.200000,1.300000,0.900000,8,yaw+15_pitch+15,0.07945931,0.78656609,0.10355339,0.60355339,0,-31,ik_failed,51.0,,,
left,left_arm,left_tool0,world,-1.200000,1.300000,0.900000,-1,SUMMARY,,,,,,,,,0,9,0
left,left_arm,left_tool0,world,-1.200000,1.300000,1.000000,0,yaw-15_pitch-15,-0.10355339,0.60355339,-0.07945931,0.78656609,0,-31,ik_failed,50.7,,,
left,left_arm,left_tool0,world,-1.200000,1.300000,1.000000,1,yaw0_pitch-15,0.00000000,0.60876143,0.00000000,0.79335334,0,-31,ik_failed,50.7,,,
left,left_arm,left_tool0,world,-1.200000,1.300000,1.000000,2,yaw+15_pitch-15,0.10355339,0.60355339,0.07945931,0.78656609,0,-31,ik_failed,50.8,,,
left,left_arm,left_tool0,world,-1.200000,1.300000,1.000000,3,yaw-15_pitch0,-0.09229596,0.70105738,-0.09229596,0.70105738,0,-31,ik_failed,50.9,,,
left,left_arm,left_tool0,world,-1.200000,1.300000,1.000000,4,center,0.00000000,0.70710678,0.00000000,0.70710678,0,-31,ik_failed,50.7,,,
left,left_arm,left_tool0,world,-1.200000,1.300000,1.000000,5,yaw+15_pitch0,0.09229596,0.70105738,0.09229596,0.70105738,0,-31,ik_failed,50.8,,,
left,left_arm,left_tool0,world,-1.200000,1.300000,1.000000,6,yaw-15_pitch+15,-0.07945931,0.78656609,-0.10355339,0.60355339,0,-31,ik_failed,50.7,,,
left,left_arm,left_tool0,world,-1.200000,1.300000,1.000000,7,yaw0_pitch+15,0.00000000,0.79335334,0.00000000,0.60876143,0,-31,ik_failed,50.7,,,
left,left_arm,left_tool0,world,-1.200000,1.300000,1.000000,8,yaw+15_pitch+15,0.07945931,0.78656609,0.10355339,0.60355339,0,-31,ik_failed,50.9,,,
left,left_arm,left_tool0,world,-1.200000,1.300000,1.000000,-1,SUMMARY,,,,,,,,,0,9,0
left,left_arm,left_tool0,world,-1.200000,1.300000,1.100000,0,yaw-15_pitch-15,-0.10355339,0.60355339,-0.07945931,0.78656609,0,-31,ik_failed,51.0,,,
left,left_arm,left_tool0,world,-1.200000,1.300000,1.100000,1,yaw0_pitch-15,0.00000000,0.60876143,0.00000000,0.79335334,0,-31,ik_failed,50.7,,,
left,left_arm,left_tool0,world,-1.200000,1.300000,1.100000,2,yaw+15_pitch-15,0.10355339,0.60355339,0.07945931,0.78656609,0,-31,ik_failed,50.7,,,
left,left_arm,left_tool0,world,-1.200000,1.300000,1.100000,3,yaw-15_pitch0,-0.09229596,0.70105738,-0.09229596,0.70105738,0,-31,ik_failed,50.7,,,
left,left_arm,left_tool0,world,-1.200000,1.300000,1.100000,4,center,0.00000000,0.70710678,0.00000000,0.70710678,0,-31,ik_failed,50.6,,,
left,left_arm,left_tool0,world,-1.200000,1.300000,1.100000,5,yaw+15_pitch0,0.09229596,0.70105738,0.09229596,0.70105738,0,-31,ik_failed,50.7,,,
left,left_arm,left_tool0,world,-1.200000,1.300000,1.100000,6,yaw-15_pitch+15,-0.07945931,0.78656609,-0.10355339,0.60355339,0,-31,ik_failed,50.6,,,
left,left_arm,left_tool0,world,-1.200000,1.300000,1.100000,7,yaw0_pitch+15,0.00000000,0.79335334,0.00000000,0.60876143,0,-31,ik_failed,50.7,,,
left,left_arm,left_tool0,world,-1.200000,1.300000,1.100000,8,yaw+15_pitch+15,0.07945931,0.78656609,0.10355339,0.60355339,0,-31,ik_failed,50.7,,,
left,left_arm,left_tool0,world,-1.200000,1.300000,1.100000,-1,SUMMARY,,,,,,,,,0,9,0
left,left_arm,left_tool0,world,-1.200000,1.300000,1.200000,0,yaw-15_pitch-15,-0.10355339,0.60355339,-0.07945931,0.78656609,0,-31,ik_failed,61.7,,,
left,left_arm,left_tool0,world,-1.200000,1.300000,1.200000,1,yaw0_pitch-15,0.00000000,0.60876143,0.00000000,0.79335334,0,-31,ik_failed,57.6,,,
left,left_arm,left_tool0,world,-1.200000,1.300000,1.200000,2,yaw+15_pitch-15,0.10355339,0.60355339,0.07945931,0.78656609,0,-31,ik_failed,50.7,,,
left,left_arm,left_tool0,world,-1.200000,1.300000,1.200000,3,yaw-15_pitch0,-0.09229596,0.70105738,-0.09229596,0.70105738,0,-31,ik_failed,54.0,,,
left,left_arm,left_tool0,world,-1.200000,1.300000,1.200000,4,center,0.00000000,0.70710678,0.00000000,0.70710678,0,-31,ik_failed,50.9,,,
left,left_arm,left_tool0,world,-1.200000,1.300000,1.200000,5,yaw+15_pitch0,0.09229596,0.70105738,0.09229596,0.70105738,0,-31,ik_failed,50.9,,,
left,left_arm,left_tool0,world,-1.200000,1.300000,1.200000,6,yaw-15_pitch+15,-0.07945931,0.78656609,-0.10355339,0.60355339,0,-31,ik_failed,54.5,,,
left,left_arm,left_tool0,world,-1.200000,1.300000,1.200000,7,yaw0_pitch+15,0.00000000,0.79335334,0.00000000,0.60876143,0,-31,ik_failed,54.6,,,
left,left_arm,left_tool0,world,-1.200000,1.300000,1.200000,8,yaw+15_pitch+15,0.07945931,0.78656609,0.10355339,0.60355339,0,-31,ik_failed,53.6,,,
left,left_arm,left_tool0,world,-1.200000,1.300000,1.200000,-1,SUMMARY,,,,,,,,,0,9,0
left,left_arm,left_tool0,world,-1.200000,1.300000,1.300000,0,yaw-15_pitch-15,-0.10355339,0.60355339,-0.07945931,0.78656609,0,-31,ik_failed,51.0,,,
left,left_arm,left_tool0,world,-1.200000,1.300000,1.300000,1,yaw0_pitch-15,0.00000000,0.60876143,0.00000000,0.79335334,0,-31,ik_failed,52.5,,,
left,left_arm,left_tool0,world,-1.200000,1.300000,1.300000,2,yaw+15_pitch-15,0.10355339,0.60355339,0.07945931,0.78656609,0,-31,ik_failed,56.8,,,
left,left_arm,left_tool0,world,-1.200000,1.300000,1.300000,3,yaw-15_pitch0,-0.09229596,0.70105738,-0.09229596,0.70105738,0,-31,ik_failed,50.7,,,
left,left_arm,left_tool0,world,-1.200000,1.300000,1.300000,4,center,0.00000000,0.70710678,0.00000000,0.70710678,0,-31,ik_failed,50.7,,,
left,left_arm,left_tool0,world,-1.200000,1.300000,1.300000,5,yaw+15_pitch0,0.09229596,0.70105738,0.09229596,0.70105738,0,-31,ik_failed,50.7,,,
left,left_arm,left_tool0,world,-1.200000,1.300000,1.300000,6,yaw-15_pitch+15,-0.07945931,0.78656609,-0.10355339,0.60355339,0,-31,ik_failed,51.5,,,
left,left_arm,left_tool0,world,-1.200000,1.300000,1.300000,7,yaw0_pitch+15,0.00000000,0.79335334,0.00000000,0.60876143,0,-31,ik_failed,50.8,,,
left,left_arm,left_tool0,world,-1.200000,1.300000,1.300000,8,yaw+15_pitch+15,0.07945931,0.78656609,0.10355339,0.60355339,0,-31,ik_failed,62.1,,,
left,left_arm,left_tool0,world,-1.200000,1.300000,1.300000,-1,SUMMARY,,,,,,,,,0,9,0
left,left_arm,left_tool0,world,-1.200000,1.300000,1.400000,0,yaw-15_pitch-15,-0.10355339,0.60355339,-0.07945931,0.78656609,0,-31,ik_failed,50.8,,,
left,left_arm,left_tool0,world,-1.200000,1.300000,1.400000,1,yaw0_pitch-15,0.00000000,0.60876143,0.00000000,0.79335334,0,-31,ik_failed,50.7,,,
left,left_arm,left_tool0,world,-1.200000,1.300000,1.400000,2,yaw+15_pitch-15,0.10355339,0.60355339,0.07945931,0.78656609,0,-31,ik_failed,50.6,,,
left,left_arm,left_tool0,world,-1.200000,1.300000,1.400000,3,yaw-15_pitch0,-0.09229596,0.70105738,-0.09229596,0.70105738,0,-31,ik_failed,50.6,,,
left,left_arm,left_tool0,world,-1.200000,1.300000,1.400000,4,center,0.00000000,0.70710678,0.00000000,0.70710678,0,-31,ik_failed,50.7,,,
left,left_arm,left_tool0,world,-1.200000,1.300000,1.400000,5,yaw+15_pitch0,0.09229596,0.70105738,0.09229596,0.70105738,0,-31,ik_failed,50.7,,,
left,left_arm,left_tool0,world,-1.200000,1.300000,1.400000,6,yaw-15_pitch+15,-0.07945931,0.78656609,-0.10355339,0.60355339,0,-31,ik_failed,50.8,,,
left,left_arm,left_tool0,world,-1.200000,1.300000,1.400000,7,yaw0_pitch+15,0.00000000,0.79335334,0.00000000,0.60876143,0,-31,ik_failed,50.5,,,
left,left_arm,left_tool0,world,-1.200000,1.300000,1.400000,8,yaw+15_pitch+15,0.07945931,0.78656609,0.10355339,0.60355339,0,-31,ik_failed,50.7,,,
left,left_arm,left_tool0,world,-1.200000,1.300000,1.400000,-1,SUMMARY,,,,,,,,,0,9,0
left,left_arm,left_tool0,world,-1.200000,1.300000,1.500000,0,yaw-15_pitch-15,-0.10355339,0.60355339,-0.07945931,0.78656609,0,-31,ik_failed,50.7,,,
left,left_arm,left_tool0,world,-1.200000,1.300000,1.500000,1,yaw0_pitch-15,0.00000000,0.60876143,0.00000000,0.79335334,0,-31,ik_failed,50.6,,,
left,left_arm,left_tool0,world,-1.200000,1.300000,1.500000,2,yaw+15_pitch-15,0.10355339,0.60355339,0.07945931,0.78656609,0,-31,ik_failed,50.7,,,
left,left_arm,left_tool0,world,-1.200000,1.300000,1.500000,3,yaw-15_pitch0,-0.09229596,0.70105738,-0.09229596,0.70105738,0,-31,ik_failed,50.7,,,
left,left_arm,left_tool0,world,-1.200000,1.300000,1.500000,4,center,0.00000000,0.70710678,0.00000000,0.70710678,0,-31,ik_failed,50.7,,,
left,left_arm,left_tool0,world,-1.200000,1.300000,1.500000,5,yaw+15_pitch0,0.09229596,0.70105738,0.09229596,0.70105738,0,-31,ik_failed,50.8,,,
left,left_arm,left_tool0,world,-1.200000,1.300000,1.500000,6,yaw-15_pitch+15,-0.07945931,0.78656609,-0.10355339,0.60355339,0,-31,ik_failed,50.6,,,
left,left_arm,left_tool0,world,-1.200000,1.300000,1.500000,7,yaw0_pitch+15,0.00000000,0.79335334,0.00000000,0.60876143,0,-31,ik_failed,50.8,,,
left,left_arm,left_tool0,world,-1.200000,1.300000,1.500000,8,yaw+15_pitch+15,0.07945931,0.78656609,0.10355339,0.60355339,0,-31,ik_failed,50.7,,,
left,left_arm,left_tool0,world,-1.200000,1.300000,1.500000,-1,SUMMARY,,,,,,,,,0,9,0
left,left_arm,left_tool0,world,-1.200000,1.300000,1.600000,0,yaw-15_pitch-15,-0.10355339,0.60355339,-0.07945931,0.78656609,0,-31,ik_failed,50.8,,,
left,left_arm,left_tool0,world,-1.200000,1.300000,1.600000,1,yaw0_pitch-15,0.00000000,0.60876143,0.00000000,0.79335334,0,-31,ik_failed,60.1,,,
left,left_arm,left_tool0,world,-1.200000,1.300000,1.600000,2,yaw+15_pitch-15,0.10355339,0.60355339,0.07945931,0.78656609,0,-31,ik_failed,50.8,,,
left,left_arm,left_tool0,world,-1.200000,1.300000,1.600000,3,yaw-15_pitch0,-0.09229596,0.70105738,-0.09229596,0.70105738,0,-31,ik_failed,51.0,,,
left,left_arm,left_tool0,world,-1.200000,1.300000,1.600000,4,center,0.00000000,0.70710678,0.00000000,0.70710678,0,-31,ik_failed,50.9,,,
left,left_arm,left_tool0,world,-1.200000,1.300000,1.600000,5,yaw+15_pitch0,0.09229596,0.70105738,0.09229596,0.70105738,0,-31,ik_failed,50.7,,,
left,left_arm,left_tool0,world,-1.200000,1.300000,1.600000,6,yaw-15_pitch+15,-0.07945931,0.78656609,-0.10355339,0.60355339,0,-31,ik_failed,54.7,,,
left,left_arm,left_tool0,world,-1.200000,1.300000,1.600000,7,yaw0_pitch+15,0.00000000,0.79335334,0.00000000,0.60876143,0,-31,ik_failed,50.8,,,
left,left_arm,left_tool0,world,-1.200000,1.300000,1.600000,8,yaw+15_pitch+15,0.07945931,0.78656609,0.10355339,0.60355339,0,-31,ik_failed,54.3,,,
left,left_arm,left_tool0,world,-1.200000,1.300000,1.600000,-1,SUMMARY,,,,,,,,,0,9,0
left,left_arm,left_tool0,world,-1.200000,1.300000,1.700000,0,yaw-15_pitch-15,-0.10355339,0.60355339,-0.07945931,0.78656609,0,-31,ik_failed,51.1,,,
left,left_arm,left_tool0,world,-1.200000,1.300000,1.700000,1,yaw0_pitch-15,0.00000000,0.60876143,0.00000000,0.79335334,0,-31,ik_failed,59.4,,,
left,left_arm,left_tool0,world,-1.200000,1.300000,1.700000,2,yaw+15_pitch-15,0.10355339,0.60355339,0.07945931,0.78656609,0,-31,ik_failed,50.6,,,
left,left_arm,left_tool0,world,-1.200000,1.300000,1.700000,3,yaw-15_pitch0,-0.09229596,0.70105738,-0.09229596,0.70105738,0,-31,ik_failed,54.5,,,
left,left_arm,left_tool0,world,-1.200000,1.300000,1.700000,4,center,0.00000000,0.70710678,0.00000000,0.70710678,0,-31,ik_failed,50.7,,,
left,left_arm,left_tool0,world,-1.200000,1.300000,1.700000,5,yaw+15_pitch0,0.09229596,0.70105738,0.09229596,0.70105738,0,-31,ik_failed,59.3,,,
left,left_arm,left_tool0,world,-1.200000,1.300000,1.700000,6,yaw-15_pitch+15,-0.07945931,0.78656609,-0.10355339,0.60355339,0,-31,ik_failed,50.7,,,
left,left_arm,left_tool0,world,-1.200000,1.300000,1.700000,7,yaw0_pitch+15,0.00000000,0.79335334,0.00000000,0.60876143,0,-31,ik_failed,50.7,,,
left,left_arm,left_tool0,world,-1.200000,1.300000,1.700000,8,yaw+15_pitch+15,0.07945931,0.78656609,0.10355339,0.60355339,0,-31,ik_failed,52.7,,,
left,left_arm,left_tool0,world,-1.200000,1.300000,1.700000,-1,SUMMARY,,,,,,,,,0,9,0
left,left_arm,left_tool0,world,-1.200000,1.300000,1.800000,0,yaw-15_pitch-15,-0.10355339,0.60355339,-0.07945931,0.78656609,0,-31,ik_failed,50.9,,,
left,left_arm,left_tool0,world,-1.200000,1.300000,1.800000,1,yaw0_pitch-15,0.00000000,0.60876143,0.00000000,0.79335334,0,-31,ik_failed,50.8,,,
left,left_arm,left_tool0,world,-1.200000,1.300000,1.800000,2,yaw+15_pitch-15,0.10355339,0.60355339,0.07945931,0.78656609,0,-31,ik_failed,51.2,,,
left,left_arm,left_tool0,world,-1.200000,1.300000,1.800000,3,yaw-15_pitch0,-0.09229596,0.70105738,-0.09229596,0.70105738,0,-31,ik_failed,57.3,,,
left,left_arm,left_tool0,world,-1.200000,1.300000,1.800000,4,center,0.00000000,0.70710678,0.00000000,0.70710678,0,-31,ik_failed,50.7,,,
left,left_arm,left_tool0,world,-1.200000,1.300000,1.800000,5,yaw+15_pitch0,0.09229596,0.70105738,0.09229596,0.70105738,0,-31,ik_failed,58.2,,,
left,left_arm,left_tool0,world,-1.200000,1.300000,1.800000,6,yaw-15_pitch+15,-0.07945931,0.78656609,-0.10355339,0.60355339,0,-31,ik_failed,50.7,,,
left,left_arm,left_tool0,world,-1.200000,1.300000,1.800000,7,yaw0_pitch+15,0.00000000,0.79335334,0.00000000,0.60876143,0,-31,ik_failed,51.1,,,
left,left_arm,left_tool0,world,-1.200000,1.300000,1.800000,8,yaw+15_pitch+15,0.07945931,0.78656609,0.10355339,0.60355339,0,-31,ik_failed,50.7,,,
left,left_arm,left_tool0,world,-1.200000,1.300000,1.800000,-1,SUMMARY,,,,,,,,,0,9,0
left,left_arm,left_tool0,world,-1.200000,1.300000,1.900000,0,yaw-15_pitch-15,-0.10355339,0.60355339,-0.07945931,0.78656609,0,-31,ik_failed,50.7,,,
left,left_arm,left_tool0,world,-1.200000,1.300000,1.900000,1,yaw0_pitch-15,0.00000000,0.60876143,0.00000000,0.79335334,0,-31,ik_failed,50.7,,,
left,left_arm,left_tool0,world,-1.200000,1.300000,1.900000,2,yaw+15_pitch-15,0.10355339,0.60355339,0.07945931,0.78656609,0,-31,ik_failed,50.6,,,
left,left_arm,left_tool0,world,-1.200000,1.300000,1.900000,3,yaw-15_pitch0,-0.09229596,0.70105738,-0.09229596,0.70105738,0,-31,ik_failed,50.6,,,
left,left_arm,left_tool0,world,-1.200000,1.300000,1.900000,4,center,0.00000000,0.70710678,0.00000000,0.70710678,0,-31,ik_failed,50.6,,,
left,left_arm,left_tool0,world,-1.200000,1.300000,1.900000,5,yaw+15_pitch0,0.09229596,0.70105738,0.09229596,0.70105738,0,-31,ik_failed,50.7,,,
left,left_arm,left_tool0,world,-1.200000,1.300000,1.900000,6,yaw-15_pitch+15,-0.07945931,0.78656609,-0.10355339,0.60355339,0,-31,ik_failed,50.6,,,
left,left_arm,left_tool0,world,-1.200000,1.300000,1.900000,7,yaw0_pitch+15,0.00000000,0.79335334,0.00000000,0.60876143,0,-31,ik_failed,50.7,,,
left,left_arm,left_tool0,world,-1.200000,1.300000,1.900000,8,yaw+15_pitch+15,0.07945931,0.78656609,0.10355339,0.60355339,0,-31,ik_failed,50.7,,,
left,left_arm,left_tool0,world,-1.200000,1.300000,1.900000,-1,SUMMARY,,,,,,,,,0,9,0
left,left_arm,left_tool0,world,-1.200000,1.300000,2.000000,0,yaw-15_pitch-15,-0.10355339,0.60355339,-0.07945931,0.78656609,0,-31,ik_failed,50.8,,,
left,left_arm,left_tool0,world,-1.200000,1.300000,2.000000,1,yaw0_pitch-15,0.00000000,0.60876143,0.00000000,0.79335334,0,-31,ik_failed,50.7,,,
left,left_arm,left_tool0,world,-1.200000,1.300000,2.000000,2,yaw+15_pitch-15,0.10355339,0.60355339,0.07945931,0.78656609,0,-31,ik_failed,51.1,,,
left,left_arm,left_tool0,world,-1.200000,1.300000,2.000000,3,yaw-15_pitch0,-0.09229596,0.70105738,-0.09229596,0.70105738,0,-31,ik_failed,50.6,,,
left,left_arm,left_tool0,world,-1.200000,1.300000,2.000000,4,center,0.00000000,0.70710678,0.00000000,0.70710678,0,-31,ik_failed,50.7,,,
left,left_arm,left_tool0,world,-1.200000,1.300000,2.000000,5,yaw+15_pitch0,0.09229596,0.70105738,0.09229596,0.70105738,0,-31,ik_failed,50.7,,,
left,left_arm,left_tool0,world,-1.200000,1.300000,2.000000,6,yaw-15_pitch+15,-0.07945931,0.78656609,-0.10355339,0.60355339,0,-31,ik_failed,50.7,,,
left,left_arm,left_tool0,world,-1.200000,1.300000,2.000000,7,yaw0_pitch+15,0.00000000,0.79335334,0.00000000,0.60876143,0,-31,ik_failed,50.8,,,
left,left_arm,left_tool0,world,-1.200000,1.300000,2.000000,8,yaw+15_pitch+15,0.07945931,0.78656609,0.10355339,0.60355339,0,-31,ik_failed,50.9,,,
left,left_arm,left_tool0,world,-1.200000,1.300000,2.000000,-1,SUMMARY,,,,,,,,,0,9,0
left,left_arm,left_tool0,world,-1.200000,1.400000,0.000000,0,yaw-15_pitch-15,-0.10355339,0.60355339,-0.07945931,0.78656609,0,-31,ik_failed,50.6,,,
left,left_arm,left_tool0,world,-1.200000,1.400000,0.000000,1,yaw0_pitch-15,0.00000000,0.60876143,0.00000000,0.79335334,0,-31,ik_failed,50.9,,,
left,left_arm,left_tool0,world,-1.200000,1.400000,0.000000,2,yaw+15_pitch-15,0.10355339,0.60355339,0.07945931,0.78656609,0,-31,ik_failed,50.8,,,
left,left_arm,left_tool0,world,-1.200000,1.400000,0.000000,3,yaw-15_pitch0,-0.09229596,0.70105738,-0.09229596,0.70105738,0,-31,ik_failed,50.8,,,
left,left_arm,left_tool0,world,-1.200000,1.400000,0.000000,4,center,0.00000000,0.70710678,0.00000000,0.70710678,0,-31,ik_failed,50.7,,,
left,left_arm,left_tool0,world,-1.200000,1.400000,0.000000,5,yaw+15_pitch0,0.09229596,0.70105738,0.09229596,0.70105738,0,-31,ik_failed,50.8,,,
left,left_arm,left_tool0,world,-1.200000,1.400000,0.000000,6,yaw-15_pitch+15,-0.07945931,0.78656609,-0.10355339,0.60355339,0,-31,ik_failed,51.8,,,
left,left_arm,left_tool0,world,-1.200000,1.400000,0.000000,7,yaw0_pitch+15,0.00000000,0.79335334,0.00000000,0.60876143,0,-31,ik_failed,50.7,,,
left,left_arm,left_tool0,world,-1.200000,1.400000,0.000000,8,yaw+15_pitch+15,0.07945931,0.78656609,0.10355339,0.60355339,0,-31,ik_failed,51.5,,,
left,left_arm,left_tool0,world,-1.200000,1.400000,0.000000,-1,SUMMARY,,,,,,,,,0,9,0
left,left_arm,left_tool0,world,-1.200000,1.400000,0.100000,0,yaw-15_pitch-15,-0.10355339,0.60355339,-0.07945931,0.78656609,0,-31,ik_failed,53.1,,,
left,left_arm,left_tool0,world,-1.200000,1.400000,0.100000,1,yaw0_pitch-15,0.00000000,0.60876143,0.00000000,0.79335334,0,-31,ik_failed,52.1,,,
left,left_arm,left_tool0,world,-1.200000,1.400000,0.100000,2,yaw+15_pitch-15,0.10355339,0.60355339,0.07945931,0.78656609,0,-31,ik_failed,50.6,,,
left,left_arm,left_tool0,world,-1.200000,1.400000,0.100000,3,yaw-15_pitch0,-0.09229596,0.70105738,-0.09229596,0.70105738,0,-31,ik_failed,50.6,,,
left,left_arm,left_tool0,world,-1.200000,1.400000,0.100000,4,center,0.00000000,0.70710678,0.00000000,0.70710678,0,-31,ik_failed,50.9,,,
left,left_arm,left_tool0,world,-1.200000,1.400000,0.100000,5,yaw+15_pitch0,0.09229596,0.70105738,0.09229596,0.70105738,0,-31,ik_failed,50.6,,,
left,left_arm,left_tool0,world,-1.200000,1.400000,0.100000,6,yaw-15_pitch+15,-0.07945931,0.78656609,-0.10355339,0.60355339,0,-31,ik_failed,50.7,,,
left,left_arm,left_tool0,world,-1.200000,1.400000,0.100000,7,yaw0_pitch+15,0.00000000,0.79335334,0.00000000,0.60876143,0,-31,ik_failed,53.4,,,
left,left_arm,left_tool0,world,-1.200000,1.400000,0.100000,8,yaw+15_pitch+15,0.07945931,0.78656609,0.10355339,0.60355339,0,-31,ik_failed,50.6,,,
left,left_arm,left_tool0,world,-1.200000,1.400000,0.100000,-1,SUMMARY,,,,,,,,,0,9,0
left,left_arm,left_tool0,world,-1.200000,1.400000,0.200000,0,yaw-15_pitch-15,-0.10355339,0.60355339,-0.07945931,0.78656609,0,-31,ik_failed,50.7,,,
left,left_arm,left_tool0,world,-1.200000,1.400000,0.200000,1,yaw0_pitch-15,0.00000000,0.60876143,0.00000000,0.79335334,0,-31,ik_failed,50.8,,,
left,left_arm,left_tool0,world,-1.200000,1.400000,0.200000,2,yaw+15_pitch-15,0.10355339,0.60355339,0.07945931,0.78656609,0,-31,ik_failed,50.7,,,
left,left_arm,left_tool0,world,-1.200000,1.400000,0.200000,3,yaw-15_pitch0,-0.09229596,0.70105738,-0.09229596,0.70105738,0,-31,ik_failed,50.5,,,
left,left_arm,left_tool0,world,-1.200000,1.400000,0.200000,4,center,0.00000000,0.70710678,0.00000000,0.70710678,0,-31,ik_failed,51.1,,,
left,left_arm,left_tool0,world,-1.200000,1.400000,0.200000,5,yaw+15_pitch0,0.09229596,0.70105738,0.09229596,0.70105738,0,-31,ik_failed,51.0,,,
left,left_arm,left_tool0,world,-1.200000,1.400000,0.200000,6,yaw-15_pitch+15,-0.07945931,0.78656609,-0.10355339,0.60355339,0,-31,ik_failed,50.7,,,
left,left_arm,left_tool0,world,-1.200000,1.400000,0.200000,7,yaw0_pitch+15,0.00000000,0.79335334,0.00000000,0.60876143,0,-31,ik_failed,50.5,,,
left,left_arm,left_tool0,world,-1.200000,1.400000,0.200000,8,yaw+15_pitch+15,0.07945931,0.78656609,0.10355339,0.60355339,0,-31,ik_failed,50.5,,,
left,left_arm,left_tool0,world,-1.200000,1.400000,0.200000,-1,SUMMARY,,,,,,,,,0,9,0
left,left_arm,left_tool0,world,-1.200000,1.400000,0.300000,0,yaw-15_pitch-15,-0.10355339,0.60355339,-0.07945931,0.78656609,0,-31,ik_failed,50.6,,,
left,left_arm,left_tool0,world,-1.200000,1.400000,0.300000,1,yaw0_pitch-15,0.00000000,0.60876143,0.00000000,0.79335334,0,-31,ik_failed,50.6,,,
left,left_arm,left_tool0,world,-1.200000,1.400000,0.300000,2,yaw+15_pitch-15,0.10355339,0.60355339,0.07945931,0.78656609,0,-31,ik_failed,50.5,,,
left,left_arm,left_tool0,world,-1.200000,1.400000,0.300000,3,yaw-15_pitch0,-0.09229596,0.70105738,-0.09229596,0.70105738,0,-31,ik_failed,50.6,,,
left,left_arm,left_tool0,world,-1.200000,1.400000,0.300000,4,center,0.00000000,0.70710678,0.00000000,0.70710678,0,-31,ik_failed,50.6,,,
left,left_arm,left_tool0,world,-1.200000,1.400000,0.300000,5,yaw+15_pitch0,0.09229596,0.70105738,0.09229596,0.70105738,0,-31,ik_failed,50.7,,,
left,left_arm,left_tool0,world,-1.200000,1.400000,0.300000,6,yaw-15_pitch+15,-0.07945931,0.78656609,-0.10355339,0.60355339,0,-31,ik_failed,50.7,,,
left,left_arm,left_tool0,world,-1.200000,1.400000,0.300000,7,yaw0_pitch+15,0.00000000,0.79335334,0.00000000,0.60876143,0,-31,ik_failed,50.8,,,
left,left_arm,left_tool0,world,-1.200000,1.400000,0.300000,8,yaw+15_pitch+15,0.07945931,0.78656609,0.10355339,0.60355339,0,-31,ik_failed,50.7,,,
left,left_arm,left_tool0,world,-1.200000,1.400000,0.300000,-1,SUMMARY,,,,,,,,,0,9,0
left,left_arm,left_tool0,world,-1.200000,1.400000,0.400000,0,yaw-15_pitch-15,-0.10355339,0.60355339,-0.07945931,0.78656609,0,-31,ik_failed,50.7,,,
left,left_arm,left_tool0,world,-1.200000,1.400000,0.400000,1,yaw0_pitch-15,0.00000000,0.60876143,0.00000000,0.79335334,0,-31,ik_failed,50.7,,,
left,left_arm,left_tool0,world,-1.200000,1.400000,0.400000,2,yaw+15_pitch-15,0.10355339,0.60355339,0.07945931,0.78656609,0,-31,ik_failed,50.7,,,
left,left_arm,left_tool0,world,-1.200000,1.400000,0.400000,3,yaw-15_pitch0,-0.09229596,0.70105738,-0.09229596,0.70105738,0,-31,ik_failed,50.7,,,
left,left_arm,left_tool0,world,-1.200000,1.400000,0.400000,4,center,0.00000000,0.70710678,0.00000000,0.70710678,0,-31,ik_failed,50.7,,,
left,left_arm,left_tool0,world,-1.200000,1.400000,0.400000,5,yaw+15_pitch0,0.09229596,0.70105738,0.09229596,0.70105738,0,-31,ik_failed,50.8,,,
left,left_arm,left_tool0,world,-1.200000,1.400000,0.400000,6,yaw-15_pitch+15,-0.07945931,0.78656609,-0.10355339,0.60355339,0,-31,ik_failed,51.0,,,
left,left_arm,left_tool0,world,-1.200000,1.400000,0.400000,7,yaw0_pitch+15,0.00000000,0.79335334,0.00000000,0.60876143,0,-31,ik_failed,50.7,,,
left,left_arm,left_tool0,world,-1.200000,1.400000,0.400000,8,yaw+15_pitch+15,0.07945931,0.78656609,0.10355339,0.60355339,0,-31,ik_failed,50.6,,,
left,left_arm,left_tool0,world,-1.200000,1.400000,0.400000,-1,SUMMARY,,,,,,,,,0,9,0
left,left_arm,left_tool0,world,-1.200000,1.400000,0.500000,0,yaw-15_pitch-15,-0.10355339,0.60355339,-0.07945931,0.78656609,0,-31,ik_failed,50.7,,,
left,left_arm,left_tool0,world,-1.200000,1.400000,0.500000,1,yaw0_pitch-15,0.00000000,0.60876143,0.00000000,0.79335334,0,-31,ik_failed,50.6,,,
left,left_arm,left_tool0,world,-1.200000,1.400000,0.500000,2,yaw+15_pitch-15,0.10355339,0.60355339,0.07945931,0.78656609,0,-31,ik_failed,50.8,,,
left,left_arm,left_tool0,world,-1.200000,1.400000,0.500000,3,yaw-15_pitch0,-0.09229596,0.70105738,-0.09229596,0.70105738,0,-31,ik_failed,50.7,,,
left,left_arm,left_tool0,world,-1.200000,1.400000,0.500000,4,center,0.00000000,0.70710678,0.00000000,0.70710678,0,-31,ik_failed,100.2,,,
left,left_arm,left_tool0,world,-1.200000,1.400000,0.500000,5,yaw+15_pitch0,0.09229596,0.70105738,0.09229596,0.70105738,0,-31,ik_failed,100.4,,,
left,left_arm,left_tool0,world,-1.200000,1.400000,0.500000,6,yaw-15_pitch+15,-0.07945931,0.78656609,-0.10355339,0.60355339,0,-31,ik_failed,100.4,,,
left,left_arm,left_tool0,world,-1.200000,1.400000,0.500000,7,yaw0_pitch+15,0.00000000,0.79335334,0.00000000,0.60876143,0,-31,ik_failed,102.6,,,
left,left_arm,left_tool0,world,-1.200000,1.400000,0.500000,8,yaw+15_pitch+15,0.07945931,0.78656609,0.10355339,0.60355339,0,-31,ik_failed,100.3,,,
left,left_arm,left_tool0,world,-1.200000,1.400000,0.500000,-1,SUMMARY,,,,,,,,,0,9,0
left,left_arm,left_tool0,world,-1.200000,1.400000,0.600000,0,yaw-15_pitch-15,-0.10355339,0.60355339,-0.07945931,0.78656609,0,-31,ik_failed,99.9,,,
left,left_arm,left_tool0,world,-1.200000,1.400000,0.600000,1,yaw0_pitch-15,0.00000000,0.60876143,0.00000000,0.79335334,0,-31,ik_failed,100.4,,,
left,left_arm,left_tool0,world,-1.200000,1.400000,0.600000,2,yaw+15_pitch-15,0.10355339,0.60355339,0.07945931,0.78656609,0,-31,ik_failed,100.5,,,
left,left_arm,left_tool0,world,-1.200000,1.400000,0.600000,3,yaw-15_pitch0,-0.09229596,0.70105738,-0.09229596,0.70105738,0,-31,ik_failed,100.8,,,
left,left_arm,left_tool0,world,-1.200000,1.400000,0.600000,4,center,0.00000000,0.70710678,0.00000000,0.70710678,0,-31,ik_failed,51.0,,,
left,left_arm,left_tool0,world,-1.200000,1.400000,0.600000,5,yaw+15_pitch0,0.09229596,0.70105738,0.09229596,0.70105738,0,-31,ik_failed,102.0,,,
left,left_arm,left_tool0,world,-1.200000,1.400000,0.600000,6,yaw-15_pitch+15,-0.07945931,0.78656609,-0.10355339,0.60355339,0,-31,ik_failed,100.2,,,
left,left_arm,left_tool0,world,-1.200000,1.400000,0.600000,7,yaw0_pitch+15,0.00000000,0.79335334,0.00000000,0.60876143,0,-31,ik_failed,50.8,,,
left,left_arm,left_tool0,world,-1.200000,1.400000,0.600000,8,yaw+15_pitch+15,0.07945931,0.78656609,0.10355339,0.60355339,0,-31,ik_failed,50.7,,,
left,left_arm,left_tool0,world,-1.200000,1.400000,0.600000,-1,SUMMARY,,,,,,,,,0,9,0
left,left_arm,left_tool0,world,-1.200000,1.400000,0.700000,0,yaw-15_pitch-15,-0.10355339,0.60355339,-0.07945931,0.78656609,0,-31,ik_failed,50.9,,,
left,left_arm,left_tool0,world,-1.200000,1.400000,0.700000,1,yaw0_pitch-15,0.00000000,0.60876143,0.00000000,0.79335334,0,-31,ik_failed,51.9,,,
left,left_arm,left_tool0,world,-1.200000,1.400000,0.700000,2,yaw+15_pitch-15,0.10355339,0.60355339,0.07945931,0.78656609,0,-31,ik_failed,50.7,,,
left,left_arm,left_tool0,world,-1.200000,1.400000,0.700000,3,yaw-15_pitch0,-0.09229596,0.70105738,-0.09229596,0.70105738,0,-31,ik_failed,50.7,,,
left,left_arm,left_tool0,world,-1.200000,1.400000,0.700000,4,center,0.00000000,0.70710678,0.00000000,0.70710678,0,-31,ik_failed,50.5,,,
left,left_arm,left_tool0,world,-1.200000,1.400000,0.700000,5,yaw+15_pitch0,0.09229596,0.70105738,0.09229596,0.70105738,0,-31,ik_failed,50.7,,,
left,left_arm,left_tool0,world,-1.200000,1.400000,0.700000,6,yaw-15_pitch+15,-0.07945931,0.78656609,-0.10355339,0.60355339,0,-31,ik_failed,50.8,,,
left,left_arm,left_tool0,world,-1.200000,1.400000,0.700000,7,yaw0_pitch+15,0.00000000,0.79335334,0.00000000,0.60876143,0,-31,ik_failed,50.8,,,
left,left_arm,left_tool0,world,-1.200000,1.400000,0.700000,8,yaw+15_pitch+15,0.07945931,0.78656609,0.10355339,0.60355339,0,-31,ik_failed,50.7,,,
left,left_arm,left_tool0,world,-1.200000,1.400000,0.700000,-1,SUMMARY,,,,,,,,,0,9,0
left,left_arm,left_tool0,world,-1.200000,1.400000,0.800000,0,yaw-15_pitch-15,-0.10355339,0.60355339,-0.07945931,0.78656609,0,-31,ik_failed,51.0,,,
left,left_arm,left_tool0,world,-1.200000,1.400000,0.800000,1,yaw0_pitch-15,0.00000000,0.60876143,0.00000000,0.79335334,0,-31,ik_failed,50.7,,,
left,left_arm,left_tool0,world,-1.200000,1.400000,0.800000,2,yaw+15_pitch-15,0.10355339,0.60355339,0.07945931,0.78656609,0,-31,ik_failed,51.0,,,
left,left_arm,left_tool0,world,-1.200000,1.400000,0.800000,3,yaw-15_pitch0,-0.09229596,0.70105738,-0.09229596,0.70105738,0,-31,ik_failed,50.8,,,
left,left_arm,left_tool0,world,-1.200000,1.400000,0.800000,4,center,0.00000000,0.70710678,0.00000000,0.70710678,0,-31,ik_failed,50.7,,,
left,left_arm,left_tool0,world,-1.200000,1.400000,0.800000,5,yaw+15_pitch0,0.09229596,0.70105738,0.09229596,0.70105738,0,-31,ik_failed,50.7,,,
left,left_arm,left_tool0,world,-1.200000,1.400000,0.800000,6,yaw-15_pitch+15,-0.07945931,0.78656609,-0.10355339,0.60355339,0,-31,ik_failed,50.7,,,
left,left_arm,left_tool0,world,-1.200000,1.400000,0.800000,7,yaw0_pitch+15,0.00000000,0.79335334,0.00000000,0.60876143,0,-31,ik_failed,50.7,,,
left,left_arm,left_tool0,world,-1.200000,1.400000,0.800000,8,yaw+15_pitch+15,0.07945931,0.78656609,0.10355339,0.60355339,0,-31,ik_failed,50.8,,,
left,left_arm,left_tool0,world,-1.200000,1.400000,0.800000,-1,SUMMARY,,,,,,,,,0,9,0
left,left_arm,left_tool0,world,-1.200000,1.400000,0.900000,0,yaw-15_pitch-15,-0.10355339,0.60355339,-0.07945931,0.78656609,0,-31,ik_failed,50.6,,,
left,left_arm,left_tool0,world,-1.200000,1.400000,0.900000,1,yaw0_pitch-15,0.00000000,0.60876143,0.00000000,0.79335334,0,-31,ik_failed,50.6,,,
left,left_arm,left_tool0,world,-1.200000,1.400000,0.900000,2,yaw+15_pitch-15,0.10355339,0.60355339,0.07945931,0.78656609,0,-31,ik_failed,103.2,,,
left,left_arm,left_tool0,world,-1.200000,1.400000,0.900000,3,yaw-15_pitch0,-0.09229596,0.70105738,-0.09229596,0.70105738,0,-31,ik_failed,100.4,,,
left,left_arm,left_tool0,world,-1.200000,1.400000,0.900000,4,center,0.00000000,0.70710678,0.00000000,0.70710678,0,-31,ik_failed,100.3,,,
left,left_arm,left_tool0,world,-1.200000,1.400000,0.900000,5,yaw+15_pitch0,0.09229596,0.70105738,0.09229596,0.70105738,0,-31,ik_failed,100.9,,,
left,left_arm,left_tool0,world,-1.200000,1.400000,0.900000,6,yaw-15_pitch+15,-0.07945931,0.78656609,-0.10355339,0.60355339,0,-31,ik_failed,100.3,,,
left,left_arm,left_tool0,world,-1.200000,1.400000,0.900000,7,yaw0_pitch+15,0.00000000,0.79335334,0.00000000,0.60876143,0,-31,ik_failed,100.3,,,
left,left_arm,left_tool0,world,-1.200000,1.400000,0.900000,8,yaw+15_pitch+15,0.07945931,0.78656609,0.10355339,0.60355339,0,-31,ik_failed,100.6,,,
left,left_arm,left_tool0,world,-1.200000,1.400000,0.900000,-1,SUMMARY,,,,,,,,,0,9,0
left,left_arm,left_tool0,world,-1.200000,1.400000,1.000000,0,yaw-15_pitch-15,-0.10355339,0.60355339,-0.07945931,0.78656609,0,-31,ik_failed,100.6,,,
left,left_arm,left_tool0,world,-1.200000,1.400000,1.000000,1,yaw0_pitch-15,0.00000000,0.60876143,0.00000000,0.79335334,0,-31,ik_failed,63.1,,,
left,left_arm,left_tool0,world,-1.200000,1.400000,1.000000,2,yaw+15_pitch-15,0.10355339,0.60355339,0.07945931,0.78656609,0,-31,ik_failed,55.7,,,
left,left_arm,left_tool0,world,-1.200000,1.400000,1.000000,3,yaw-15_pitch0,-0.09229596,0.70105738,-0.09229596,0.70105738,0,-31,ik_failed,53.7,,,
left,left_arm,left_tool0,world,-1.200000,1.400000,1.000000,4,center,0.00000000,0.70710678,0.00000000,0.70710678,0,-31,ik_failed,51.8,,,
left,left_arm,left_tool0,world,-1.200000,1.400000,1.000000,5,yaw+15_pitch0,0.09229596,0.70105738,0.09229596,0.70105738,0,-31,ik_failed,50.8,,,
left,left_arm,left_tool0,world,-1.200000,1.400000,1.000000,6,yaw-15_pitch+15,-0.07945931,0.78656609,-0.10355339,0.60355339,0,-31,ik_failed,50.7,,,
left,left_arm,left_tool0,world,-1.200000,1.400000,1.000000,7,yaw0_pitch+15,0.00000000,0.79335334,0.00000000,0.60876143,0,-31,ik_failed,54.8,,,
left,left_arm,left_tool0,world,-1.200000,1.400000,1.000000,8,yaw+15_pitch+15,0.07945931,0.78656609,0.10355339,0.60355339,0,-31,ik_failed,53.6,,,
left,left_arm,left_tool0,world,-1.200000,1.400000,1.000000,-1,SUMMARY,,,,,,,,,0,9,0
left,left_arm,left_tool0,world,-1.200000,1.400000,1.100000,0,yaw-15_pitch-15,-0.10355339,0.60355339,-0.07945931,0.78656609,0,-31,ik_failed,58.3,,,
left,left_arm,left_tool0,world,-1.200000,1.400000,1.100000,1,yaw0_pitch-15,0.00000000,0.60876143,0.00000000,0.79335334,0,-31,ik_failed,51.9,,,
left,left_arm,left_tool0,world,-1.200000,1.400000,1.100000,2,yaw+15_pitch-15,0.10355339,0.60355339,0.07945931,0.78656609,0,-31,ik_failed,51.6,,,
left,left_arm,left_tool0,world,-1.200000,1.400000,1.100000,3,yaw-15_pitch0,-0.09229596,0.70105738,-0.09229596,0.70105738,0,-31,ik_failed,56.8,,,
left,left_arm,left_tool0,world,-1.200000,1.400000,1.100000,4,center,0.00000000,0.70710678,0.00000000,0.70710678,0,-31,ik_failed,50.6,,,
left,left_arm,left_tool0,world,-1.200000,1.400000,1.100000,5,yaw+15_pitch0,0.09229596,0.70105738,0.09229596,0.70105738,0,-31,ik_failed,56.5,,,
left,left_arm,left_tool0,world,-1.200000,1.400000,1.100000,6,yaw-15_pitch+15,-0.07945931,0.78656609,-0.10355339,0.60355339,0,-31,ik_failed,50.9,,,
left,left_arm,left_tool0,world,-1.200000,1.400000,1.100000,7,yaw0_pitch+15,0.00000000,0.79335334,0.00000000,0.60876143,0,-31,ik_failed,52.5,,,
left,left_arm,left_tool0,world,-1.200000,1.400000,1.100000,8,yaw+15_pitch+15,0.07945931,0.78656609,0.10355339,0.60355339,0,-31,ik_failed,55.2,,,
left,left_arm,left_tool0,world,-1.200000,1.400000,1.100000,-1,SUMMARY,,,,,,,,,0,9,0
left,left_arm,left_tool0,world,-1.200000,1.400000,1.200000,0,yaw-15_pitch-15,-0.10355339,0.60355339,-0.07945931,0.78656609,0,-31,ik_failed,52.1,,,
left,left_arm,left_tool0,world,-1.200000,1.400000,1.200000,1,yaw0_pitch-15,0.00000000,0.60876143,0.00000000,0.79335334,0,-31,ik_failed,51.0,,,
left,left_arm,left_tool0,world,-1.200000,1.400000,1.200000,2,yaw+15_pitch-15,0.10355339,0.60355339,0.07945931,0.78656609,0,-31,ik_failed,56.3,,,
left,left_arm,left_tool0,world,-1.200000,1.400000,1.200000,3,yaw-15_pitch0,-0.09229596,0.70105738,-0.09229596,0.70105738,0,-31,ik_failed,55.5,,,
left,left_arm,left_tool0,world,-1.200000,1.400000,1.200000,4,center,0.00000000,0.70710678,0.00000000,0.70710678,0,-31,ik_failed,50.6,,,
left,left_arm,left_tool0,world,-1.200000,1.400000,1.200000,5,yaw+15_pitch0,0.09229596,0.70105738,0.09229596,0.70105738,0,-31,ik_failed,50.9,,,
left,left_arm,left_tool0,world,-1.200000,1.400000,1.200000,6,yaw-15_pitch+15,-0.07945931,0.78656609,-0.10355339,0.60355339,0,-31,ik_failed,50.8,,,
left,left_arm,left_tool0,world,-1.200000,1.400000,1.200000,7,yaw0_pitch+15,0.00000000,0.79335334,0.00000000,0.60876143,0,-31,ik_failed,54.0,,,
left,left_arm,left_tool0,world,-1.200000,1.400000,1.200000,8,yaw+15_pitch+15,0.07945931,0.78656609,0.10355339,0.60355339,0,-31,ik_failed,55.3,,,
left,left_arm,left_tool0,world,-1.200000,1.400000,1.200000,-1,SUMMARY,,,,,,,,,0,9,0
left,left_arm,left_tool0,world,-1.200000,1.400000,1.300000,0,yaw-15_pitch-15,-0.10355339,0.60355339,-0.07945931,0.78656609,0,-31,ik_failed,51.5,,,
left,left_arm,left_tool0,world,-1.200000,1.400000,1.300000,1,yaw0_pitch-15,0.00000000,0.60876143,0.00000000,0.79335334,0,-31,ik_failed,51.0,,,
left,left_arm,left_tool0,world,-1.200000,1.400000,1.300000,2,yaw+15_pitch-15,0.10355339,0.60355339,0.07945931,0.78656609,0,-31,ik_failed,53.5,,,
left,left_arm,left_tool0,world,-1.200000,1.400000,1.300000,3,yaw-15_pitch0,-0.09229596,0.70105738,-0.09229596,0.70105738,0,-31,ik_failed,50.6,,,
left,left_arm,left_tool0,world,-1.200000,1.400000,1.300000,4,center,0.00000000,0.70710678,0.00000000,0.70710678,0,-31,ik_failed,50.6,,,
left,left_arm,left_tool0,world,-1.200000,1.400000,1.300000,5,yaw+15_pitch0,0.09229596,0.70105738,0.09229596,0.70105738,0,-31,ik_failed,50.9,,,
left,left_arm,left_tool0,world,-1.200000,1.400000,1.300000,6,yaw-15_pitch+15,-0.07945931,0.78656609,-0.10355339,0.60355339,0,-31,ik_failed,50.7,,,
left,left_arm,left_tool0,world,-1.200000,1.400000,1.300000,7,yaw0_pitch+15,0.00000000,0.79335334,0.00000000,0.60876143,0,-31,ik_failed,50.7,,,
left,left_arm,left_tool0,world,-1.200000,1.400000,1.300000,8,yaw+15_pitch+15,0.07945931,0.78656609,0.10355339,0.60355339,0,-31,ik_failed,50.6,,,
left,left_arm,left_tool0,world,-1.200000,1.400000,1.300000,-1,SUMMARY,,,,,,,,,0,9,0
left,left_arm,left_tool0,world,-1.200000,1.400000,1.400000,0,yaw-15_pitch-15,-0.10355339,0.60355339,-0.07945931,0.78656609,0,-31,ik_failed,50.7,,,
left,left_arm,left_tool0,world,-1.200000,1.400000,1.400000,1,yaw0_pitch-15,0.00000000,0.60876143,0.00000000,0.79335334,0,-31,ik_failed,50.8,,,
left,left_arm,left_tool0,world,-1.200000,1.400000,1.400000,2,yaw+15_pitch-15,0.10355339,0.60355339,0.07945931,0.78656609,0,-31,ik_failed,50.6,,,
left,left_arm,left_tool0,world,-1.200000,1.400000,1.400000,3,yaw-15_pitch0,-0.09229596,0.70105738,-0.09229596,0.70105738,0,-31,ik_failed,50.6,,,
left,left_arm,left_tool0,world,-1.200000,1.400000,1.400000,4,center,0.00000000,0.70710678,0.00000000,0.70710678,0,-31,ik_failed,50.7,,,
left,left_arm,left_tool0,world,-1.200000,1.400000,1.400000,5,yaw+15_pitch0,0.09229596,0.70105738,0.09229596,0.70105738,0,-31,ik_failed,50.7,,,
left,left_arm,left_tool0,world,-1.200000,1.400000,1.400000,6,yaw-15_pitch+15,-0.07945931,0.78656609,-0.10355339,0.60355339,0,-31,ik_failed,50.6,,,
left,left_arm,left_tool0,world,-1.200000,1.400000,1.400000,7,yaw0_pitch+15,0.00000000,0.79335334,0.00000000,0.60876143,0,-31,ik_failed,50.7,,,
left,left_arm,left_tool0,world,-1.200000,1.400000,1.400000,8,yaw+15_pitch+15,0.07945931,0.78656609,0.10355339,0.60355339,0,-31,ik_failed,50.7,,,
left,left_arm,left_tool0,world,-1.200000,1.400000,1.400000,-1,SUMMARY,,,,,,,,,0,9,0
left,left_arm,left_tool0,world,-1.200000,1.400000,1.500000,0,yaw-15_pitch-15,-0.10355339,0.60355339,-0.07945931,0.78656609,0,-31,ik_failed,58.9,,,
left,left_arm,left_tool0,world,-1.200000,1.400000,1.500000,1,yaw0_pitch-15,0.00000000,0.60876143,0.00000000,0.79335334,0,-31,ik_failed,66.5,,,
left,left_arm,left_tool0,world,-1.200000,1.400000,1.500000,2,yaw+15_pitch-15,0.10355339,0.60355339,0.07945931,0.78656609,0,-31,ik_failed,52.8,,,
left,left_arm,left_tool0,world,-1.200000,1.400000,1.500000,3,yaw-15_pitch0,-0.09229596,0.70105738,-0.09229596,0.70105738,0,-31,ik_failed,51.4,,,
left,left_arm,left_tool0,world,-1.200000,1.400000,1.500000,4,center,0.00000000,0.70710678,0.00000000,0.70710678,0,-31,ik_failed,53.3,,,
left,left_arm,left_tool0,world,-1.200000,1.400000,1.500000,5,yaw+15_pitch0,0.09229596,0.70105738,0.09229596,0.70105738,0,-31,ik_failed,51.1,,,
left,left_arm,left_tool0,world,-1.200000,1.400000,1.500000,6,yaw-15_pitch+15,-0.07945931,0.78656609,-0.10355339,0.60355339,0,-31,ik_failed,50.8,,,
left,left_arm,left_tool0,world,-1.200000,1.400000,1.500000,7,yaw0_pitch+15,0.00000000,0.79335334,0.00000000,0.60876143,0,-31,ik_failed,50.6,,,
left,left_arm,left_tool0,world,-1.200000,1.400000,1.500000,8,yaw+15_pitch+15,0.07945931,0.78656609,0.10355339,0.60355339,0,-31,ik_failed,53.2,,,
left,left_arm,left_tool0,world,-1.200000,1.400000,1.500000,-1,SUMMARY,,,,,,,,,0,9,0
left,left_arm,left_tool0,world,-1.200000,1.400000,1.600000,0,yaw-15_pitch-15,-0.10355339,0.60355339,-0.07945931,0.78656609,0,-31,ik_failed,50.7,,,
left,left_arm,left_tool0,world,-1.200000,1.400000,1.600000,1,yaw0_pitch-15,0.00000000,0.60876143,0.00000000,0.79335334,0,-31,ik_failed,55.9,,,
left,left_arm,left_tool0,world,-1.200000,1.400000,1.600000,2,yaw+15_pitch-15,0.10355339,0.60355339,0.07945931,0.78656609,0,-31,ik_failed,51.2,,,
left,left_arm,left_tool0,world,-1.200000,1.400000,1.600000,3,yaw-15_pitch0,-0.09229596,0.70105738,-0.09229596,0.70105738,0,-31,ik_failed,50.6,,,
left,left_arm,left_tool0,world,-1.200000,1.400000,1.600000,4,center,0.00000000,0.70710678,0.00000000,0.70710678,0,-31,ik_failed,51.4,,,
left,left_arm,left_tool0,world,-1.200000,1.400000,1.600000,5,yaw+15_pitch0,0.09229596,0.70105738,0.09229596,0.70105738,0,-31,ik_failed,56.6,,,
left,left_arm,left_tool0,world,-1.200000,1.400000,1.600000,6,yaw-15_pitch+15,-0.07945931,0.78656609,-0.10355339,0.60355339,0,-31,ik_failed,51.5,,,
left,left_arm,left_tool0,world,-1.200000,1.400000,1.600000,7,yaw0_pitch+15,0.00000000,0.79335334,0.00000000,0.60876143,0,-31,ik_failed,58.8,,,
left,left_arm,left_tool0,world,-1.200000,1.400000,1.600000,8,yaw+15_pitch+15,0.07945931,0.78656609,0.10355339,0.60355339,0,-31,ik_failed,53.9,,,
left,left_arm,left_tool0,world,-1.200000,1.400000,1.600000,-1,SUMMARY,,,,,,,,,0,9,0
left,left_arm,left_tool0,world,-1.200000,1.400000,1.700000,0,yaw-15_pitch-15,-0.10355339,0.60355339,-0.07945931,0.78656609,0,-31,ik_failed,50.7,,,
left,left_arm,left_tool0,world,-1.200000,1.400000,1.700000,1,yaw0_pitch-15,0.00000000,0.60876143,0.00000000,0.79335334,0,-31,ik_failed,50.9,,,
left,left_arm,left_tool0,world,-1.200000,1.400000,1.700000,2,yaw+15_pitch-15,0.10355339,0.60355339,0.07945931,0.78656609,0,-31,ik_failed,55.6,,,
left,left_arm,left_tool0,world,-1.200000,1.400000,1.700000,3,yaw-15_pitch0,-0.09229596,0.70105738,-0.09229596,0.70105738,0,-31,ik_failed,54.6,,,
left,left_arm,left_tool0,world,-1.200000,1.400000,1.700000,4,center,0.00000000,0.70710678,0.00000000,0.70710678,0,-31,ik_failed,55.0,,,
left,left_arm,left_tool0,world,-1.200000,1.400000,1.700000,5,yaw+15_pitch0,0.09229596,0.70105738,0.09229596,0.70105738,0,-31,ik_failed,51.7,,,
left,left_arm,left_tool0,world,-1.200000,1.400000,1.700000,6,yaw-15_pitch+15,-0.07945931,0.78656609,-0.10355339,0.60355339,0,-31,ik_failed,50.9,,,
left,left_arm,left_tool0,world,-1.200000,1.400000,1.700000,7,yaw0_pitch+15,0.00000000,0.79335334,0.00000000,0.60876143,0,-31,ik_failed,50.6,,,
left,left_arm,left_tool0,world,-1.200000,1.400000,1.700000,8,yaw+15_pitch+15,0.07945931,0.78656609,0.10355339,0.60355339,0,-31,ik_failed,65.1,,,
left,left_arm,left_tool0,world,-1.200000,1.400000,1.700000,-1,SUMMARY,,,,,,,,,0,9,0
left,left_arm,left_tool0,world,-1.200000,1.400000,1.800000,0,yaw-15_pitch-15,-0.10355339,0.60355339,-0.07945931,0.78656609,0,-31,ik_failed,54.5,,,
left,left_arm,left_tool0,world,-1.200000,1.400000,1.800000,1,yaw0_pitch-15,0.00000000,0.60876143,0.00000000,0.79335334,0,-31,ik_failed,50.6,,,
left,left_arm,left_tool0,world,-1.200000,1.400000,1.800000,2,yaw+15_pitch-15,0.10355339,0.60355339,0.07945931,0.78656609,0,-31,ik_failed,50.7,,,
left,left_arm,left_tool0,world,-1.200000,1.400000,1.800000,3,yaw-15_pitch0,-0.09229596,0.70105738,-0.09229596,0.70105738,0,-31,ik_failed,50.8,,,
left,left_arm,left_tool0,world,-1.200000,1.400000,1.800000,4,center,0.00000000,0.70710678,0.00000000,0.70710678,0,-31,ik_failed,50.7,,,
left,left_arm,left_tool0,world,-1.200000,1.400000,1.800000,5,yaw+15_pitch0,0.09229596,0.70105738,0.09229596,0.70105738,0,-31,ik_failed,50.6,,,
left,left_arm,left_tool0,world,-1.200000,1.400000,1.800000,6,yaw-15_pitch+15,-0.07945931,0.78656609,-0.10355339,0.60355339,0,-31,ik_failed,50.6,,,
left,left_arm,left_tool0,world,-1.200000,1.400000,1.800000,7,yaw0_pitch+15,0.00000000,0.79335334,0.00000000,0.60876143,0,-31,ik_failed,50.6,,,
left,left_arm,left_tool0,world,-1.200000,1.400000,1.800000,8,yaw+15_pitch+15,0.07945931,0.78656609,0.10355339,0.60355339,0,-31,ik_failed,50.6,,,
left,left_arm,left_tool0,world,-1.200000,1.400000,1.800000,-1,SUMMARY,,,,,,,,,0,9,0
left,left_arm,left_tool0,world,-1.200000,1.400000,1.900000,0,yaw-15_pitch-15,-0.10355339,0.60355339,-0.07945931,0.78656609,0,-31,ik_failed,50.6,,,
left,left_arm,left_tool0,world,-1.200000,1.400000,1.900000,1,yaw0_pitch-15,0.00000000,0.60876143,0.00000000,0.79335334,0,-31,ik_failed,50.8,,,
left,left_arm,left_tool0,world,-1.200000,1.400000,1.900000,2,yaw+15_pitch-15,0.10355339,0.60355339,0.07945931,0.78656609,0,-31,ik_failed,50.9,,,
left,left_arm,left_tool0,world,-1.200000,1.400000,1.900000,3,yaw-15_pitch0,-0.09229596,0.70105738,-0.09229596,0.70105738,0,-31,ik_failed,50.8,,,
left,left_arm,left_tool0,world,-1.200000,1.400000,1.900000,4,center,0.00000000,0.70710678,0.00000000,0.70710678,0,-31,ik_failed,50.8,,,
left,left_arm,left_tool0,world,-1.200000,1.400000,1.900000,5,yaw+15_pitch0,0.09229596,0.70105738,0.09229596,0.70105738,0,-31,ik_failed,50.9,,,
left,left_arm,left_tool0,world,-1.200000,1.400000,1.900000,6,yaw-15_pitch+15,-0.07945931,0.78656609,-0.10355339,0.60355339,0,-31,ik_failed,50.6,,,
left,left_arm,left_tool0,world,-1.200000,1.400000,1.900000,7,yaw0_pitch+15,0.00000000,0.79335334,0.00000000,0.60876143,0,-31,ik_failed,50.7,,,
left,left_arm,left_tool0,world,-1.200000,1.400000,1.900000,8,yaw+15_pitch+15,0.07945931,0.78656609,0.10355339,0.60355339,0,-31,ik_failed,50.7,,,
left,left_arm,left_tool0,world,-1.200000,1.400000,1.900000,-1,SUMMARY,,,,,,,,,0,9,0
left,left_arm,left_tool0,world,-1.200000,1.400000,2.000000,0,yaw-15_pitch-15,-0.10355339,0.60355339,-0.07945931,0.78656609,0,-31,ik_failed,56.4,,,
left,left_arm,left_tool0,world,-1.200000,1.400000,2.000000,1,yaw0_pitch-15,0.00000000,0.60876143,0.00000000,0.79335334,0,-31,ik_failed,56.9,,,
left,left_arm,left_tool0,world,-1.200000,1.400000,2.000000,2,yaw+15_pitch-15,0.10355339,0.60355339,0.07945931,0.78656609,0,-31,ik_failed,50.6,,,
left,left_arm,left_tool0,world,-1.200000,1.400000,2.000000,3,yaw-15_pitch0,-0.09229596,0.70105738,-0.09229596,0.70105738,0,-31,ik_failed,50.8,,,
left,left_arm,left_tool0,world,-1.200000,1.400000,2.000000,4,center,0.00000000,0.70710678,0.00000000,0.70710678,0,-31,ik_failed,51.1,,,
left,left_arm,left_tool0,world,-1.200000,1.400000,2.000000,5,yaw+15_pitch0,0.09229596,0.70105738,0.09229596,0.70105738,0,-31,ik_failed,51.0,,,
left,left_arm,left_tool0,world,-1.200000,1.400000,2.000000,6,yaw-15_pitch+15,-0.07945931,0.78656609,-0.10355339,0.60355339,0,-31,ik_failed,51.0,,,
left,left_arm,left_tool0,world,-1.200000,1.400000,2.000000,7,yaw0_pitch+15,0.00000000,0.79335334,0.00000000,0.60876143,0,-31,ik_failed,50.7,,,
left,left_arm,left_tool0,world,-1.200000,1.400000,2.000000,8,yaw+15_pitch+15,0.07945931,0.78656609,0.10355339,0.60355339,0,-31,ik_failed,51.5,,,
left,left_arm,left_tool0,world,-1.200000,1.400000,2.000000,-1,SUMMARY,,,,,,,,,0,9,0
left,left_arm,left_tool0,world,-1.200000,1.500000,0.000000,0,yaw-15_pitch-15,-0.10355339,0.60355339,-0.07945931,0.78656609,0,-31,ik_failed,51.3,,,
left,left_arm,left_tool0,world,-1.200000,1.500000,0.000000,1,yaw0_pitch-15,0.00000000,0.60876143,0.00000000,0.79335334,0,-31,ik_failed,50.5,,,
left,left_arm,left_tool0,world,-1.200000,1.500000,0.000000,2,yaw+15_pitch-15,0.10355339,0.60355339,0.07945931,0.78656609,0,-31,ik_failed,56.1,,,
left,left_arm,left_tool0,world,-1.200000,1.500000,0.000000,3,yaw-15_pitch0,-0.09229596,0.70105738,-0.09229596,0.70105738,0,-31,ik_failed,53.6,,,
left,left_arm,left_tool0,world,-1.200000,1.500000,0.000000,4,center,0.00000000,0.70710678,0.00000000,0.70710678,0,-31,ik_failed,54.2,,,
left,left_arm,left_tool0,world,-1.200000,1.500000,0.000000,5,yaw+15_pitch0,0.09229596,0.70105738,0.09229596,0.70105738,0,-31,ik_failed,60.0,,,
left,left_arm,left_tool0,world,-1.200000,1.500000,0.000000,6,yaw-15_pitch+15,-0.07945931,0.78656609,-0.10355339,0.60355339,0,-31,ik_failed,50.8,,,
left,left_arm,left_tool0,world,-1.200000,1.500000,0.000000,7,yaw0_pitch+15,0.00000000,0.79335334,0.00000000,0.60876143,0,-31,ik_failed,54.9,,,
left,left_arm,left_tool0,world,-1.200000,1.500000,0.000000,8,yaw+15_pitch+15,0.07945931,0.78656609,0.10355339,0.60355339,0,-31,ik_failed,50.9,,,
left,left_arm,left_tool0,world,-1.200000,1.500000,0.000000,-1,SUMMARY,,,,,,,,,0,9,0
left,left_arm,left_tool0,world,-1.200000,1.500000,0.100000,0,yaw-15_pitch-15,-0.10355339,0.60355339,-0.07945931,0.78656609,0,-31,ik_failed,52.9,,,
left,left_arm,left_tool0,world,-1.200000,1.500000,0.100000,1,yaw0_pitch-15,0.00000000,0.60876143,0.00000000,0.79335334,0,-31,ik_failed,57.3,,,
left,left_arm,left_tool0,world,-1.200000,1.500000,0.100000,2,yaw+15_pitch-15,0.10355339,0.60355339,0.07945931,0.78656609,0,-31,ik_failed,50.6,,,
left,left_arm,left_tool0,world,-1.200000,1.500000,0.100000,3,yaw-15_pitch0,-0.09229596,0.70105738,-0.09229596,0.70105738,0,-31,ik_failed,50.6,,,
left,left_arm,left_tool0,world,-1.200000,1.500000,0.100000,4,center,0.00000000,0.70710678,0.00000000,0.70710678,0,-31,ik_failed,50.7,,,
left,left_arm,left_tool0,world,-1.200000,1.500000,0.100000,5,yaw+15_pitch0,0.09229596,0.70105738,0.09229596,0.70105738,0,-31,ik_failed,56.4,,,
left,left_arm,left_tool0,world,-1.200000,1.500000,0.100000,6,yaw-15_pitch+15,-0.07945931,0.78656609,-0.10355339,0.60355339,0,-31,ik_failed,52.7,,,
left,left_arm,left_tool0,world,-1.200000,1.500000,0.100000,7,yaw0_pitch+15,0.00000000,0.79335334,0.00000000,0.60876143,0,-31,ik_failed,50.6,,,
left,left_arm,left_tool0,world,-1.200000,1.500000,0.100000,8,yaw+15_pitch+15,0.07945931,0.78656609,0.10355339,0.60355339,0,-31,ik_failed,50.9,,,
left,left_arm,left_tool0,world,-1.200000,1.500000,0.100000,-1,SUMMARY,,,,,,,,,0,9,0
left,left_arm,left_tool0,world,-1.200000,1.500000,0.200000,0,yaw-15_pitch-15,-0.10355339,0.60355339,-0.07945931,0.78656609,0,-31,ik_failed,53.5,,,
left,left_arm,left_tool0,world,-1.200000,1.500000,0.200000,1,yaw0_pitch-15,0.00000000,0.60876143,0.00000000,0.79335334,0,-31,ik_failed,50.9,,,
left,left_arm,left_tool0,world,-1.200000,1.500000,0.200000,2,yaw+15_pitch-15,0.10355339,0.60355339,0.07945931,0.78656609,0,-31,ik_failed,50.9,,,
left,left_arm,left_tool0,world,-1.200000,1.500000,0.200000,3,yaw-15_pitch0,-0.09229596,0.70105738,-0.09229596,0.70105738,0,-31,ik_failed,50.6,,,
left,left_arm,left_tool0,world,-1.200000,1.500000,0.200000,4,center,0.00000000,0.70710678,0.00000000,0.70710678,0,-31,ik_failed,50.5,,,
left,left_arm,left_tool0,world,-1.200000,1.500000,0.200000,5,yaw+15_pitch0,0.09229596,0.70105738,0.09229596,0.70105738,0,-31,ik_failed,50.8,,,
left,left_arm,left_tool0,world,-1.200000,1.500000,0.200000,6,yaw-15_pitch+15,-0.07945931,0.78656609,-0.10355339,0.60355339,0,-31,ik_failed,50.6,,,
left,left_arm,left_tool0,world,-1.200000,1.500000,0.200000,7,yaw0_pitch+15,0.00000000,0.79335334,0.00000000,0.60876143,0,-31,ik_failed,51.0,,,
left,left_arm,left_tool0,world,-1.200000,1.500000,0.200000,8,yaw+15_pitch+15,0.07945931,0.78656609,0.10355339,0.60355339,0,-31,ik_failed,50.7,,,
left,left_arm,left_tool0,world,-1.200000,1.500000,0.200000,-1,SUMMARY,,,,,,,,,0,9,0
left,left_arm,left_tool0,world,-1.200000,1.500000,0.300000,0,yaw-15_pitch-15,-0.10355339,0.60355339,-0.07945931,0.78656609,0,-31,ik_failed,51.0,,,
left,left_arm,left_tool0,world,-1.200000,1.500000,0.300000,1,yaw0_pitch-15,0.00000000,0.60876143,0.00000000,0.79335334,0,-31,ik_failed,50.8,,,
left,left_arm,left_tool0,world,-1.200000,1.500000,0.300000,2,yaw+15_pitch-15,0.10355339,0.60355339,0.07945931,0.78656609,0,-31,ik_failed,51.7,,,
left,left_arm,left_tool0,world,-1.200000,1.500000,0.300000,3,yaw-15_pitch0,-0.09229596,0.70105738,-0.09229596,0.70105738,0,-31,ik_failed,50.8,,,
left,left_arm,left_tool0,world,-1.200000,1.500000,0.300000,4,center,0.00000000,0.70710678,0.00000000,0.70710678,0,-31,ik_failed,50.7,,,
left,left_arm,left_tool0,world,-1.200000,1.500000,0.300000,5,yaw+15_pitch0,0.09229596,0.70105738,0.09229596,0.70105738,0,-31,ik_failed,51.3,,,
left,left_arm,left_tool0,world,-1.200000,1.500000,0.300000,6,yaw-15_pitch+15,-0.07945931,0.78656609,-0.10355339,0.60355339,0,-31,ik_failed,50.5,,,
left,left_arm,left_tool0,world,-1.200000,1.500000,0.300000,7,yaw0_pitch+15,0.00000000,0.79335334,0.00000000,0.60876143,0,-31,ik_failed,50.9,,,
left,left_arm,left_tool0,world,-1.200000,1.500000,0.300000,8,yaw+15_pitch+15,0.07945931,0.78656609,0.10355339,0.60355339,0,-31,ik_failed,50.7,,,
left,left_arm,left_tool0,world,-1.200000,1.500000,0.300000,-1,SUMMARY,,,,,,,,,0,9,0
left,left_arm,left_tool0,world,-1.200000,1.500000,0.400000,0,yaw-15_pitch-15,-0.10355339,0.60355339,-0.07945931,0.78656609,0,-31,ik_failed,52.5,,,
left,left_arm,left_tool0,world,-1.200000,1.500000,0.400000,1,yaw0_pitch-15,0.00000000,0.60876143,0.00000000,0.79335334,0,-31,ik_failed,50.7,,,
left,left_arm,left_tool0,world,-1.200000,1.500000,0.400000,2,yaw+15_pitch-15,0.10355339,0.60355339,0.07945931,0.78656609,0,-31,ik_failed,50.8,,,
left,left_arm,left_tool0,world,-1.200000,1.500000,0.400000,3,yaw-15_pitch0,-0.09229596,0.70105738,-0.09229596,0.70105738,0,-31,ik_failed,50.7,,,
left,left_arm,left_tool0,world,-1.200000,1.500000,0.400000,4,center,0.00000000,0.70710678,0.00000000,0.70710678,0,-31,ik_failed,51.0,,,
left,left_arm,left_tool0,world,-1.200000,1.500000,0.400000,5,yaw+15_pitch0,0.09229596,0.70105738,0.09229596,0.70105738,0,-31,ik_failed,51.4,,,
left,left_arm,left_tool0,world,-1.200000,1.500000,0.400000,6,yaw-15_pitch+15,-0.07945931,0.78656609,-0.10355339,0.60355339,0,-31,ik_failed,52.5,,,
left,left_arm,left_tool0,world,-1.200000,1.500000,0.400000,7,yaw0_pitch+15,0.00000000,0.79335334,0.00000000,0.60876143,0,-31,ik_failed,52.0,,,
left,left_arm,left_tool0,world,-1.200000,1.500000,0.400000,8,yaw+15_pitch+15,0.07945931,0.78656609,0.10355339,0.60355339,0,-31,ik_failed,51.3,,,
left,left_arm,left_tool0,world,-1.200000,1.500000,0.400000,-1,SUMMARY,,,,,,,,,0,9,0
left,left_arm,left_tool0,world,-1.200000,1.500000,0.500000,0,yaw-15_pitch-15,-0.10355339,0.60355339,-0.07945931,0.78656609,0,-31,ik_failed,50.7,,,
left,left_arm,left_tool0,world,-1.200000,1.500000,0.500000,1,yaw0_pitch-15,0.00000000,0.60876143,0.00000000,0.79335334,0,-31,ik_failed,53.4,,,
left,left_arm,left_tool0,world,-1.200000,1.500000,0.500000,2,yaw+15_pitch-15,0.10355339,0.60355339,0.07945931,0.78656609,0,-31,ik_failed,50.8,,,
left,left_arm,left_tool0,world,-1.200000,1.500000,0.500000,3,yaw-15_pitch0,-0.09229596,0.70105738,-0.09229596,0.70105738,0,-31,ik_failed,50.6,,,
left,left_arm,left_tool0,world,-1.200000,1.500000,0.500000,4,center,0.00000000,0.70710678,0.00000000,0.70710678,0,-31,ik_failed,50.7,,,
left,left_arm,left_tool0,world,-1.200000,1.500000,0.500000,5,yaw+15_pitch0,0.09229596,0.70105738,0.09229596,0.70105738,0,-31,ik_failed,50.9,,,
left,left_arm,left_tool0,world,-1.200000,1.500000,0.500000,6,yaw-15_pitch+15,-0.07945931,0.78656609,-0.10355339,0.60355339,0,-31,ik_failed,50.8,,,
left,left_arm,left_tool0,world,-1.200000,1.500000,0.500000,7,yaw0_pitch+15,0.00000000,0.79335334,0.00000000,0.60876143,0,-31,ik_failed,52.3,,,
left,left_arm,left_tool0,world,-1.200000,1.500000,0.500000,8,yaw+15_pitch+15,0.07945931,0.78656609,0.10355339,0.60355339,0,-31,ik_failed,50.9,,,
left,left_arm,left_tool0,world,-1.200000,1.500000,0.500000,-1,SUMMARY,,,,,,,,,0,9,0
left,left_arm,left_tool0,world,-1.200000,1.500000,0.600000,0,yaw-15_pitch-15,-0.10355339,0.60355339,-0.07945931,0.78656609,0,-31,ik_failed,50.7,,,
left,left_arm,left_tool0,world,-1.200000,1.500000,0.600000,1,yaw0_pitch-15,0.00000000,0.60876143,0.00000000,0.79335334,0,-31,ik_failed,50.7,,,
left,left_arm,left_tool0,world,-1.200000,1.500000,0.600000,2,yaw+15_pitch-15,0.10355339,0.60355339,0.07945931,0.78656609,0,-31,ik_failed,50.8,,,
left,left_arm,left_tool0,world,-1.200000,1.500000,0.600000,3,yaw-15_pitch0,-0.09229596,0.70105738,-0.09229596,0.70105738,0,-31,ik_failed,50.7,,,
left,left_arm,left_tool0,world,-1.200000,1.500000,0.600000,4,center,0.00000000,0.70710678,0.00000000,0.70710678,0,-31,ik_failed,55.1,,,
left,left_arm,left_tool0,world,-1.200000,1.500000,0.600000,5,yaw+15_pitch0,0.09229596,0.70105738,0.09229596,0.70105738,0,-31,ik_failed,51.3,,,
left,left_arm,left_tool0,world,-1.200000,1.500000,0.600000,6,yaw-15_pitch+15,-0.07945931,0.78656609,-0.10355339,0.60355339,0,-31,ik_failed,50.7,,,
left,left_arm,left_tool0,world,-1.200000,1.500000,0.600000,7,yaw0_pitch+15,0.00000000,0.79335334,0.00000000,0.60876143,0,-31,ik_failed,52.1,,,
left,left_arm,left_tool0,world,-1.200000,1.500000,0.600000,8,yaw+15_pitch+15,0.07945931,0.78656609,0.10355339,0.60355339,0,-31,ik_failed,52.1,,,
left,left_arm,left_tool0,world,-1.200000,1.500000,0.600000,-1,SUMMARY,,,,,,,,,0,9,0
left,left_arm,left_tool0,world,-1.200000,1.500000,0.700000,0,yaw-15_pitch-15,-0.10355339,0.60355339,-0.07945931,0.78656609,0,-31,ik_failed,53.4,,,
left,left_arm,left_tool0,world,-1.200000,1.500000,0.700000,1,yaw0_pitch-15,0.00000000,0.60876143,0.00000000,0.79335334,0,-31,ik_failed,52.4,,,
left,left_arm,left_tool0,world,-1.200000,1.500000,0.700000,2,yaw+15_pitch-15,0.10355339,0.60355339,0.07945931,0.78656609,0,-31,ik_failed,50.6,,,
left,left_arm,left_tool0,world,-1.200000,1.500000,0.700000,3,yaw-15_pitch0,-0.09229596,0.70105738,-0.09229596,0.70105738,0,-31,ik_failed,50.8,,,
left,left_arm,left_tool0,world,-1.200000,1.500000,0.700000,4,center,0.00000000,0.70710678,0.00000000,0.70710678,0,-31,ik_failed,50.6,,,
left,left_arm,left_tool0,world,-1.200000,1.500000,0.700000,5,yaw+15_pitch0,0.09229596,0.70105738,0.09229596,0.70105738,0,-31,ik_failed,50.9,,,
left,left_arm,left_tool0,world,-1.200000,1.500000,0.700000,6,yaw-15_pitch+15,-0.07945931,0.78656609,-0.10355339,0.60355339,0,-31,ik_failed,50.7,,,
left,left_arm,left_tool0,world,-1.200000,1.500000,0.700000,7,yaw0_pitch+15,0.00000000,0.79335334,0.00000000,0.60876143,0,-31,ik_failed,50.6,,,
left,left_arm,left_tool0,world,-1.200000,1.500000,0.700000,8,yaw+15_pitch+15,0.07945931,0.78656609,0.10355339,0.60355339,0,-31,ik_failed,50.7,,,
left,left_arm,left_tool0,world,-1.200000,1.500000,0.700000,-1,SUMMARY,,,,,,,,,0,9,0
left,left_arm,left_tool0,world,-1.200000,1.500000,0.800000,0,yaw-15_pitch-15,-0.10355339,0.60355339,-0.07945931,0.78656609,0,-31,ik_failed,50.5,,,
left,left_arm,left_tool0,world,-1.200000,1.500000,0.800000,1,yaw0_pitch-15,0.00000000,0.60876143,0.00000000,0.79335334,0,-31,ik_failed,50.7,,,
left,left_arm,left_tool0,world,-1.200000,1.500000,0.800000,2,yaw+15_pitch-15,0.10355339,0.60355339,0.07945931,0.78656609,0,-31,ik_failed,51.0,,,
left,left_arm,left_tool0,world,-1.200000,1.500000,0.800000,3,yaw-15_pitch0,-0.09229596,0.70105738,-0.09229596,0.70105738,0,-31,ik_failed,50.8,,,
left,left_arm,left_tool0,world,-1.200000,1.500000,0.800000,4,center,0.00000000,0.70710678,0.00000000,0.70710678,0,-31,ik_failed,50.7,,,
left,left_arm,left_tool0,world,-1.200000,1.500000,0.800000,5,yaw+15_pitch0,0.09229596,0.70105738,0.09229596,0.70105738,0,-31,ik_failed,50.6,,,
left,left_arm,left_tool0,world,-1.200000,1.500000,0.800000,6,yaw-15_pitch+15,-0.07945931,0.78656609,-0.10355339,0.60355339,0,-31,ik_failed,50.6,,,
left,left_arm,left_tool0,world,-1.200000,1.500000,0.800000,7,yaw0_pitch+15,0.00000000,0.79335334,0.00000000,0.60876143,0,-31,ik_failed,50.7,,,
left,left_arm,left_tool0,world,-1.200000,1.500000,0.800000,8,yaw+15_pitch+15,0.07945931,0.78656609,0.10355339,0.60355339,0,-31,ik_failed,53.8,,,
left,left_arm,left_tool0,world,-1.200000,1.500000,0.800000,-1,SUMMARY,,,,,,,,,0,9,0
left,left_arm,left_tool0,world,-1.200000,1.500000,0.900000,0,yaw-15_pitch-15,-0.10355339,0.60355339,-0.07945931,0.78656609,0,-31,ik_failed,52.4,,,
left,left_arm,left_tool0,world,-1.200000,1.500000,0.900000,1,yaw0_pitch-15,0.00000000,0.60876143,0.00000000,0.79335334,0,-31,ik_failed,50.7,,,
left,left_arm,left_tool0,world,-1.200000,1.500000,0.900000,2,yaw+15_pitch-15,0.10355339,0.60355339,0.07945931,0.78656609,0,-31,ik_failed,57.0,,,
left,left_arm,left_tool0,world,-1.200000,1.500000,0.900000,3,yaw-15_pitch0,-0.09229596,0.70105738,-0.09229596,0.70105738,0,-31,ik_failed,51.6,,,
left,left_arm,left_tool0,world,-1.200000,1.500000,0.900000,4,center,0.00000000,0.70710678,0.00000000,0.70710678,0,-31,ik_failed,50.7,,,
left,left_arm,left_tool0,world,-1.200000,1.500000,0.900000,5,yaw+15_pitch0,0.09229596,0.70105738,0.09229596,0.70105738,0,-31,ik_failed,50.9,,,
left,left_arm,left_tool0,world,-1.200000,1.500000,0.900000,6,yaw-15_pitch+15,-0.07945931,0.78656609,-0.10355339,0.60355339,0,-31,ik_failed,51.2,,,
left,left_arm,left_tool0,world,-1.200000,1.500000,0.900000,7,yaw0_pitch+15,0.00000000,0.79335334,0.00000000,0.60876143,0,-31,ik_failed,50.8,,,
left,left_arm,left_tool0,world,-1.200000,1.500000,0.900000,8,yaw+15_pitch+15,0.07945931,0.78656609,0.10355339,0.60355339,0,-31,ik_failed,50.6,,,
left,left_arm,left_tool0,world,-1.200000,1.500000,0.900000,-1,SUMMARY,,,,,,,,,0,9,0
left,left_arm,left_tool0,world,-1.200000,1.500000,1.000000,0,yaw-15_pitch-15,-0.10355339,0.60355339,-0.07945931,0.78656609,0,-31,ik_failed,50.6,,,
left,left_arm,left_tool0,world,-1.200000,1.500000,1.000000,1,yaw0_pitch-15,0.00000000,0.60876143,0.00000000,0.79335334,0,-31,ik_failed,50.6,,,
left,left_arm,left_tool0,world,-1.200000,1.500000,1.000000,2,yaw+15_pitch-15,0.10355339,0.60355339,0.07945931,0.78656609,0,-31,ik_failed,50.9,,,
left,left_arm,left_tool0,world,-1.200000,1.500000,1.000000,3,yaw-15_pitch0,-0.09229596,0.70105738,-0.09229596,0.70105738,0,-31,ik_failed,50.9,,,
left,left_arm,left_tool0,world,-1.200000,1.500000,1.000000,4,center,0.00000000,0.70710678,0.00000000,0.70710678,0,-31,ik_failed,50.8,,,
left,left_arm,left_tool0,world,-1.200000,1.500000,1.000000,5,yaw+15_pitch0,0.09229596,0.70105738,0.09229596,0.70105738,0,-31,ik_failed,50.5,,,
left,left_arm,left_tool0,world,-1.200000,1.500000,1.000000,6,yaw-15_pitch+15,-0.07945931,0.78656609,-0.10355339,0.60355339,0,-31,ik_failed,53.6,,,
left,left_arm,left_tool0,world,-1.200000,1.500000,1.000000,7,yaw0_pitch+15,0.00000000,0.79335334,0.00000000,0.60876143,0,-31,ik_failed,51.4,,,
left,left_arm,left_tool0,world,-1.200000,1.500000,1.000000,8,yaw+15_pitch+15,0.07945931,0.78656609,0.10355339,0.60355339,0,-31,ik_failed,50.7,,,
left,left_arm,left_tool0,world,-1.200000,1.500000,1.000000,-1,SUMMARY,,,,,,,,,0,9,0
left,left_arm,left_tool0,world,-1.200000,1.500000,1.100000,0,yaw-15_pitch-15,-0.10355339,0.60355339,-0.07945931,0.78656609,0,-31,ik_failed,50.8,,,
left,left_arm,left_tool0,world,-1.200000,1.500000,1.100000,1,yaw0_pitch-15,0.00000000,0.60876143,0.00000000,0.79335334,0,-31,ik_failed,50.6,,,
left,left_arm,left_tool0,world,-1.200000,1.500000,1.100000,2,yaw+15_pitch-15,0.10355339,0.60355339,0.07945931,0.78656609,0,-31,ik_failed,51.0,,,
left,left_arm,left_tool0,world,-1.200000,1.500000,1.100000,3,yaw-15_pitch0,-0.09229596,0.70105738,-0.09229596,0.70105738,0,-31,ik_failed,50.8,,,
left,left_arm,left_tool0,world,-1.200000,1.500000,1.100000,4,center,0.00000000,0.70710678,0.00000000,0.70710678,0,-31,ik_failed,51.1,,,
left,left_arm,left_tool0,world,-1.200000,1.500000,1.100000,5,yaw+15_pitch0,0.09229596,0.70105738,0.09229596,0.70105738,0,-31,ik_failed,51.0,,,
left,left_arm,left_tool0,world,-1.200000,1.500000,1.100000,6,yaw-15_pitch+15,-0.07945931,0.78656609,-0.10355339,0.60355339,0,-31,ik_failed,51.0,,,
left,left_arm,left_tool0,world,-1.200000,1.500000,1.100000,7,yaw0_pitch+15,0.00000000,0.79335334,0.00000000,0.60876143,0,-31,ik_failed,50.7,,,
left,left_arm,left_tool0,world,-1.200000,1.500000,1.100000,8,yaw+15_pitch+15,0.07945931,0.78656609,0.10355339,0.60355339,0,-31,ik_failed,50.9,,,
left,left_arm,left_tool0,world,-1.200000,1.500000,1.100000,-1,SUMMARY,,,,,,,,,0,9,0
left,left_arm,left_tool0,world,-1.200000,1.500000,1.200000,0,yaw-15_pitch-15,-0.10355339,0.60355339,-0.07945931,0.78656609,0,-31,ik_failed,50.7,,,
left,left_arm,left_tool0,world,-1.200000,1.500000,1.200000,1,yaw0_pitch-15,0.00000000,0.60876143,0.00000000,0.79335334,0,-31,ik_failed,50.6,,,
left,left_arm,left_tool0,world,-1.200000,1.500000,1.200000,2,yaw+15_pitch-15,0.10355339,0.60355339,0.07945931,0.78656609,0,-31,ik_failed,51.0,,,
left,left_arm,left_tool0,world,-1.200000,1.500000,1.200000,3,yaw-15_pitch0,-0.09229596,0.70105738,-0.09229596,0.70105738,0,-31,ik_failed,50.7,,,
left,left_arm,left_tool0,world,-1.200000,1.500000,1.200000,4,center,0.00000000,0.70710678,0.00000000,0.70710678,0,-31,ik_failed,50.7,,,
left,left_arm,left_tool0,world,-1.200000,1.500000,1.200000,5,yaw+15_pitch0,0.09229596,0.70105738,0.09229596,0.70105738,0,-31,ik_failed,50.7,,,
left,left_arm,left_tool0,world,-1.200000,1.500000,1.200000,6,yaw-15_pitch+15,-0.07945931,0.78656609,-0.10355339,0.60355339,0,-31,ik_failed,51.1,,,
left,left_arm,left_tool0,world,-1.200000,1.500000,1.200000,7,yaw0_pitch+15,0.00000000,0.79335334,0.00000000,0.60876143,0,-31,ik_failed,50.7,,,
left,left_arm,left_tool0,world,-1.200000,1.500000,1.200000,8,yaw+15_pitch+15,0.07945931,0.78656609,0.10355339,0.60355339,0,-31,ik_failed,50.5,,,
left,left_arm,left_tool0,world,-1.200000,1.500000,1.200000,-1,SUMMARY,,,,,,,,,0,9,0
left,left_arm,left_tool0,world,-1.200000,1.500000,1.300000,0,yaw-15_pitch-15,-0.10355339,0.60355339,-0.07945931,0.78656609,0,-31,ik_failed,50.5,,,
left,left_arm,left_tool0,world,-1.200000,1.500000,1.300000,1,yaw0_pitch-15,0.00000000,0.60876143,0.00000000,0.79335334,0,-31,ik_failed,50.7,,,
left,left_arm,left_tool0,world,-1.200000,1.500000,1.300000,2,yaw+15_pitch-15,0.10355339,0.60355339,0.07945931,0.78656609,0,-31,ik_failed,50.6,,,
left,left_arm,left_tool0,world,-1.200000,1.500000,1.300000,3,yaw-15_pitch0,-0.09229596,0.70105738,-0.09229596,0.70105738,0,-31,ik_failed,50.7,,,
left,left_arm,left_tool0,world,-1.200000,1.500000,1.300000,4,center,0.00000000,0.70710678,0.00000000,0.70710678,0,-31,ik_failed,50.7,,,
left,left_arm,left_tool0,world,-1.200000,1.500000,1.300000,5,yaw+15_pitch0,0.09229596,0.70105738,0.09229596,0.70105738,0,-31,ik_failed,50.7,,,
left,left_arm,left_tool0,world,-1.200000,1.500000,1.300000,6,yaw-15_pitch+15,-0.07945931,0.78656609,-0.10355339,0.60355339,0,-31,ik_failed,50.6,,,
left,left_arm,left_tool0,world,-1.200000,1.500000,1.300000,7,yaw0_pitch+15,0.00000000,0.79335334,0.00000000,0.60876143,0,-31,ik_failed,50.7,,,
left,left_arm,left_tool0,world,-1.200000,1.500000,1.300000,8,yaw+15_pitch+15,0.07945931,0.78656609,0.10355339,0.60355339,0,-31,ik_failed,51.2,,,
left,left_arm,left_tool0,world,-1.200000,1.500000,1.300000,-1,SUMMARY,,,,,,,,,0,9,0
left,left_arm,left_tool0,world,-1.200000,1.500000,1.400000,0,yaw-15_pitch-15,-0.10355339,0.60355339,-0.07945931,0.78656609,0,-31,ik_failed,53.2,,,
left,left_arm,left_tool0,world,-1.200000,1.500000,1.400000,1,yaw0_pitch-15,0.00000000,0.60876143,0.00000000,0.79335334,0,-31,ik_failed,51.8,,,
left,left_arm,left_tool0,world,-1.200000,1.500000,1.400000,2,yaw+15_pitch-15,0.10355339,0.60355339,0.07945931,0.78656609,0,-31,ik_failed,57.4,,,
left,left_arm,left_tool0,world,-1.200000,1.500000,1.400000,3,yaw-15_pitch0,-0.09229596,0.70105738,-0.09229596,0.70105738,0,-31,ik_failed,52.4,,,
left,left_arm,left_tool0,world,-1.200000,1.500000,1.400000,4,center,0.00000000,0.70710678,0.00000000,0.70710678,0,-31,ik_failed,50.7,,,
left,left_arm,left_tool0,world,-1.200000,1.500000,1.400000,5,yaw+15_pitch0,0.09229596,0.70105738,0.09229596,0.70105738,0,-31,ik_failed,50.6,,,
left,left_arm,left_tool0,world,-1.200000,1.500000,1.400000,6,yaw-15_pitch+15,-0.07945931,0.78656609,-0.10355339,0.60355339,0,-31,ik_failed,52.0,,,
left,left_arm,left_tool0,world,-1.200000,1.500000,1.400000,7,yaw0_pitch+15,0.00000000,0.79335334,0.00000000,0.60876143,0,-31,ik_failed,64.3,,,
left,left_arm,left_tool0,world,-1.200000,1.500000,1.400000,8,yaw+15_pitch+15,0.07945931,0.78656609,0.10355339,0.60355339,0,-31,ik_failed,51.5,,,
left,left_arm,left_tool0,world,-1.200000,1.500000,1.400000,-1,SUMMARY,,,,,,,,,0,9,0
left,left_arm,left_tool0,world,-1.200000,1.500000,1.500000,0,yaw-15_pitch-15,-0.10355339,0.60355339,-0.07945931,0.78656609,0,-31,ik_failed,58.1,,,
left,left_arm,left_tool0,world,-1.200000,1.500000,1.500000,1,yaw0_pitch-15,0.00000000,0.60876143,0.00000000,0.79335334,0,-31,ik_failed,51.1,,,
left,left_arm,left_tool0,world,-1.200000,1.500000,1.500000,2,yaw+15_pitch-15,0.10355339,0.60355339,0.07945931,0.78656609,0,-31,ik_failed,51.3,,,
left,left_arm,left_tool0,world,-1.200000,1.500000,1.500000,3,yaw-15_pitch0,-0.09229596,0.70105738,-0.09229596,0.70105738,0,-31,ik_failed,50.9,,,
left,left_arm,left_tool0,world,-1.200000,1.500000,1.500000,4,center,0.00000000,0.70710678,0.00000000,0.70710678,0,-31,ik_failed,54.3,,,
left,left_arm,left_tool0,world,-1.200000,1.500000,1.500000,5,yaw+15_pitch0,0.09229596,0.70105738,0.09229596,0.70105738,0,-31,ik_failed,51.1,,,
left,left_arm,left_tool0,world,-1.200000,1.500000,1.500000,6,yaw-15_pitch+15,-0.07945931,0.78656609,-0.10355339,0.60355339,0,-31,ik_failed,56.1,,,
left,left_arm,left_tool0,world,-1.200000,1.500000,1.500000,7,yaw0_pitch+15,0.00000000,0.79335334,0.00000000,0.60876143,0,-31,ik_failed,51.9,,,
left,left_arm,left_tool0,world,-1.200000,1.500000,1.500000,8,yaw+15_pitch+15,0.07945931,0.78656609,0.10355339,0.60355339,0,-31,ik_failed,50.7,,,
left,left_arm,left_tool0,world,-1.200000,1.500000,1.500000,-1,SUMMARY,,,,,,,,,0,9,0
left,left_arm,left_tool0,world,-1.200000,1.500000,1.600000,0,yaw-15_pitch-15,-0.10355339,0.60355339,-0.07945931,0.78656609,0,-31,ik_failed,54.5,,,
left,left_arm,left_tool0,world,-1.200000,1.500000,1.600000,1,yaw0_pitch-15,0.00000000,0.60876143,0.00000000,0.79335334,0,-31,ik_failed,62.7,,,
left,left_arm,left_tool0,world,-1.200000,1.500000,1.600000,2,yaw+15_pitch-15,0.10355339,0.60355339,0.07945931,0.78656609,0,-31,ik_failed,50.7,,,
left,left_arm,left_tool0,world,-1.200000,1.500000,1.600000,3,yaw-15_pitch0,-0.09229596,0.70105738,-0.09229596,0.70105738,0,-31,ik_failed,50.6,,,
left,left_arm,left_tool0,world,-1.200000,1.500000,1.600000,4,center,0.00000000,0.70710678,0.00000000,0.70710678,0,-31,ik_failed,54.1,,,
left,left_arm,left_tool0,world,-1.200000,1.500000,1.600000,5,yaw+15_pitch0,0.09229596,0.70105738,0.09229596,0.70105738,0,-31,ik_failed,50.8,,,
left,left_arm,left_tool0,world,-1.200000,1.500000,1.600000,6,yaw-15_pitch+15,-0.07945931,0.78656609,-0.10355339,0.60355339,0,-31,ik_failed,54.3,,,
left,left_arm,left_tool0,world,-1.200000,1.500000,1.600000,7,yaw0_pitch+15,0.00000000,0.79335334,0.00000000,0.60876143,0,-31,ik_failed,50.7,,,
left,left_arm,left_tool0,world,-1.200000,1.500000,1.600000,8,yaw+15_pitch+15,0.07945931,0.78656609,0.10355339,0.60355339,0,-31,ik_failed,50.9,,,
left,left_arm,left_tool0,world,-1.200000,1.500000,1.600000,-1,SUMMARY,,,,,,,,,0,9,0
left,left_arm,left_tool0,world,-1.200000,1.500000,1.700000,0,yaw-15_pitch-15,-0.10355339,0.60355339,-0.07945931,0.78656609,0,-31,ik_failed,50.7,,,
left,left_arm,left_tool0,world,-1.200000,1.500000,1.700000,1,yaw0_pitch-15,0.00000000,0.60876143,0.00000000,0.79335334,0,-31,ik_failed,50.7,,,
left,left_arm,left_tool0,world,-1.200000,1.500000,1.700000,2,yaw+15_pitch-15,0.10355339,0.60355339,0.07945931,0.78656609,0,-31,ik_failed,50.7,,,
left,left_arm,left_tool0,world,-1.200000,1.500000,1.700000,3,yaw-15_pitch0,-0.09229596,0.70105738,-0.09229596,0.70105738,0,-31,ik_failed,50.6,,,
left,left_arm,left_tool0,world,-1.200000,1.500000,1.700000,4,center,0.00000000,0.70710678,0.00000000,0.70710678,0,-31,ik_failed,51.0,,,
left,left_arm,left_tool0,world,-1.200000,1.500000,1.700000,5,yaw+15_pitch0,0.09229596,0.70105738,0.09229596,0.70105738,0,-31,ik_failed,50.7,,,
left,left_arm,left_tool0,world,-1.200000,1.500000,1.700000,6,yaw-15_pitch+15,-0.07945931,0.78656609,-0.10355339,0.60355339,0,-31,ik_failed,50.8,,,
left,left_arm,left_tool0,world,-1.200000,1.500000,1.700000,7,yaw0_pitch+15,0.00000000,0.79335334,0.00000000,0.60876143,0,-31,ik_failed,50.8,,,
left,left_arm,left_tool0,world,-1.200000,1.500000,1.700000,8,yaw+15_pitch+15,0.07945931,0.78656609,0.10355339,0.60355339,0,-31,ik_failed,51.0,,,
left,left_arm,left_tool0,world,-1.200000,1.500000,1.700000,-1,SUMMARY,,,,,,,,,0,9,0
left,left_arm,left_tool0,world,-1.200000,1.500000,1.800000,0,yaw-15_pitch-15,-0.10355339,0.60355339,-0.07945931,0.78656609,0,-31,ik_failed,50.8,,,
left,left_arm,left_tool0,world,-1.200000,1.500000,1.800000,1,yaw0_pitch-15,0.00000000,0.60876143,0.00000000,0.79335334,0,-31,ik_failed,50.8,,,
left,left_arm,left_tool0,world,-1.200000,1.500000,1.800000,2,yaw+15_pitch-15,0.10355339,0.60355339,0.07945931,0.78656609,0,-31,ik_failed,50.7,,,
left,left_arm,left_tool0,world,-1.200000,1.500000,1.800000,3,yaw-15_pitch0,-0.09229596,0.70105738,-0.09229596,0.70105738,0,-31,ik_failed,50.8,,,
left,left_arm,left_tool0,world,-1.200000,1.500000,1.800000,4,center,0.00000000,0.70710678,0.00000000,0.70710678,0,-31,ik_failed,50.9,,,
left,left_arm,left_tool0,world,-1.200000,1.500000,1.800000,5,yaw+15_pitch0,0.09229596,0.70105738,0.09229596,0.70105738,0,-31,ik_failed,50.7,,,
left,left_arm,left_tool0,world,-1.200000,1.500000,1.800000,6,yaw-15_pitch+15,-0.07945931,0.78656609,-0.10355339,0.60355339,0,-31,ik_failed,50.7,,,
left,left_arm,left_tool0,world,-1.200000,1.500000,1.800000,7,yaw0_pitch+15,0.00000000,0.79335334,0.00000000,0.60876143,0,-31,ik_failed,50.7,,,
left,left_arm,left_tool0,world,-1.200000,1.500000,1.800000,8,yaw+15_pitch+15,0.07945931,0.78656609,0.10355339,0.60355339,0,-31,ik_failed,51.4,,,
left,left_arm,left_tool0,world,-1.200000,1.500000,1.800000,-1,SUMMARY,,,,,,,,,0,9,0
left,left_arm,left_tool0,world,-1.200000,1.500000,1.900000,0,yaw-15_pitch-15,-0.10355339,0.60355339,-0.07945931,0.78656609,0,-31,ik_failed,53.1,,,
left,left_arm,left_tool0,world,-1.200000,1.500000,1.900000,1,yaw0_pitch-15,0.00000000,0.60876143,0.00000000,0.79335334,0,-31,ik_failed,53.3,,,
left,left_arm,left_tool0,world,-1.200000,1.500000,1.900000,2,yaw+15_pitch-15,0.10355339,0.60355339,0.07945931,0.78656609,0,-31,ik_failed,52.9,,,
left,left_arm,left_tool0,world,-1.200000,1.500000,1.900000,3,yaw-15_pitch0,-0.09229596,0.70105738,-0.09229596,0.70105738,0,-31,ik_failed,51.1,,,
left,left_arm,left_tool0,world,-1.200000,1.500000,1.900000,4,center,0.00000000,0.70710678,0.00000000,0.70710678,0,-31,ik_failed,51.1,,,
left,left_arm,left_tool0,world,-1.200000,1.500000,1.900000,5,yaw+15_pitch0,0.09229596,0.70105738,0.09229596,0.70105738,0,-31,ik_failed,52.1,,,
left,left_arm,left_tool0,world,-1.200000,1.500000,1.900000,6,yaw-15_pitch+15,-0.07945931,0.78656609,-0.10355339,0.60355339,0,-31,ik_failed,57.2,,,
left,left_arm,left_tool0,world,-1.200000,1.500000,1.900000,7,yaw0_pitch+15,0.00000000,0.79335334,0.00000000,0.60876143,0,-31,ik_failed,56.7,,,
left,left_arm,left_tool0,world,-1.200000,1.500000,1.900000,8,yaw+15_pitch+15,0.07945931,0.78656609,0.10355339,0.60355339,0,-31,ik_failed,50.9,,,
left,left_arm,left_tool0,world,-1.200000,1.500000,1.900000,-1,SUMMARY,,,,,,,,,0,9,0
left,left_arm,left_tool0,world,-1.200000,1.500000,2.000000,0,yaw-15_pitch-15,-0.10355339,0.60355339,-0.07945931,0.78656609,0,-31,ik_failed,55.5,,,
left,left_arm,left_tool0,world,-1.200000,1.500000,2.000000,1,yaw0_pitch-15,0.00000000,0.60876143,0.00000000,0.79335334,0,-31,ik_failed,52.0,,,
left,left_arm,left_tool0,world,-1.200000,1.500000,2.000000,2,yaw+15_pitch-15,0.10355339,0.60355339,0.07945931,0.78656609,0,-31,ik_failed,52.0,,,
left,left_arm,left_tool0,world,-1.200000,1.500000,2.000000,3,yaw-15_pitch0,-0.09229596,0.70105738,-0.09229596,0.70105738,0,-31,ik_failed,52.3,,,
left,left_arm,left_tool0,world,-1.200000,1.500000,2.000000,4,center,0.00000000,0.70710678,0.00000000,0.70710678,0,-31,ik_failed,55.2,,,
left,left_arm,left_tool0,world,-1.200000,1.500000,2.000000,5,yaw+15_pitch0,0.09229596,0.70105738,0.09229596,0.70105738,0,-31,ik_failed,52.2,,,
left,left_arm,left_tool0,world,-1.200000,1.500000,2.000000,6,yaw-15_pitch+15,-0.07945931,0.78656609,-0.10355339,0.60355339,0,-31,ik_failed,50.8,,,
left,left_arm,left_tool0,world,-1.200000,1.500000,2.000000,7,yaw0_pitch+15,0.00000000,0.79335334,0.00000000,0.60876143,0,-31,ik_failed,51.1,,,
left,left_arm,left_tool0,world,-1.200000,1.500000,2.000000,8,yaw+15_pitch+15,0.07945931,0.78656609,0.10355339,0.60355339,0,-31,ik_failed,50.9,,,
left,left_arm,left_tool0,world,-1.200000,1.500000,2.000000,-1,SUMMARY,,,,,,,,,0,9,0
left,left_arm,left_tool0,world,-1.200000,1.600000,0.000000,0,yaw-15_pitch-15,-0.10355339,0.60355339,-0.07945931,0.78656609,0,-31,ik_failed,50.6,,,
left,left_arm,left_tool0,world,-1.200000,1.600000,0.000000,1,yaw0_pitch-15,0.00000000,0.60876143,0.00000000,0.79335334,0,-31,ik_failed,51.3,,,
left,left_arm,left_tool0,world,-1.200000,1.600000,0.000000,2,yaw+15_pitch-15,0.10355339,0.60355339,0.07945931,0.78656609,0,-31,ik_failed,51.4,,,
left,left_arm,left_tool0,world,-1.200000,1.600000,0.000000,3,yaw-15_pitch0,-0.09229596,0.70105738,-0.09229596,0.70105738,0,-31,ik_failed,63.0,,,
left,left_arm,left_tool0,world,-1.200000,1.600000,0.000000,4,center,0.00000000,0.70710678,0.00000000,0.70710678,0,-31,ik_failed,54.1,,,
left,left_arm,left_tool0,world,-1.200000,1.600000,0.000000,5,yaw+15_pitch0,0.09229596,0.70105738,0.09229596,0.70105738,0,-31,ik_failed,51.3,,,
left,left_arm,left_tool0,world,-1.200000,1.600000,0.000000,6,yaw-15_pitch+15,-0.07945931,0.78656609,-0.10355339,0.60355339,0,-31,ik_failed,55.3,,,
left,left_arm,left_tool0,world,-1.200000,1.600000,0.000000,7,yaw0_pitch+15,0.00000000,0.79335334,0.00000000,0.60876143,0,-31,ik_failed,50.8,,,
left,left_arm,left_tool0,world,-1.200000,1.600000,0.000000,8,yaw+15_pitch+15,0.07945931,0.78656609,0.10355339,0.60355339,0,-31,ik_failed,53.1,,,
left,left_arm,left_tool0,world,-1.200000,1.600000,0.000000,-1,SUMMARY,,,,,,,,,0,9,0
left,left_arm,left_tool0,world,-1.200000,1.600000,0.100000,0,yaw-15_pitch-15,-0.10355339,0.60355339,-0.07945931,0.78656609,0,-31,ik_failed,50.7,,,
left,left_arm,left_tool0,world,-1.200000,1.600000,0.100000,1,yaw0_pitch-15,0.00000000,0.60876143,0.00000000,0.79335334,0,-31,ik_failed,53.2,,,
left,left_arm,left_tool0,world,-1.200000,1.600000,0.100000,2,yaw+15_pitch-15,0.10355339,0.60355339,0.07945931,0.78656609,0,-31,ik_failed,51.3,,,
left,left_arm,left_tool0,world,-1.200000,1.600000,0.100000,3,yaw-15_pitch0,-0.09229596,0.70105738,-0.09229596,0.70105738,0,-31,ik_failed,50.9,,,
left,left_arm,left_tool0,world,-1.200000,1.600000,0.100000,4,center,0.00000000,0.70710678,0.00000000,0.70710678,0,-31,ik_failed,50.7,,,
left,left_arm,left_tool0,world,-1.200000,1.600000,0.100000,5,yaw+15_pitch0,0.09229596,0.70105738,0.09229596,0.70105738,0,-31,ik_failed,50.6,,,
left,left_arm,left_tool0,world,-1.200000,1.600000,0.100000,6,yaw-15_pitch+15,-0.07945931,0.78656609,-0.10355339,0.60355339,0,-31,ik_failed,50.6,,,
left,left_arm,left_tool0,world,-1.200000,1.600000,0.100000,7,yaw0_pitch+15,0.00000000,0.79335334,0.00000000,0.60876143,0,-31,ik_failed,50.9,,,
left,left_arm,left_tool0,world,-1.200000,1.600000,0.100000,8,yaw+15_pitch+15,0.07945931,0.78656609,0.10355339,0.60355339,0,-31,ik_failed,50.7,,,
left,left_arm,left_tool0,world,-1.200000,1.600000,0.100000,-1,SUMMARY,,,,,,,,,0,9,0
left,left_arm,left_tool0,world,-1.200000,1.600000,0.200000,0,yaw-15_pitch-15,-0.10355339,0.60355339,-0.07945931,0.78656609,0,-31,ik_failed,50.7,,,
left,left_arm,left_tool0,world,-1.200000,1.600000,0.200000,1,yaw0_pitch-15,0.00000000,0.60876143,0.00000000,0.79335334,0,-31,ik_failed,50.8,,,
left,left_arm,left_tool0,world,-1.200000,1.600000,0.200000,2,yaw+15_pitch-15,0.10355339,0.60355339,0.07945931,0.78656609,0,-31,ik_failed,50.7,,,
left,left_arm,left_tool0,world,-1.200000,1.600000,0.200000,3,yaw-15_pitch0,-0.09229596,0.70105738,-0.09229596,0.70105738,0,-31,ik_failed,50.6,,,
left,left_arm,left_tool0,world,-1.200000,1.600000,0.200000,4,center,0.00000000,0.70710678,0.00000000,0.70710678,0,-31,ik_failed,50.5,,,
left,left_arm,left_tool0,world,-1.200000,1.600000,0.200000,5,yaw+15_pitch0,0.09229596,0.70105738,0.09229596,0.70105738,0,-31,ik_failed,50.7,,,
left,left_arm,left_tool0,world,-1.200000,1.600000,0.200000,6,yaw-15_pitch+15,-0.07945931,0.78656609,-0.10355339,0.60355339,0,-31,ik_failed,50.7,,,
left,left_arm,left_tool0,world,-1.200000,1.600000,0.200000,7,yaw0_pitch+15,0.00000000,0.79335334,0.00000000,0.60876143,0,-31,ik_failed,51.4,,,
left,left_arm,left_tool0,world,-1.200000,1.600000,0.200000,8,yaw+15_pitch+15,0.07945931,0.78656609,0.10355339,0.60355339,0,-31,ik_failed,51.0,,,
left,left_arm,left_tool0,world,-1.200000,1.600000,0.200000,-1,SUMMARY,,,,,,,,,0,9,0
left,left_arm,left_tool0,world,-1.200000,1.600000,0.300000,0,yaw-15_pitch-15,-0.10355339,0.60355339,-0.07945931,0.78656609,0,-31,ik_failed,57.3,,,
left,left_arm,left_tool0,world,-1.200000,1.600000,0.300000,1,yaw0_pitch-15,0.00000000,0.60876143,0.00000000,0.79335334,0,-31,ik_failed,50.9,,,
left,left_arm,left_tool0,world,-1.200000,1.600000,0.300000,2,yaw+15_pitch-15,0.10355339,0.60355339,0.07945931,0.78656609,0,-31,ik_failed,53.7,,,
left,left_arm,left_tool0,world,-1.200000,1.600000,0.300000,3,yaw-15_pitch0,-0.09229596,0.70105738,-0.09229596,0.70105738,0,-31,ik_failed,51.2,,,
left,left_arm,left_tool0,world,-1.200000,1.600000,0.300000,4,center,0.00000000,0.70710678,0.00000000,0.70710678,0,-31,ik_failed,50.5,,,
left,left_arm,left_tool0,world,-1.200000,1.600000,0.300000,5,yaw+15_pitch0,0.09229596,0.70105738,0.09229596,0.70105738,0,-31,ik_failed,51.2,,,
left,left_arm,left_tool0,world,-1.200000,1.600000,0.300000,6,yaw-15_pitch+15,-0.07945931,0.78656609,-0.10355339,0.60355339,0,-31,ik_failed,51.9,,,
left,left_arm,left_tool0,world,-1.200000,1.600000,0.300000,7,yaw0_pitch+15,0.00000000,0.79335334,0.00000000,0.60876143,0,-31,ik_failed,50.7,,,
left,left_arm,left_tool0,world,-1.200000,1.600000,0.300000,8,yaw+15_pitch+15,0.07945931,0.78656609,0.10355339,0.60355339,0,-31,ik_failed,51.7,,,
left,left_arm,left_tool0,world,-1.200000,1.600000,0.300000,-1,SUMMARY,,,,,,,,,0,9,0
left,left_arm,left_tool0,world,-1.200000,1.600000,0.400000,0,yaw-15_pitch-15,-0.10355339,0.60355339,-0.07945931,0.78656609,0,-31,ik_failed,50.8,,,
left,left_arm,left_tool0,world,-1.200000,1.600000,0.400000,1,yaw0_pitch-15,0.00000000,0.60876143,0.00000000,0.79335334,0,-31,ik_failed,54.1,,,
left,left_arm,left_tool0,world,-1.200000,1.600000,0.400000,2,yaw+15_pitch-15,0.10355339,0.60355339,0.07945931,0.78656609,0,-31,ik_failed,50.8,,,
left,left_arm,left_tool0,world,-1.200000,1.600000,0.400000,3,yaw-15_pitch0,-0.09229596,0.70105738,-0.09229596,0.70105738,0,-31,ik_failed,61.4,,,
left,left_arm,left_tool0,world,-1.200000,1.600000,0.400000,4,center,0.00000000,0.70710678,0.00000000,0.70710678,0,-31,ik_failed,54.1,,,
left,left_arm,left_tool0,world,-1.200000,1.600000,0.400000,5,yaw+15_pitch0,0.09229596,0.70105738,0.09229596,0.70105738,0,-31,ik_failed,50.6,,,
left,left_arm,left_tool0,world,-1.200000,1.600000,0.400000,6,yaw-15_pitch+15,-0.07945931,0.78656609,-0.10355339,0.60355339,0,-31,ik_failed,50.7,,,
left,left_arm,left_tool0,world,-1.200000,1.600000,0.400000,7,yaw0_pitch+15,0.00000000,0.79335334,0.00000000,0.60876143,0,-31,ik_failed,56.5,,,
left,left_arm,left_tool0,world,-1.200000,1.600000,0.400000,8,yaw+15_pitch+15,0.07945931,0.78656609,0.10355339,0.60355339,0,-31,ik_failed,50.9,,,
left,left_arm,left_tool0,world,-1.200000,1.600000,0.400000,-1,SUMMARY,,,,,,,,,0,9,0
left,left_arm,left_tool0,world,-1.200000,1.600000,0.500000,0,yaw-15_pitch-15,-0.10355339,0.60355339,-0.07945931,0.78656609,0,-31,ik_failed,52.7,,,
left,left_arm,left_tool0,world,-1.200000,1.600000,0.500000,1,yaw0_pitch-15,0.00000000,0.60876143,0.00000000,0.79335334,0,-31,ik_failed,57.4,,,
left,left_arm,left_tool0,world,-1.200000,1.600000,0.500000,2,yaw+15_pitch-15,0.10355339,0.60355339,0.07945931,0.78656609,0,-31,ik_failed,62.4,,,
left,left_arm,left_tool0,world,-1.200000,1.600000,0.500000,3,yaw-15_pitch0,-0.09229596,0.70105738,-0.09229596,0.70105738,0,-31,ik_failed,51.5,,,
left,left_arm,left_tool0,world,-1.200000,1.600000,0.500000,4,center,0.00000000,0.70710678,0.00000000,0.70710678,0,-31,ik_failed,50.6,,,
left,left_arm,left_tool0,world,-1.200000,1.600000,0.500000,5,yaw+15_pitch0,0.09229596,0.70105738,0.09229596,0.70105738,0,-31,ik_failed,51.7,,,
left,left_arm,left_tool0,world,-1.200000,1.600000,0.500000,6,yaw-15_pitch+15,-0.07945931,0.78656609,-0.10355339,0.60355339,0,-31,ik_failed,50.7,,,
left,left_arm,left_tool0,world,-1.200000,1.600000,0.500000,7,yaw0_pitch+15,0.00000000,0.79335334,0.00000000,0.60876143,0,-31,ik_failed,50.7,,,
left,left_arm,left_tool0,world,-1.200000,1.600000,0.500000,8,yaw+15_pitch+15,0.07945931,0.78656609,0.10355339,0.60355339,0,-31,ik_failed,51.3,,,
left,left_arm,left_tool0,world,-1.200000,1.600000,0.500000,-1,SUMMARY,,,,,,,,,0,9,0
left,left_arm,left_tool0,world,-1.200000,1.600000,0.600000,0,yaw-15_pitch-15,-0.10355339,0.60355339,-0.07945931,0.78656609,0,-31,ik_failed,50.9,,,
left,left_arm,left_tool0,world,-1.200000,1.600000,0.600000,1,yaw0_pitch-15,0.00000000,0.60876143,0.00000000,0.79335334,0,-31,ik_failed,50.6,,,
left,left_arm,left_tool0,world,-1.200000,1.600000,0.600000,2,yaw+15_pitch-15,0.10355339,0.60355339,0.07945931,0.78656609,0,-31,ik_failed,57.6,,,
left,left_arm,left_tool0,world,-1.200000,1.600000,0.600000,3,yaw-15_pitch0,-0.09229596,0.70105738,-0.09229596,0.70105738,0,-31,ik_failed,51.2,,,
left,left_arm,left_tool0,world,-1.200000,1.600000,0.600000,4,center,0.00000000,0.70710678,0.00000000,0.70710678,0,-31,ik_failed,50.6,,,
left,left_arm,left_tool0,world,-1.200000,1.600000,0.600000,5,yaw+15_pitch0,0.09229596,0.70105738,0.09229596,0.70105738,0,-31,ik_failed,50.7,,,
left,left_arm,left_tool0,world,-1.200000,1.600000,0.600000,6,yaw-15_pitch+15,-0.07945931,0.78656609,-0.10355339,0.60355339,0,-31,ik_failed,50.7,,,
left,left_arm,left_tool0,world,-1.200000,1.600000,0.600000,7,yaw0_pitch+15,0.00000000,0.79335334,0.00000000,0.60876143,0,-31,ik_failed,53.6,,,
left,left_arm,left_tool0,world,-1.200000,1.600000,0.600000,8,yaw+15_pitch+15,0.07945931,0.78656609,0.10355339,0.60355339,0,-31,ik_failed,50.7,,,
left,left_arm,left_tool0,world,-1.200000,1.600000,0.600000,-1,SUMMARY,,,,,,,,,0,9,0
left,left_arm,left_tool0,world,-1.200000,1.600000,0.700000,0,yaw-15_pitch-15,-0.10355339,0.60355339,-0.07945931,0.78656609,0,-31,ik_failed,50.6,,,
left,left_arm,left_tool0,world,-1.200000,1.600000,0.700000,1,yaw0_pitch-15,0.00000000,0.60876143,0.00000000,0.79335334,0,-31,ik_failed,50.7,,,
left,left_arm,left_tool0,world,-1.200000,1.600000,0.700000,2,yaw+15_pitch-15,0.10355339,0.60355339,0.07945931,0.78656609,0,-31,ik_failed,50.8,,,
left,left_arm,left_tool0,world,-1.200000,1.600000,0.700000,3,yaw-15_pitch0,-0.09229596,0.70105738,-0.09229596,0.70105738,0,-31,ik_failed,50.7,,,
left,left_arm,left_tool0,world,-1.200000,1.600000,0.700000,4,center,0.00000000,0.70710678,0.00000000,0.70710678,0,-31,ik_failed,50.9,,,
left,left_arm,left_tool0,world,-1.200000,1.600000,0.700000,5,yaw+15_pitch0,0.09229596,0.70105738,0.09229596,0.70105738,0,-31,ik_failed,50.9,,,
left,left_arm,left_tool0,world,-1.200000,1.600000,0.700000,6,yaw-15_pitch+15,-0.07945931,0.78656609,-0.10355339,0.60355339,0,-31,ik_failed,52.0,,,
left,left_arm,left_tool0,world,-1.200000,1.600000,0.700000,7,yaw0_pitch+15,0.00000000,0.79335334,0.00000000,0.60876143,0,-31,ik_failed,56.0,,,
left,left_arm,left_tool0,world,-1.200000,1.600000,0.700000,8,yaw+15_pitch+15,0.07945931,0.78656609,0.10355339,0.60355339,0,-31,ik_failed,53.6,,,
left,left_arm,left_tool0,world,-1.200000,1.600000,0.700000,-1,SUMMARY,,,,,,,,,0,9,0
left,left_arm,left_tool0,world,-1.200000,1.600000,0.800000,0,yaw-15_pitch-15,-0.10355339,0.60355339,-0.07945931,0.78656609,0,-31,ik_failed,50.6,,,
left,left_arm,left_tool0,world,-1.200000,1.600000,0.800000,1,yaw0_pitch-15,0.00000000,0.60876143,0.00000000,0.79335334,0,-31,ik_failed,50.8,,,
left,left_arm,left_tool0,world,-1.200000,1.600000,0.800000,2,yaw+15_pitch-15,0.10355339,0.60355339,0.07945931,0.78656609,0,-31,ik_failed,54.4,,,
left,left_arm,left_tool0,world,-1.200000,1.600000,0.800000,3,yaw-15_pitch0,-0.09229596,0.70105738,-0.09229596,0.70105738,0,-31,ik_failed,51.0,,,
left,left_arm,left_tool0,world,-1.200000,1.600000,0.800000,4,center,0.00000000,0.70710678,0.00000000,0.70710678,0,-31,ik_failed,52.1,,,
left,left_arm,left_tool0,world,-1.200000,1.600000,0.800000,5,yaw+15_pitch0,0.09229596,0.70105738,0.09229596,0.70105738,0,-31,ik_failed,51.8,,,
left,left_arm,left_tool0,world,-1.200000,1.600000,0.800000,6,yaw-15_pitch+15,-0.07945931,0.78656609,-0.10355339,0.60355339,0,-31,ik_failed,51.5,,,
left,left_arm,left_tool0,world,-1.200000,1.600000,0.800000,7,yaw0_pitch+15,0.00000000,0.79335334,0.00000000,0.60876143,0,-31,ik_failed,51.3,,,
left,left_arm,left_tool0,world,-1.200000,1.600000,0.800000,8,yaw+15_pitch+15,0.07945931,0.78656609,0.10355339,0.60355339,0,-31,ik_failed,58.6,,,
left,left_arm,left_tool0,world,-1.200000,1.600000,0.800000,-1,SUMMARY,,,,,,,,,0,9,0
left,left_arm,left_tool0,world,-1.200000,1.600000,0.900000,0,yaw-15_pitch-15,-0.10355339,0.60355339,-0.07945931,0.78656609,0,-31,ik_failed,51.0,,,
left,left_arm,left_tool0,world,-1.200000,1.600000,0.900000,1,yaw0_pitch-15,0.00000000,0.60876143,0.00000000,0.79335334,0,-31,ik_failed,55.1,,,
left,left_arm,left_tool0,world,-1.200000,1.600000,0.900000,2,yaw+15_pitch-15,0.10355339,0.60355339,0.07945931,0.78656609,0,-31,ik_failed,50.7,,,
left,left_arm,left_tool0,world,-1.200000,1.600000,0.900000,3,yaw-15_pitch0,-0.09229596,0.70105738,-0.09229596,0.70105738,0,-31,ik_failed,50.9,,,
left,left_arm,left_tool0,world,-1.200000,1.600000,0.900000,4,center,0.00000000,0.70710678,0.00000000,0.70710678,0,-31,ik_failed,50.9,,,
left,left_arm,left_tool0,world,-1.200000,1.600000,0.900000,5,yaw+15_pitch0,0.09229596,0.70105738,0.09229596,0.70105738,0,-31,ik_failed,51.0,,,
left,left_arm,left_tool0,world,-1.200000,1.600000,0.900000,6,yaw-15_pitch+15,-0.07945931,0.78656609,-0.10355339,0.60355339,0,-31,ik_failed,50.8,,,
left,left_arm,left_tool0,world,-1.200000,1.600000,0.900000,7,yaw0_pitch+15,0.00000000,0.79335334,0.00000000,0.60876143,0,-31,ik_failed,51.8,,,
left,left_arm,left_tool0,world,-1.200000,1.600000,0.900000,8,yaw+15_pitch+15,0.07945931,0.78656609,0.10355339,0.60355339,0,-31,ik_failed,50.9,,,
left,left_arm,left_tool0,world,-1.200000,1.600000,0.900000,-1,SUMMARY,,,,,,,,,0,9,0
left,left_arm,left_tool0,world,-1.200000,1.600000,1.000000,0,yaw-15_pitch-15,-0.10355339,0.60355339,-0.07945931,0.78656609,0,-31,ik_failed,52.1,,,
left,left_arm,left_tool0,world,-1.200000,1.600000,1.000000,1,yaw0_pitch-15,0.00000000,0.60876143,0.00000000,0.79335334,0,-31,ik_failed,50.6,,,
left,left_arm,left_tool0,world,-1.200000,1.600000,1.000000,2,yaw+15_pitch-15,0.10355339,0.60355339,0.07945931,0.78656609,0,-31,ik_failed,50.7,,,
left,left_arm,left_tool0,world,-1.200000,1.600000,1.000000,3,yaw-15_pitch0,-0.09229596,0.70105738,-0.09229596,0.70105738,0,-31,ik_failed,50.6,,,
left,left_arm,left_tool0,world,-1.200000,1.600000,1.000000,4,center,0.00000000,0.70710678,0.00000000,0.70710678,0,-31,ik_failed,54.1,,,
left,left_arm,left_tool0,world,-1.200000,1.600000,1.000000,5,yaw+15_pitch0,0.09229596,0.70105738,0.09229596,0.70105738,0,-31,ik_failed,53.3,,,
left,left_arm,left_tool0,world,-1.200000,1.600000,1.000000,6,yaw-15_pitch+15,-0.07945931,0.78656609,-0.10355339,0.60355339,0,-31,ik_failed,53.7,,,
left,left_arm,left_tool0,world,-1.200000,1.600000,1.000000,7,yaw0_pitch+15,0.00000000,0.79335334,0.00000000,0.60876143,0,-31,ik_failed,52.7,,,
left,left_arm,left_tool0,world,-1.200000,1.600000,1.000000,8,yaw+15_pitch+15,0.07945931,0.78656609,0.10355339,0.60355339,0,-31,ik_failed,50.7,,,
left,left_arm,left_tool0,world,-1.200000,1.600000,1.000000,-1,SUMMARY,,,,,,,,,0,9,0
left,left_arm,left_tool0,world,-1.200000,1.600000,1.100000,0,yaw-15_pitch-15,-0.10355339,0.60355339,-0.07945931,0.78656609,0,-31,ik_failed,50.8,,,
left,left_arm,left_tool0,world,-1.200000,1.600000,1.100000,1,yaw0_pitch-15,0.00000000,0.60876143,0.00000000,0.79335334,0,-31,ik_failed,50.6,,,
left,left_arm,left_tool0,world,-1.200000,1.600000,1.100000,2,yaw+15_pitch-15,0.10355339,0.60355339,0.07945931,0.78656609,0,-31,ik_failed,51.6,,,
left,left_arm,left_tool0,world,-1.200000,1.600000,1.100000,3,yaw-15_pitch0,-0.09229596,0.70105738,-0.09229596,0.70105738,0,-31,ik_failed,51.4,,,
left,left_arm,left_tool0,world,-1.200000,1.600000,1.100000,4,center,0.00000000,0.70710678,0.00000000,0.70710678,0,-31,ik_failed,50.6,,,
left,left_arm,left_tool0,world,-1.200000,1.600000,1.100000,5,yaw+15_pitch0,0.09229596,0.70105738,0.09229596,0.70105738,0,-31,ik_failed,51.8,,,
left,left_arm,left_tool0,world,-1.200000,1.600000,1.100000,6,yaw-15_pitch+15,-0.07945931,0.78656609,-0.10355339,0.60355339,0,-31,ik_failed,51.7,,,
left,left_arm,left_tool0,world,-1.200000,1.600000,1.100000,7,yaw0_pitch+15,0.00000000,0.79335334,0.00000000,0.60876143,0,-31,ik_failed,50.9,,,
left,left_arm,left_tool0,world,-1.200000,1.600000,1.100000,8,yaw+15_pitch+15,0.07945931,0.78656609,0.10355339,0.60355339,0,-31,ik_failed,50.7,,,
left,left_arm,left_tool0,world,-1.200000,1.600000,1.100000,-1,SUMMARY,,,,,,,,,0,9,0
left,left_arm,left_tool0,world,-1.200000,1.600000,1.200000,0,yaw-15_pitch-15,-0.10355339,0.60355339,-0.07945931,0.78656609,0,-31,ik_failed,50.7,,,
left,left_arm,left_tool0,world,-1.200000,1.600000,1.200000,1,yaw0_pitch-15,0.00000000,0.60876143,0.00000000,0.79335334,0,-31,ik_failed,51.1,,,
left,left_arm,left_tool0,world,-1.200000,1.600000,1.200000,2,yaw+15_pitch-15,0.10355339,0.60355339,0.07945931,0.78656609,0,-31,ik_failed,50.6,,,
left,left_arm,left_tool0,world,-1.200000,1.600000,1.200000,3,yaw-15_pitch0,-0.09229596,0.70105738,-0.09229596,0.70105738,0,-31,ik_failed,50.6,,,
left,left_arm,left_tool0,world,-1.200000,1.600000,1.200000,4,center,0.00000000,0.70710678,0.00000000,0.70710678,0,-31,ik_failed,50.7,,,
left,left_arm,left_tool0,world,-1.200000,1.600000,1.200000,5,yaw+15_pitch0,0.09229596,0.70105738,0.09229596,0.70105738,0,-31,ik_failed,51.3,,,
left,left_arm,left_tool0,world,-1.200000,1.600000,1.200000,6,yaw-15_pitch+15,-0.07945931,0.78656609,-0.10355339,0.60355339,0,-31,ik_failed,50.8,,,
left,left_arm,left_tool0,world,-1.200000,1.600000,1.200000,7,yaw0_pitch+15,0.00000000,0.79335334,0.00000000,0.60876143,0,-31,ik_failed,52.2,,,
left,left_arm,left_tool0,world,-1.200000,1.600000,1.200000,8,yaw+15_pitch+15,0.07945931,0.78656609,0.10355339,0.60355339,0,-31,ik_failed,50.6,,,
left,left_arm,left_tool0,world,-1.200000,1.600000,1.200000,-1,SUMMARY,,,,,,,,,0,9,0
left,left_arm,left_tool0,world,-1.200000,1.600000,1.300000,0,yaw-15_pitch-15,-0.10355339,0.60355339,-0.07945931,0.78656609,0,-31,ik_failed,51.0,,,
left,left_arm,left_tool0,world,-1.200000,1.600000,1.300000,1,yaw0_pitch-15,0.00000000,0.60876143,0.00000000,0.79335334,0,-31,ik_failed,50.9,,,
left,left_arm,left_tool0,world,-1.200000,1.600000,1.300000,2,yaw+15_pitch-15,0.10355339,0.60355339,0.07945931,0.78656609,0,-31,ik_failed,50.8,,,
left,left_arm,left_tool0,world,-1.200000,1.600000,1.300000,3,yaw-15_pitch0,-0.09229596,0.70105738,-0.09229596,0.70105738,0,-31,ik_failed,50.9,,,
left,left_arm,left_tool0,world,-1.200000,1.600000,1.300000,4,center,0.00000000,0.70710678,0.00000000,0.70710678,0,-31,ik_failed,52.2,,,
left,left_arm,left_tool0,world,-1.200000,1.600000,1.300000,5,yaw+15_pitch0,0.09229596,0.70105738,0.09229596,0.70105738,0,-31,ik_failed,51.3,,,
left,left_arm,left_tool0,world,-1.200000,1.600000,1.300000,6,yaw-15_pitch+15,-0.07945931,0.78656609,-0.10355339,0.60355339,0,-31,ik_failed,50.6,,,
left,left_arm,left_tool0,world,-1.200000,1.600000,1.300000,7,yaw0_pitch+15,0.00000000,0.79335334,0.00000000,0.60876143,0,-31,ik_failed,51.1,,,
left,left_arm,left_tool0,world,-1.200000,1.600000,1.300000,8,yaw+15_pitch+15,0.07945931,0.78656609,0.10355339,0.60355339,0,-31,ik_failed,50.8,,,
left,left_arm,left_tool0,world,-1.200000,1.600000,1.300000,-1,SUMMARY,,,,,,,,,0,9,0
left,left_arm,left_tool0,world,-1.200000,1.600000,1.400000,0,yaw-15_pitch-15,-0.10355339,0.60355339,-0.07945931,0.78656609,0,-31,ik_failed,51.1,,,
left,left_arm,left_tool0,world,-1.200000,1.600000,1.400000,1,yaw0_pitch-15,0.00000000,0.60876143,0.00000000,0.79335334,0,-31,ik_failed,51.1,,,
left,left_arm,left_tool0,world,-1.200000,1.600000,1.400000,2,yaw+15_pitch-15,0.10355339,0.60355339,0.07945931,0.78656609,0,-31,ik_failed,51.3,,,
left,left_arm,left_tool0,world,-1.200000,1.600000,1.400000,3,yaw-15_pitch0,-0.09229596,0.70105738,-0.09229596,0.70105738,0,-31,ik_failed,50.8,,,
left,left_arm,left_tool0,world,-1.200000,1.600000,1.400000,4,center,0.00000000,0.70710678,0.00000000,0.70710678,0,-31,ik_failed,52.6,,,
left,left_arm,left_tool0,world,-1.200000,1.600000,1.400000,5,yaw+15_pitch0,0.09229596,0.70105738,0.09229596,0.70105738,0,-31,ik_failed,50.8,,,
left,left_arm,left_tool0,world,-1.200000,1.600000,1.400000,6,yaw-15_pitch+15,-0.07945931,0.78656609,-0.10355339,0.60355339,0,-31,ik_failed,51.2,,,
left,left_arm,left_tool0,world,-1.200000,1.600000,1.400000,7,yaw0_pitch+15,0.00000000,0.79335334,0.00000000,0.60876143,0,-31,ik_failed,50.8,,,
left,left_arm,left_tool0,world,-1.200000,1.600000,1.400000,8,yaw+15_pitch+15,0.07945931,0.78656609,0.10355339,0.60355339,0,-31,ik_failed,51.4,,,
left,left_arm,left_tool0,world,-1.200000,1.600000,1.400000,-1,SUMMARY,,,,,,,,,0,9,0
left,left_arm,left_tool0,world,-1.200000,1.600000,1.500000,0,yaw-15_pitch-15,-0.10355339,0.60355339,-0.07945931,0.78656609,0,-31,ik_failed,50.6,,,
left,left_arm,left_tool0,world,-1.200000,1.600000,1.500000,1,yaw0_pitch-15,0.00000000,0.60876143,0.00000000,0.79335334,0,-31,ik_failed,51.4,,,
left,left_arm,left_tool0,world,-1.200000,1.600000,1.500000,2,yaw+15_pitch-15,0.10355339,0.60355339,0.07945931,0.78656609,0,-31,ik_failed,50.8,,,
left,left_arm,left_tool0,world,-1.200000,1.600000,1.500000,3,yaw-15_pitch0,-0.09229596,0.70105738,-0.09229596,0.70105738,0,-31,ik_failed,52.0,,,
left,left_arm,left_tool0,world,-1.200000,1.600000,1.500000,4,center,0.00000000,0.70710678,0.00000000,0.70710678,0,-31,ik_failed,50.7,,,
left,left_arm,left_tool0,world,-1.200000,1.600000,1.500000,5,yaw+15_pitch0,0.09229596,0.70105738,0.09229596,0.70105738,0,-31,ik_failed,50.6,,,
left,left_arm,left_tool0,world,-1.200000,1.600000,1.500000,6,yaw-15_pitch+15,-0.07945931,0.78656609,-0.10355339,0.60355339,0,-31,ik_failed,52.2,,,
left,left_arm,left_tool0,world,-1.200000,1.600000,1.500000,7,yaw0_pitch+15,0.00000000,0.79335334,0.00000000,0.60876143,0,-31,ik_failed,50.8,,,
left,left_arm,left_tool0,world,-1.200000,1.600000,1.500000,8,yaw+15_pitch+15,0.07945931,0.78656609,0.10355339,0.60355339,0,-31,ik_failed,50.7,,,
left,left_arm,left_tool0,world,-1.200000,1.600000,1.500000,-1,SUMMARY,,,,,,,,,0,9,0
left,left_arm,left_tool0,world,-1.200000,1.600000,1.600000,0,yaw-15_pitch-15,-0.10355339,0.60355339,-0.07945931,0.78656609,0,-31,ik_failed,50.9,,,
left,left_arm,left_tool0,world,-1.200000,1.600000,1.600000,1,yaw0_pitch-15,0.00000000,0.60876143,0.00000000,0.79335334,0,-31,ik_failed,50.8,,,
left,left_arm,left_tool0,world,-1.200000,1.600000,1.600000,2,yaw+15_pitch-15,0.10355339,0.60355339,0.07945931,0.78656609,0,-31,ik_failed,50.6,,,
left,left_arm,left_tool0,world,-1.200000,1.600000,1.600000,3,yaw-15_pitch0,-0.09229596,0.70105738,-0.09229596,0.70105738,0,-31,ik_failed,50.6,,,
left,left_arm,left_tool0,world,-1.200000,1.600000,1.600000,4,center,0.00000000,0.70710678,0.00000000,0.70710678,0,-31,ik_failed,50.6,,,
left,left_arm,left_tool0,world,-1.200000,1.600000,1.600000,5,yaw+15_pitch0,0.09229596,0.70105738,0.09229596,0.70105738,0,-31,ik_failed,50.8,,,
left,left_arm,left_tool0,world,-1.200000,1.600000,1.600000,6,yaw-15_pitch+15,-0.07945931,0.78656609,-0.10355339,0.60355339,0,-31,ik_failed,50.7,,,
left,left_arm,left_tool0,world,-1.200000,1.600000,1.600000,7,yaw0_pitch+15,0.00000000,0.79335334,0.00000000,0.60876143,0,-31,ik_failed,50.7,,,
left,left_arm,left_tool0,world,-1.200000,1.600000,1.600000,8,yaw+15_pitch+15,0.07945931,0.78656609,0.10355339,0.60355339,0,-31,ik_failed,50.6,,,
left,left_arm,left_tool0,world,-1.200000,1.600000,1.600000,-1,SUMMARY,,,,,,,,,0,9,0
left,left_arm,left_tool0,world,-1.200000,1.600000,1.700000,0,yaw-15_pitch-15,-0.10355339,0.60355339,-0.07945931,0.78656609,0,-31,ik_failed,50.9,,,
left,left_arm,left_tool0,world,-1.200000,1.600000,1.700000,1,yaw0_pitch-15,0.00000000,0.60876143,0.00000000,0.79335334,0,-31,ik_failed,51.9,,,
left,left_arm,left_tool0,world,-1.200000,1.600000,1.700000,2,yaw+15_pitch-15,0.10355339,0.60355339,0.07945931,0.78656609,0,-31,ik_failed,51.2,,,
left,left_arm,left_tool0,world,-1.200000,1.600000,1.700000,3,yaw-15_pitch0,-0.09229596,0.70105738,-0.09229596,0.70105738,0,-31,ik_failed,54.4,,,
left,left_arm,left_tool0,world,-1.200000,1.600000,1.700000,4,center,0.00000000,0.70710678,0.00000000,0.70710678,0,-31,ik_failed,50.7,,,
left,left_arm,left_tool0,world,-1.200000,1.600000,1.700000,5,yaw+15_pitch0,0.09229596,0.70105738,0.09229596,0.70105738,0,-31,ik_failed,54.4,,,
left,left_arm,left_tool0,world,-1.200000,1.600000,1.700000,6,yaw-15_pitch+15,-0.07945931,0.78656609,-0.10355339,0.60355339,0,-31,ik_failed,50.7,,,
left,left_arm,left_tool0,world,-1.200000,1.600000,1.700000,7,yaw0_pitch+15,0.00000000,0.79335334,0.00000000,0.60876143,0,-31,ik_failed,53.3,,,
left,left_arm,left_tool0,world,-1.200000,1.600000,1.700000,8,yaw+15_pitch+15,0.07945931,0.78656609,0.10355339,0.60355339,0,-31,ik_failed,58.7,,,
left,left_arm,left_tool0,world,-1.200000,1.600000,1.700000,-1,SUMMARY,,,,,,,,,0,9,0
left,left_arm,left_tool0,world,-1.200000,1.600000,1.800000,0,yaw-15_pitch-15,-0.10355339,0.60355339,-0.07945931,0.78656609,0,-31,ik_failed,52.2,,,
left,left_arm,left_tool0,world,-1.200000,1.600000,1.800000,1,yaw0_pitch-15,0.00000000,0.60876143,0.00000000,0.79335334,0,-31,ik_failed,51.1,,,
left,left_arm,left_tool0,world,-1.200000,1.600000,1.800000,2,yaw+15_pitch-15,0.10355339,0.60355339,0.07945931,0.78656609,0,-31,ik_failed,51.7,,,
left,left_arm,left_tool0,world,-1.200000,1.600000,1.800000,3,yaw-15_pitch0,-0.09229596,0.70105738,-0.09229596,0.70105738,0,-31,ik_failed,50.6,,,
left,left_arm,left_tool0,world,-1.200000,1.600000,1.800000,4,center,0.00000000,0.70710678,0.00000000,0.70710678,0,-31,ik_failed,51.4,,,
left,left_arm,left_tool0,world,-1.200000,1.600000,1.800000,5,yaw+15_pitch0,0.09229596,0.70105738,0.09229596,0.70105738,0,-31,ik_failed,50.5,,,
left,left_arm,left_tool0,world,-1.200000,1.600000,1.800000,6,yaw-15_pitch+15,-0.07945931,0.78656609,-0.10355339,0.60355339,0,-31,ik_failed,50.6,,,
left,left_arm,left_tool0,world,-1.200000,1.600000,1.800000,7,yaw0_pitch+15,0.00000000,0.79335334,0.00000000,0.60876143,0,-31,ik_failed,53.3,,,
left,left_arm,left_tool0,world,-1.200000,1.600000,1.800000,8,yaw+15_pitch+15,0.07945931,0.78656609,0.10355339,0.60355339,0,-31,ik_failed,51.6,,,
left,left_arm,left_tool0,world,-1.200000,1.600000,1.800000,-1,SUMMARY,,,,,,,,,0,9,0
left,left_arm,left_tool0,world,-1.200000,1.600000,1.900000,0,yaw-15_pitch-15,-0.10355339,0.60355339,-0.07945931,0.78656609,0,-31,ik_failed,53.1,,,
left,left_arm,left_tool0,world,-1.200000,1.600000,1.900000,1,yaw0_pitch-15,0.00000000,0.60876143,0.00000000,0.79335334,0,-31,ik_failed,51.0,,,
left,left_arm,left_tool0,world,-1.200000,1.600000,1.900000,2,yaw+15_pitch-15,0.10355339,0.60355339,0.07945931,0.78656609,0,-31,ik_failed,50.7,,,
left,left_arm,left_tool0,world,-1.200000,1.600000,1.900000,3,yaw-15_pitch0,-0.09229596,0.70105738,-0.09229596,0.70105738,0,-31,ik_failed,50.7,,,
left,left_arm,left_tool0,world,-1.200000,1.600000,1.900000,4,center,0.00000000,0.70710678,0.00000000,0.70710678,0,-31,ik_failed,51.4,,,
left,left_arm,left_tool0,world,-1.200000,1.600000,1.900000,5,yaw+15_pitch0,0.09229596,0.70105738,0.09229596,0.70105738,0,-31,ik_failed,50.8,,,
left,left_arm,left_tool0,world,-1.200000,1.600000,1.900000,6,yaw-15_pitch+15,-0.07945931,0.78656609,-0.10355339,0.60355339,0,-31,ik_failed,51.0,,,
left,left_arm,left_tool0,world,-1.200000,1.600000,1.900000,7,yaw0_pitch+15,0.00000000,0.79335334,0.00000000,0.60876143,0,-31,ik_failed,51.3,,,
left,left_arm,left_tool0,world,-1.200000,1.600000,1.900000,8,yaw+15_pitch+15,0.07945931,0.78656609,0.10355339,0.60355339,0,-31,ik_failed,51.0,,,
left,left_arm,left_tool0,world,-1.200000,1.600000,1.900000,-1,SUMMARY,,,,,,,,,0,9,0
left,left_arm,left_tool0,world,-1.200000,1.600000,2.000000,0,yaw-15_pitch-15,-0.10355339,0.60355339,-0.07945931,0.78656609,0,-31,ik_failed,52.3,,,
left,left_arm,left_tool0,world,-1.200000,1.600000,2.000000,1,yaw0_pitch-15,0.00000000,0.60876143,0.00000000,0.79335334,0,-31,ik_failed,52.3,,,
left,left_arm,left_tool0,world,-1.200000,1.600000,2.000000,2,yaw+15_pitch-15,0.10355339,0.60355339,0.07945931,0.78656609,0,-31,ik_failed,51.6,,,
left,left_arm,left_tool0,world,-1.200000,1.600000,2.000000,3,yaw-15_pitch0,-0.09229596,0.70105738,-0.09229596,0.70105738,0,-31,ik_failed,50.7,,,
left,left_arm,left_tool0,world,-1.200000,1.600000,2.000000,4,center,0.00000000,0.70710678,0.00000000,0.70710678,0,-31,ik_failed,50.8,,,
left,left_arm,left_tool0,world,-1.200000,1.600000,2.000000,5,yaw+15_pitch0,0.09229596,0.70105738,0.09229596,0.70105738,0,-31,ik_failed,50.7,,,
left,left_arm,left_tool0,world,-1.200000,1.600000,2.000000,6,yaw-15_pitch+15,-0.07945931,0.78656609,-0.10355339,0.60355339,0,-31,ik_failed,51.3,,,
left,left_arm,left_tool0,world,-1.200000,1.600000,2.000000,7,yaw0_pitch+15,0.00000000,0.79335334,0.00000000,0.60876143,0,-31,ik_failed,50.7,,,
left,left_arm,left_tool0,world,-1.200000,1.600000,2.000000,8,yaw+15_pitch+15,0.07945931,0.78656609,0.10355339,0.60355339,0,-31,ik_failed,50.7,,,
left,left_arm,left_tool0,world,-1.200000,1.600000,2.000000,-1,SUMMARY,,,,,,,,,0,9,0
left,left_arm,left_tool0,world,-1.100000,0.000000,0.000000,0,yaw-15_pitch-15,-0.10355339,0.60355339,-0.07945931,0.78656609,0,-31,ik_failed,50.7,,,
left,left_arm,left_tool0,world,-1.100000,0.000000,0.000000,1,yaw0_pitch-15,0.00000000,0.60876143,0.00000000,0.79335334,0,-31,ik_failed,50.9,,,
left,left_arm,left_tool0,world,-1.100000,0.000000,0.000000,2,yaw+15_pitch-15,0.10355339,0.60355339,0.07945931,0.78656609,0,-31,ik_failed,51.4,,,
left,left_arm,left_tool0,world,-1.100000,0.000000,0.000000,3,yaw-15_pitch0,-0.09229596,0.70105738,-0.09229596,0.70105738,0,-31,ik_failed,51.8,,,
left,left_arm,left_tool0,world,-1.100000,0.000000,0.000000,4,center,0.00000000,0.70710678,0.00000000,0.70710678,0,-31,ik_failed,51.3,,,
left,left_arm,left_tool0,world,-1.100000,0.000000,0.000000,5,yaw+15_pitch0,0.09229596,0.70105738,0.09229596,0.70105738,0,-31,ik_failed,51.8,,,
left,left_arm,left_tool0,world,-1.100000,0.000000,0.000000,6,yaw-15_pitch+15,-0.07945931,0.78656609,-0.10355339,0.60355339,0,-31,ik_failed,50.6,,,
left,left_arm,left_tool0,world,-1.100000,0.000000,0.000000,7,yaw0_pitch+15,0.00000000,0.79335334,0.00000000,0.60876143,0,-31,ik_failed,50.7,,,
left,left_arm,left_tool0,world,-1.100000,0.000000,0.000000,8,yaw+15_pitch+15,0.07945931,0.78656609,0.10355339,0.60355339,0,-31,ik_failed,50.6,,,
left,left_arm,left_tool0,world,-1.100000,0.000000,0.000000,-1,SUMMARY,,,,,,,,,0,9,0
left,left_arm,left_tool0,world,-1.100000,0.000000,0.100000,0,yaw-15_pitch-15,-0.10355339,0.60355339,-0.07945931,0.78656609,0,-31,ik_failed,50.7,,,
left,left_arm,left_tool0,world,-1.100000,0.000000,0.100000,1,yaw0_pitch-15,0.00000000,0.60876143,0.00000000,0.79335334,0,-31,ik_failed,53.6,,,
left,left_arm,left_tool0,world,-1.100000,0.000000,0.100000,2,yaw+15_pitch-15,0.10355339,0.60355339,0.07945931,0.78656609,0,-31,ik_failed,55.5,,,
left,left_arm,left_tool0,world,-1.100000,0.000000,0.100000,3,yaw-15_pitch0,-0.09229596,0.70105738,-0.09229596,0.70105738,0,-31,ik_failed,50.9,,,
left,left_arm,left_tool0,world,-1.100000,0.000000,0.100000,4,center,0.00000000,0.70710678,0.00000000,0.70710678,0,-31,ik_failed,51.6,,,
left,left_arm,left_tool0,world,-1.100000,0.000000,0.100000,5,yaw+15_pitch0,0.09229596,0.70105738,0.09229596,0.70105738,0,-31,ik_failed,53.2,,,
left,left_arm,left_tool0,world,-1.100000,0.000000,0.100000,6,yaw-15_pitch+15,-0.07945931,0.78656609,-0.10355339,0.60355339,0,-31,ik_failed,50.7,,,
left,left_arm,left_tool0,world,-1.100000,0.000000,0.100000,7,yaw0_pitch+15,0.00000000,0.79335334,0.00000000,0.60876143,0,-31,ik_failed,51.5,,,
left,left_arm,left_tool0,world,-1.100000,0.000000,0.100000,8,yaw+15_pitch+15,0.07945931,0.78656609,0.10355339,0.60355339,0,-31,ik_failed,50.8,,,
left,left_arm,left_tool0,world,-1.100000,0.000000,0.100000,-1,SUMMARY,,,,,,,,,0,9,0
left,left_arm,left_tool0,world,-1.100000,0.000000,0.200000,0,yaw-15_pitch-15,-0.10355339,0.60355339,-0.07945931,0.78656609,0,-31,ik_failed,51.5,,,
left,left_arm,left_tool0,world,-1.100000,0.000000,0.200000,1,yaw0_pitch-15,0.00000000,0.60876143,0.00000000,0.79335334,0,-31,ik_failed,50.9,,,
left,left_arm,left_tool0,world,-1.100000,0.000000,0.200000,2,yaw+15_pitch-15,0.10355339,0.60355339,0.07945931,0.78656609,0,-31,ik_failed,54.2,,,
left,left_arm,left_tool0,world,-1.100000,0.000000,0.200000,3,yaw-15_pitch0,-0.09229596,0.70105738,-0.09229596,0.70105738,0,-31,ik_failed,53.1,,,
left,left_arm,left_tool0,world,-1.100000,0.000000,0.200000,4,center,0.00000000,0.70710678,0.00000000,0.70710678,0,-31,ik_failed,53.8,,,
left,left_arm,left_tool0,world,-1.100000,0.000000,0.200000,5,yaw+15_pitch0,0.09229596,0.70105738,0.09229596,0.70105738,0,-31,ik_failed,56.2,,,
left,left_arm,left_tool0,world,-1.100000,0.000000,0.200000,6,yaw-15_pitch+15,-0.07945931,0.78656609,-0.10355339,0.60355339,0,-31,ik_failed,52.0,,,
left,left_arm,left_tool0,world,-1.100000,0.000000,0.200000,7,yaw0_pitch+15,0.00000000,0.79335334,0.00000000,0.60876143,0,-31,ik_failed,51.5,,,
left,left_arm,left_tool0,world,-1.100000,0.000000,0.200000,8,yaw+15_pitch+15,0.07945931,0.78656609,0.10355339,0.60355339,0,-31,ik_failed,51.6,,,
left,left_arm,left_tool0,world,-1.100000,0.000000,0.200000,-1,SUMMARY,,,,,,,,,0,9,0
left,left_arm,left_tool0,world,-1.100000,0.000000,0.300000,0,yaw-15_pitch-15,-0.10355339,0.60355339,-0.07945931,0.78656609,0,-31,ik_failed,51.1,,,
left,left_arm,left_tool0,world,-1.100000,0.000000,0.300000,1,yaw0_pitch-15,0.00000000,0.60876143,0.00000000,0.79335334,0,-31,ik_failed,61.2,,,
left,left_arm,left_tool0,world,-1.100000,0.000000,0.300000,2,yaw+15_pitch-15,0.10355339,0.60355339,0.07945931,0.78656609,0,-31,ik_failed,51.2,,,
left,left_arm,left_tool0,world,-1.100000,0.000000,0.300000,3,yaw-15_pitch0,-0.09229596,0.70105738,-0.09229596,0.70105738,0,-31,ik_failed,50.8,,,
left,left_arm,left_tool0,world,-1.100000,0.000000,0.300000,4,center,0.00000000,0.70710678,0.00000000,0.70710678,0,-31,ik_failed,50.6,,,
left,left_arm,left_tool0,world,-1.100000,0.000000,0.300000,5,yaw+15_pitch0,0.09229596,0.70105738,0.09229596,0.70105738,0,-31,ik_failed,53.8,,,
left,left_arm,left_tool0,world,-1.100000,0.000000,0.300000,6,yaw-15_pitch+15,-0.07945931,0.78656609,-0.10355339,0.60355339,0,-31,ik_failed,51.1,,,
left,left_arm,left_tool0,world,-1.100000,0.000000,0.300000,7,yaw0_pitch+15,0.00000000,0.79335334,0.00000000,0.60876143,0,-31,ik_failed,51.4,,,
left,left_arm,left_tool0,world,-1.100000,0.000000,0.300000,8,yaw+15_pitch+15,0.07945931,0.78656609,0.10355339,0.60355339,0,-31,ik_failed,50.9,,,
left,left_arm,left_tool0,world,-1.100000,0.000000,0.300000,-1,SUMMARY,,,,,,,,,0,9,0
left,left_arm,left_tool0,world,-1.100000,0.000000,0.400000,0,yaw-15_pitch-15,-0.10355339,0.60355339,-0.07945931,0.78656609,0,-31,ik_failed,51.4,,,
left,left_arm,left_tool0,world,-1.100000,0.000000,0.400000,1,yaw0_pitch-15,0.00000000,0.60876143,0.00000000,0.79335334,0,-31,ik_failed,50.6,,,
left,left_arm,left_tool0,world,-1.100000,0.000000,0.400000,2,yaw+15_pitch-15,0.10355339,0.60355339,0.07945931,0.78656609,0,-31,ik_failed,50.7,,,
left,left_arm,left_tool0,world,-1.100000,0.000000,0.400000,3,yaw-15_pitch0,-0.09229596,0.70105738,-0.09229596,0.70105738,0,-31,ik_failed,50.6,,,
left,left_arm,left_tool0,world,-1.100000,0.000000,0.400000,4,center,0.00000000,0.70710678,0.00000000,0.70710678,0,-31,ik_failed,50.5,,,
left,left_arm,left_tool0,world,-1.100000,0.000000,0.400000,5,yaw+15_pitch0,0.09229596,0.70105738,0.09229596,0.70105738,0,-31,ik_failed,50.7,,,
left,left_arm,left_tool0,world,-1.100000,0.000000,0.400000,6,yaw-15_pitch+15,-0.07945931,0.78656609,-0.10355339,0.60355339,0,-31,ik_failed,52.0,,,
left,left_arm,left_tool0,world,-1.100000,0.000000,0.400000,7,yaw0_pitch+15,0.00000000,0.79335334,0.00000000,0.60876143,0,-31,ik_failed,50.7,,,
left,left_arm,left_tool0,world,-1.100000,0.000000,0.400000,8,yaw+15_pitch+15,0.07945931,0.78656609,0.10355339,0.60355339,0,-31,ik_failed,50.9,,,
left,left_arm,left_tool0,world,-1.100000,0.000000,0.400000,-1,SUMMARY,,,,,,,,,0,9,0
left,left_arm,left_tool0,world,-1.100000,0.000000,0.500000,0,yaw-15_pitch-15,-0.10355339,0.60355339,-0.07945931,0.78656609,0,-31,ik_failed,50.7,,,
left,left_arm,left_tool0,world,-1.100000,0.000000,0.500000,1,yaw0_pitch-15,0.00000000,0.60876143,0.00000000,0.79335334,0,-31,ik_failed,50.6,,,
left,left_arm,left_tool0,world,-1.100000,0.000000,0.500000,2,yaw+15_pitch-15,0.10355339,0.60355339,0.07945931,0.78656609,0,-31,ik_failed,50.7,,,
left,left_arm,left_tool0,world,-1.100000,0.000000,0.500000,3,yaw-15_pitch0,-0.09229596,0.70105738,-0.09229596,0.70105738,0,-31,ik_failed,50.6,,,
left,left_arm,left_tool0,world,-1.100000,0.000000,0.500000,4,center,0.00000000,0.70710678,0.00000000,0.70710678,0,-31,ik_failed,50.8,,,
left,left_arm,left_tool0,world,-1.100000,0.000000,0.500000,5,yaw+15_pitch0,0.09229596,0.70105738,0.09229596,0.70105738,0,-31,ik_failed,53.1,,,
left,left_arm,left_tool0,world,-1.100000,0.000000,0.500000,6,yaw-15_pitch+15,-0.07945931,0.78656609,-0.10355339,0.60355339,0,-31,ik_failed,50.9,,,
left,left_arm,left_tool0,world,-1.100000,0.000000,0.500000,7,yaw0_pitch+15,0.00000000,0.79335334,0.00000000,0.60876143,0,-31,ik_failed,50.8,,,
left,left_arm,left_tool0,world,-1.100000,0.000000,0.500000,8,yaw+15_pitch+15,0.07945931,0.78656609,0.10355339,0.60355339,0,-31,ik_failed,50.7,,,
left,left_arm,left_tool0,world,-1.100000,0.000000,0.500000,-1,SUMMARY,,,,,,,,,0,9,0
left,left_arm,left_tool0,world,-1.100000,0.000000,0.600000,0,yaw-15_pitch-15,-0.10355339,0.60355339,-0.07945931,0.78656609,0,-31,ik_failed,51.0,,,
left,left_arm,left_tool0,world,-1.100000,0.000000,0.600000,1,yaw0_pitch-15,0.00000000,0.60876143,0.00000000,0.79335334,0,-31,ik_failed,55.7,,,
left,left_arm,left_tool0,world,-1.100000,0.000000,0.600000,2,yaw+15_pitch-15,0.10355339,0.60355339,0.07945931,0.78656609,0,-31,ik_failed,51.5,,,
left,left_arm,left_tool0,world,-1.100000,0.000000,0.600000,3,yaw-15_pitch0,-0.09229596,0.70105738,-0.09229596,0.70105738,0,-31,ik_failed,50.8,,,
left,left_arm,left_tool0,world,-1.100000,0.000000,0.600000,4,center,0.00000000,0.70710678,0.00000000,0.70710678,0,-31,ik_failed,51.4,,,
left,left_arm,left_tool0,world,-1.100000,0.000000,0.600000,5,yaw+15_pitch0,0.09229596,0.70105738,0.09229596,0.70105738,0,-31,ik_failed,57.3,,,
left,left_arm,left_tool0,world,-1.100000,0.000000,0.600000,6,yaw-15_pitch+15,-0.07945931,0.78656609,-0.10355339,0.60355339,0,-31,ik_failed,51.9,,,
left,left_arm,left_tool0,world,-1.100000,0.000000,0.600000,7,yaw0_pitch+15,0.00000000,0.79335334,0.00000000,0.60876143,0,-31,ik_failed,51.7,,,
left,left_arm,left_tool0,world,-1.100000,0.000000,0.600000,8,yaw+15_pitch+15,0.07945931,0.78656609,0.10355339,0.60355339,0,-31,ik_failed,53.1,,,
left,left_arm,left_tool0,world,-1.100000,0.000000,0.600000,-1,SUMMARY,,,,,,,,,0,9,0
left,left_arm,left_tool0,world,-1.100000,0.000000,0.700000,0,yaw-15_pitch-15,-0.10355339,0.60355339,-0.07945931,0.78656609,0,-31,ik_failed,59.4,,,
left,left_arm,left_tool0,world,-1.100000,0.000000,0.700000,1,yaw0_pitch-15,0.00000000,0.60876143,0.00000000,0.79335334,0,-31,ik_failed,52.7,,,
left,left_arm,left_tool0,world,-1.100000,0.000000,0.700000,2,yaw+15_pitch-15,0.10355339,0.60355339,0.07945931,0.78656609,0,-31,ik_failed,53.9,,,
left,left_arm,left_tool0,world,-1.100000,0.000000,0.700000,3,yaw-15_pitch0,-0.09229596,0.70105738,-0.09229596,0.70105738,0,-31,ik_failed,53.4,,,
left,left_arm,left_tool0,world,-1.100000,0.000000,0.700000,4,center,0.00000000,0.70710678,0.00000000,0.70710678,0,-31,ik_failed,52.1,,,
left,left_arm,left_tool0,world,-1.100000,0.000000,0.700000,5,yaw+15_pitch0,0.09229596,0.70105738,0.09229596,0.70105738,0,-31,ik_failed,51.4,,,
left,left_arm,left_tool0,world,-1.100000,0.000000,0.700000,6,yaw-15_pitch+15,-0.07945931,0.78656609,-0.10355339,0.60355339,0,-31,ik_failed,52.6,,,
left,left_arm,left_tool0,world,-1.100000,0.000000,0.700000,7,yaw0_pitch+15,0.00000000,0.79335334,0.00000000,0.60876143,0,-31,ik_failed,51.9,,,
left,left_arm,left_tool0,world,-1.100000,0.000000,0.700000,8,yaw+15_pitch+15,0.07945931,0.78656609,0.10355339,0.60355339,0,-31,ik_failed,51.9,,,
left,left_arm,left_tool0,world,-1.100000,0.000000,0.700000,-1,SUMMARY,,,,,,,,,0,9,0
left,left_arm,left_tool0,world,-1.100000,0.000000,0.800000,0,yaw-15_pitch-15,-0.10355339,0.60355339,-0.07945931,0.78656609,0,-31,ik_failed,55.8,,,
left,left_arm,left_tool0,world,-1.100000,0.000000,0.800000,1,yaw0_pitch-15,0.00000000,0.60876143,0.00000000,0.79335334,0,-31,ik_failed,51.9,,,
left,left_arm,left_tool0,world,-1.100000,0.000000,0.800000,2,yaw+15_pitch-15,0.10355339,0.60355339,0.07945931,0.78656609,0,-31,ik_failed,53.1,,,
left,left_arm,left_tool0,world,-1.100000,0.000000,0.800000,3,yaw-15_pitch0,-0.09229596,0.70105738,-0.09229596,0.70105738,0,-31,ik_failed,50.6,,,
left,left_arm,left_tool0,world,-1.100000,0.000000,0.800000,4,center,0.00000000,0.70710678,0.00000000,0.70710678,0,-31,ik_failed,51.2,,,
left,left_arm,left_tool0,world,-1.100000,0.000000,0.800000,5,yaw+15_pitch0,0.09229596,0.70105738,0.09229596,0.70105738,0,-31,ik_failed,50.6,,,
left,left_arm,left_tool0,world,-1.100000,0.000000,0.800000,6,yaw-15_pitch+15,-0.07945931,0.78656609,-0.10355339,0.60355339,0,-31,ik_failed,51.1,,,
left,left_arm,left_tool0,world,-1.100000,0.000000,0.800000,7,yaw0_pitch+15,0.00000000,0.79335334,0.00000000,0.60876143,0,-31,ik_failed,50.7,,,
left,left_arm,left_tool0,world,-1.100000,0.000000,0.800000,8,yaw+15_pitch+15,0.07945931,0.78656609,0.10355339,0.60355339,0,-31,ik_failed,51.1,,,
left,left_arm,left_tool0,world,-1.100000,0.000000,0.800000,-1,SUMMARY,,,,,,,,,0,9,0
left,left_arm,left_tool0,world,-1.100000,0.000000,0.900000,0,yaw-15_pitch-15,-0.10355339,0.60355339,-0.07945931,0.78656609,0,-31,ik_failed,63.3,,,
left,left_arm,left_tool0,world,-1.100000,0.000000,0.900000,1,yaw0_pitch-15,0.00000000,0.60876143,0.00000000,0.79335334,0,-31,ik_failed,50.7,,,
left,left_arm,left_tool0,world,-1.100000,0.000000,0.900000,2,yaw+15_pitch-15,0.10355339,0.60355339,0.07945931,0.78656609,0,-31,ik_failed,50.6,,,
left,left_arm,left_tool0,world,-1.100000,0.000000,0.900000,3,yaw-15_pitch0,-0.09229596,0.70105738,-0.09229596,0.70105738,0,-31,ik_failed,52.5,,,
left,left_arm,left_tool0,world,-1.100000,0.000000,0.900000,4,center,0.00000000,0.70710678,0.00000000,0.70710678,0,-31,ik_failed,53.2,,,
left,left_arm,left_tool0,world,-1.100000,0.000000,0.900000,5,yaw+15_pitch0,0.09229596,0.70105738,0.09229596,0.70105738,0,-31,ik_failed,54.1,,,
left,left_arm,left_tool0,world,-1.100000,0.000000,0.900000,6,yaw-15_pitch+15,-0.07945931,0.78656609,-0.10355339,0.60355339,0,-31,ik_failed,51.5,,,
left,left_arm,left_tool0,world,-1.100000,0.000000,0.900000,7,yaw0_pitch+15,0.00000000,0.79335334,0.00000000,0.60876143,0,-31,ik_failed,54.9,,,
left,left_arm,left_tool0,world,-1.100000,0.000000,0.900000,8,yaw+15_pitch+15,0.07945931,0.78656609,0.10355339,0.60355339,0,-31,ik_failed,53.8,,,
left,left_arm,left_tool0,world,-1.100000,0.000000,0.900000,-1,SUMMARY,,,,,,,,,0,9,0
left,left_arm,left_tool0,world,-1.100000,0.000000,1.000000,0,yaw-15_pitch-15,-0.10355339,0.60355339,-0.07945931,0.78656609,0,-31,ik_failed,55.9,,,
left,left_arm,left_tool0,world,-1.100000,0.000000,1.000000,1,yaw0_pitch-15,0.00000000,0.60876143,0.00000000,0.79335334,0,-31,ik_failed,50.9,,,
left,left_arm,left_tool0,world,-1.100000,0.000000,1.000000,2,yaw+15_pitch-15,0.10355339,0.60355339,0.07945931,0.78656609,0,-31,ik_failed,50.8,,,
left,left_arm,left_tool0,world,-1.100000,0.000000,1.000000,3,yaw-15_pitch0,-0.09229596,0.70105738,-0.09229596,0.70105738,0,-31,ik_failed,50.5,,,
left,left_arm,left_tool0,world,-1.100000,0.000000,1.000000,4,center,0.00000000,0.70710678,0.00000000,0.70710678,0,-31,ik_failed,50.7,,,
left,left_arm,left_tool0,world,-1.100000,0.000000,1.000000,5,yaw+15_pitch0,0.09229596,0.70105738,0.09229596,0.70105738,0,-31,ik_failed,50.6,,,
left,left_arm,left_tool0,world,-1.100000,0.000000,1.000000,6,yaw-15_pitch+15,-0.07945931,0.78656609,-0.10355339,0.60355339,0,-31,ik_failed,50.6,,,
left,left_arm,left_tool0,world,-1.100000,0.000000,1.000000,7,yaw0_pitch+15,0.00000000,0.79335334,0.00000000,0.60876143,0,-31,ik_failed,50.8,,,
left,left_arm,left_tool0,world,-1.100000,0.000000,1.000000,8,yaw+15_pitch+15,0.07945931,0.78656609,0.10355339,0.60355339,0,-31,ik_failed,50.5,,,
left,left_arm,left_tool0,world,-1.100000,0.000000,1.000000,-1,SUMMARY,,,,,,,,,0,9,0
left,left_arm,left_tool0,world,-1.100000,0.000000,1.100000,0,yaw-15_pitch-15,-0.10355339,0.60355339,-0.07945931,0.78656609,0,-31,ik_failed,54.4,,,
left,left_arm,left_tool0,world,-1.100000,0.000000,1.100000,1,yaw0_pitch-15,0.00000000,0.60876143,0.00000000,0.79335334,0,-31,ik_failed,51.1,,,
left,left_arm,left_tool0,world,-1.100000,0.000000,1.100000,2,yaw+15_pitch-15,0.10355339,0.60355339,0.07945931,0.78656609,0,-31,ik_failed,50.7,,,
left,left_arm,left_tool0,world,-1.100000,0.000000,1.100000,3,yaw-15_pitch0,-0.09229596,0.70105738,-0.09229596,0.70105738,0,-31,ik_failed,50.5,,,
left,left_arm,left_tool0,world,-1.100000,0.000000,1.100000,4,center,0.00000000,0.70710678,0.00000000,0.70710678,0,-31,ik_failed,52.5,,,
left,left_arm,left_tool0,world,-1.100000,0.000000,1.100000,5,yaw+15_pitch0,0.09229596,0.70105738,0.09229596,0.70105738,0,-31,ik_failed,58.6,,,
left,left_arm,left_tool0,world,-1.100000,0.000000,1.100000,6,yaw-15_pitch+15,-0.07945931,0.78656609,-0.10355339,0.60355339,0,-31,ik_failed,55.1,,,
left,left_arm,left_tool0,world,-1.100000,0.000000,1.100000,7,yaw0_pitch+15,0.00000000,0.79335334,0.00000000,0.60876143,0,-31,ik_failed,50.8,,,
left,left_arm,left_tool0,world,-1.100000,0.000000,1.100000,8,yaw+15_pitch+15,0.07945931,0.78656609,0.10355339,0.60355339,0,-31,ik_failed,58.9,,,
left,left_arm,left_tool0,world,-1.100000,0.000000,1.100000,-1,SUMMARY,,,,,,,,,0,9,0
left,left_arm,left_tool0,world,-1.100000,0.000000,1.200000,0,yaw-15_pitch-15,-0.10355339,0.60355339,-0.07945931,0.78656609,0,-31,ik_failed,50.6,,,
left,left_arm,left_tool0,world,-1.100000,0.000000,1.200000,1,yaw0_pitch-15,0.00000000,0.60876143,0.00000000,0.79335334,0,-31,ik_failed,52.8,,,
left,left_arm,left_tool0,world,-1.100000,0.000000,1.200000,2,yaw+15_pitch-15,0.10355339,0.60355339,0.07945931,0.78656609,0,-31,ik_failed,51.0,,,
left,left_arm,left_tool0,world,-1.100000,0.000000,1.200000,3,yaw-15_pitch0,-0.09229596,0.70105738,-0.09229596,0.70105738,0,-31,ik_failed,51.1,,,
left,left_arm,left_tool0,world,-1.100000,0.000000,1.200000,4,center,0.00000000,0.70710678,0.00000000,0.70710678,0,-31,ik_failed,54.5,,,
left,left_arm,left_tool0,world,-1.100000,0.000000,1.200000,5,yaw+15_pitch0,0.09229596,0.70105738,0.09229596,0.70105738,0,-31,ik_failed,50.5,,,
left,left_arm,left_tool0,world,-1.100000,0.000000,1.200000,6,yaw-15_pitch+15,-0.07945931,0.78656609,-0.10355339,0.60355339,0,-31,ik_failed,53.5,,,
left,left_arm,left_tool0,world,-1.100000,0.000000,1.200000,7,yaw0_pitch+15,0.00000000,0.79335334,0.00000000,0.60876143,0,-31,ik_failed,56.4,,,
left,left_arm,left_tool0,world,-1.100000,0.000000,1.200000,8,yaw+15_pitch+15,0.07945931,0.78656609,0.10355339,0.60355339,0,-31,ik_failed,53.6,,,
left,left_arm,left_tool0,world,-1.100000,0.000000,1.200000,-1,SUMMARY,,,,,,,,,0,9,0
left,left_arm,left_tool0,world,-1.100000,0.000000,1.300000,0,yaw-15_pitch-15,-0.10355339,0.60355339,-0.07945931,0.78656609,0,-31,ik_failed,54.3,,,
left,left_arm,left_tool0,world,-1.100000,0.000000,1.300000,1,yaw0_pitch-15,0.00000000,0.60876143,0.00000000,0.79335334,0,-31,ik_failed,58.8,,,
left,left_arm,left_tool0,world,-1.100000,0.000000,1.300000,2,yaw+15_pitch-15,0.10355339,0.60355339,0.07945931,0.78656609,0,-31,ik_failed,50.9,,,
left,left_arm,left_tool0,world,-1.100000,0.000000,1.300000,3,yaw-15_pitch0,-0.09229596,0.70105738,-0.09229596,0.70105738,0,-31,ik_failed,50.8,,,
left,left_arm,left_tool0,world,-1.100000,0.000000,1.300000,4,center,0.00000000,0.70710678,0.00000000,0.70710678,0,-31,ik_failed,50.5,,,
left,left_arm,left_tool0,world,-1.100000,0.000000,1.300000,5,yaw+15_pitch0,0.09229596,0.70105738,0.09229596,0.70105738,0,-31,ik_failed,54.4,,,
left,left_arm,left_tool0,world,-1.100000,0.000000,1.300000,6,yaw-15_pitch+15,-0.07945931,0.78656609,-0.10355339,0.60355339,0,-31,ik_failed,52.2,,,
left,left_arm,left_tool0,world,-1.100000,0.000000,1.300000,7,yaw0_pitch+15,0.00000000,0.79335334,0.00000000,0.60876143,0,-31,ik_failed,50.7,,,
left,left_arm,left_tool0,world,-1.100000,0.000000,1.300000,8,yaw+15_pitch+15,0.07945931,0.78656609,0.10355339,0.60355339,0,-31,ik_failed,52.1,,,
left,left_arm,left_tool0,world,-1.100000,0.000000,1.300000,-1,SUMMARY,,,,,,,,,0,9,0
left,left_arm,left_tool0,world,-1.100000,0.000000,1.400000,0,yaw-15_pitch-15,-0.10355339,0.60355339,-0.07945931,0.78656609,0,-31,ik_failed,51.6,,,
left,left_arm,left_tool0,world,-1.100000,0.000000,1.400000,1,yaw0_pitch-15,0.00000000,0.60876143,0.00000000,0.79335334,0,-31,ik_failed,51.6,,,
left,left_arm,left_tool0,world,-1.100000,0.000000,1.400000,2,yaw+15_pitch-15,0.10355339,0.60355339,0.07945931,0.78656609,0,-31,ik_failed,52.8,,,
left,left_arm,left_tool0,world,-1.100000,0.000000,1.400000,3,yaw-15_pitch0,-0.09229596,0.70105738,-0.09229596,0.70105738,0,-31,ik_failed,52.3,,,
left,left_arm,left_tool0,world,-1.100000,0.000000,1.400000,4,center,0.00000000,0.70710678,0.00000000,0.70710678,0,-31,ik_failed,51.4,,,
left,left_arm,left_tool0,world,-1.100000,0.000000,1.400000,5,yaw+15_pitch0,0.09229596,0.70105738,0.09229596,0.70105738,0,-31,ik_failed,50.9,,,
left,left_arm,left_tool0,world,-1.100000,0.000000,1.400000,6,yaw-15_pitch+15,-0.07945931,0.78656609,-0.10355339,0.60355339,0,-31,ik_failed,50.6,,,
left,left_arm,left_tool0,world,-1.100000,0.000000,1.400000,7,yaw0_pitch+15,0.00000000,0.79335334,0.00000000,0.60876143,0,-31,ik_failed,50.9,,,
left,left_arm,left_tool0,world,-1.100000,0.000000,1.400000,8,yaw+15_pitch+15,0.07945931,0.78656609,0.10355339,0.60355339,0,-31,ik_failed,50.7,,,
left,left_arm,left_tool0,world,-1.100000,0.000000,1.400000,-1,SUMMARY,,,,,,,,,0,9,0
left,left_arm,left_tool0,world,-1.100000,0.000000,1.500000,0,yaw-15_pitch-15,-0.10355339,0.60355339,-0.07945931,0.78656609,0,-31,ik_failed,50.9,,,
left,left_arm,left_tool0,world,-1.100000,0.000000,1.500000,1,yaw0_pitch-15,0.00000000,0.60876143,0.00000000,0.79335334,0,-31,ik_failed,51.5,,,
left,left_arm,left_tool0,world,-1.100000,0.000000,1.500000,2,yaw+15_pitch-15,0.10355339,0.60355339,0.07945931,0.78656609,0,-31,ik_failed,51.9,,,
left,left_arm,left_tool0,world,-1.100000,0.000000,1.500000,3,yaw-15_pitch0,-0.09229596,0.70105738,-0.09229596,0.70105738,0,-31,ik_failed,51.0,,,
left,left_arm,left_tool0,world,-1.100000,0.000000,1.500000,4,center,0.00000000,0.70710678,0.00000000,0.70710678,0,-31,ik_failed,50.5,,,
left,left_arm,left_tool0,world,-1.100000,0.000000,1.500000,5,yaw+15_pitch0,0.09229596,0.70105738,0.09229596,0.70105738,0,-31,ik_failed,50.6,,,
left,left_arm,left_tool0,world,-1.100000,0.000000,1.500000,6,yaw-15_pitch+15,-0.07945931,0.78656609,-0.10355339,0.60355339,0,-31,ik_failed,50.6,,,
left,left_arm,left_tool0,world,-1.100000,0.000000,1.500000,7,yaw0_pitch+15,0.00000000,0.79335334,0.00000000,0.60876143,0,-31,ik_failed,50.7,,,
left,left_arm,left_tool0,world,-1.100000,0.000000,1.500000,8,yaw+15_pitch+15,0.07945931,0.78656609,0.10355339,0.60355339,0,-31,ik_failed,50.4,,,
left,left_arm,left_tool0,world,-1.100000,0.000000,1.500000,-1,SUMMARY,,,,,,,,,0,9,0
left,left_arm,left_tool0,world,-1.100000,0.000000,1.600000,0,yaw-15_pitch-15,-0.10355339,0.60355339,-0.07945931,0.78656609,0,-31,ik_failed,52.0,,,
left,left_arm,left_tool0,world,-1.100000,0.000000,1.600000,1,yaw0_pitch-15,0.00000000,0.60876143,0.00000000,0.79335334,0,-31,ik_failed,50.5,,,
left,left_arm,left_tool0,world,-1.100000,0.000000,1.600000,2,yaw+15_pitch-15,0.10355339,0.60355339,0.07945931,0.78656609,0,-31,ik_failed,51.6,,,
left,left_arm,left_tool0,world,-1.100000,0.000000,1.600000,3,yaw-15_pitch0,-0.09229596,0.70105738,-0.09229596,0.70105738,0,-31,ik_failed,52.7,,,
left,left_arm,left_tool0,world,-1.100000,0.000000,1.600000,4,center,0.00000000,0.70710678,0.00000000,0.70710678,0,-31,ik_failed,53.7,,,
left,left_arm,left_tool0,world,-1.100000,0.000000,1.600000,5,yaw+15_pitch0,0.09229596,0.70105738,0.09229596,0.70105738,0,-31,ik_failed,51.2,,,
left,left_arm,left_tool0,world,-1.100000,0.000000,1.600000,6,yaw-15_pitch+15,-0.07945931,0.78656609,-0.10355339,0.60355339,0,-31,ik_failed,50.6,,,
left,left_arm,left_tool0,world,-1.100000,0.000000,1.600000,7,yaw0_pitch+15,0.00000000,0.79335334,0.00000000,0.60876143,0,-31,ik_failed,50.7,,,
left,left_arm,left_tool0,world,-1.100000,0.000000,1.600000,8,yaw+15_pitch+15,0.07945931,0.78656609,0.10355339,0.60355339,0,-31,ik_failed,50.7,,,
left,left_arm,left_tool0,world,-1.100000,0.000000,1.600000,-1,SUMMARY,,,,,,,,,0,9,0
left,left_arm,left_tool0,world,-1.100000,0.000000,1.700000,0,yaw-15_pitch-15,-0.10355339,0.60355339,-0.07945931,0.78656609,0,-31,ik_failed,51.8,,,
left,left_arm,left_tool0,world,-1.100000,0.000000,1.700000,1,yaw0_pitch-15,0.00000000,0.60876143,0.00000000,0.79335334,0,-31,ik_failed,50.8,,,
left,left_arm,left_tool0,world,-1.100000,0.000000,1.700000,2,yaw+15_pitch-15,0.10355339,0.60355339,0.07945931,0.78656609,0,-31,ik_failed,54.3,,,
left,left_arm,left_tool0,world,-1.100000,0.000000,1.700000,3,yaw-15_pitch0,-0.09229596,0.70105738,-0.09229596,0.70105738,0,-31,ik_failed,52.3,,,
left,left_arm,left_tool0,world,-1.100000,0.000000,1.700000,4,center,0.00000000,0.70710678,0.00000000,0.70710678,0,-31,ik_failed,50.9,,,
left,left_arm,left_tool0,world,-1.100000,0.000000,1.700000,5,yaw+15_pitch0,0.09229596,0.70105738,0.09229596,0.70105738,0,-31,ik_failed,52.2,,,
left,left_arm,left_tool0,world,-1.100000,0.000000,1.700000,6,yaw-15_pitch+15,-0.07945931,0.78656609,-0.10355339,0.60355339,0,-31,ik_failed,50.6,,,
left,left_arm,left_tool0,world,-1.100000,0.000000,1.700000,7,yaw0_pitch+15,0.00000000,0.79335334,0.00000000,0.60876143,0,-31,ik_failed,51.6,,,
left,left_arm,left_tool0,world,-1.100000,0.000000,1.700000,8,yaw+15_pitch+15,0.07945931,0.78656609,0.10355339,0.60355339,0,-31,ik_failed,50.8,,,
left,left_arm,left_tool0,world,-1.100000,0.000000,1.700000,-1,SUMMARY,,,,,,,,,0,9,0
left,left_arm,left_tool0,world,-1.100000,0.000000,1.800000,0,yaw-15_pitch-15,-0.10355339,0.60355339,-0.07945931,0.78656609,0,-31,ik_failed,50.6,,,
left,left_arm,left_tool0,world,-1.100000,0.000000,1.800000,1,yaw0_pitch-15,0.00000000,0.60876143,0.00000000,0.79335334,0,-31,ik_failed,50.8,,,
left,left_arm,left_tool0,world,-1.100000,0.000000,1.800000,2,yaw+15_pitch-15,0.10355339,0.60355339,0.07945931,0.78656609,0,-31,ik_failed,50.7,,,
left,left_arm,left_tool0,world,-1.100000,0.000000,1.800000,3,yaw-15_pitch0,-0.09229596,0.70105738,-0.09229596,0.70105738,0,-31,ik_failed,50.6,,,
left,left_arm,left_tool0,world,-1.100000,0.000000,1.800000,4,center,0.00000000,0.70710678,0.00000000,0.70710678,0,-31,ik_failed,50.6,,,
left,left_arm,left_tool0,world,-1.100000,0.000000,1.800000,5,yaw+15_pitch0,0.09229596,0.70105738,0.09229596,0.70105738,0,-31,ik_failed,51.1,,,
left,left_arm,left_tool0,world,-1.100000,0.000000,1.800000,6,yaw-15_pitch+15,-0.07945931,0.78656609,-0.10355339,0.60355339,0,-31,ik_failed,52.7,,,
left,left_arm,left_tool0,world,-1.100000,0.000000,1.800000,7,yaw0_pitch+15,0.00000000,0.79335334,0.00000000,0.60876143,0,-31,ik_failed,51.3,,,
left,left_arm,left_tool0,world,-1.100000,0.000000,1.800000,8,yaw+15_pitch+15,0.07945931,0.78656609,0.10355339,0.60355339,0,-31,ik_failed,50.6,,,
left,left_arm,left_tool0,world,-1.100000,0.000000,1.800000,-1,SUMMARY,,,,,,,,,0,9,0
left,left_arm,left_tool0,world,-1.100000,0.000000,1.900000,0,yaw-15_pitch-15,-0.10355339,0.60355339,-0.07945931,0.78656609,0,-31,ik_failed,53.5,,,
left,left_arm,left_tool0,world,-1.100000,0.000000,1.900000,1,yaw0_pitch-15,0.00000000,0.60876143,0.00000000,0.79335334,0,-31,ik_failed,51.5,,,
left,left_arm,left_tool0,world,-1.100000,0.000000,1.900000,2,yaw+15_pitch-15,0.10355339,0.60355339,0.07945931,0.78656609,0,-31,ik_failed,51.3,,,
left,left_arm,left_tool0,world,-1.100000,0.000000,1.900000,3,yaw-15_pitch0,-0.09229596,0.70105738,-0.09229596,0.70105738,0,-31,ik_failed,51.7,,,
left,left_arm,left_tool0,world,-1.100000,0.000000,1.900000,4,center,0.00000000,0.70710678,0.00000000,0.70710678,0,-31,ik_failed,50.7,,,
left,left_arm,left_tool0,world,-1.100000,0.000000,1.900000,5,yaw+15_pitch0,0.09229596,0.70105738,0.09229596,0.70105738,0,-31,ik_failed,50.5,,,
left,left_arm,left_tool0,world,-1.100000,0.000000,1.900000,6,yaw-15_pitch+15,-0.07945931,0.78656609,-0.10355339,0.60355339,0,-31,ik_failed,51.1,,,
left,left_arm,left_tool0,world,-1.100000,0.000000,1.900000,7,yaw0_pitch+15,0.00000000,0.79335334,0.00000000,0.60876143,0,-31,ik_failed,51.0,,,
left,left_arm,left_tool0,world,-1.100000,0.000000,1.900000,8,yaw+15_pitch+15,0.07945931,0.78656609,0.10355339,0.60355339,0,-31,ik_failed,50.5,,,
left,left_arm,left_tool0,world,-1.100000,0.000000,1.900000,-1,SUMMARY,,,,,,,,,0,9,0
left,left_arm,left_tool0,world,-1.100000,0.000000,2.000000,0,yaw-15_pitch-15,-0.10355339,0.60355339,-0.07945931,0.78656609,0,-31,ik_failed,50.9,,,
left,left_arm,left_tool0,world,-1.100000,0.000000,2.000000,1,yaw0_pitch-15,0.00000000,0.60876143,0.00000000,0.79335334,0,-31,ik_failed,50.8,,,
left,left_arm,left_tool0,world,-1.100000,0.000000,2.000000,2,yaw+15_pitch-15,0.10355339,0.60355339,0.07945931,0.78656609,0,-31,ik_failed,50.8,,,
left,left_arm,left_tool0,world,-1.100000,0.000000,2.000000,3,yaw-15_pitch0,-0.09229596,0.70105738,-0.09229596,0.70105738,0,-31,ik_failed,52.2,,,
left,left_arm,left_tool0,world,-1.100000,0.000000,2.000000,4,center,0.00000000,0.70710678,0.00000000,0.70710678,0,-31,ik_failed,50.6,,,
left,left_arm,left_tool0,world,-1.100000,0.000000,2.000000,5,yaw+15_pitch0,0.09229596,0.70105738,0.09229596,0.70105738,0,-31,ik_failed,52.4,,,
left,left_arm,left_tool0,world,-1.100000,0.000000,2.000000,6,yaw-15_pitch+15,-0.07945931,0.78656609,-0.10355339,0.60355339,0,-31,ik_failed,51.4,,,
left,left_arm,left_tool0,world,-1.100000,0.000000,2.000000,7,yaw0_pitch+15,0.00000000,0.79335334,0.00000000,0.60876143,0,-31,ik_failed,56.2,,,
left,left_arm,left_tool0,world,-1.100000,0.000000,2.000000,8,yaw+15_pitch+15,0.07945931,0.78656609,0.10355339,0.60355339,0,-31,ik_failed,50.8,,,
left,left_arm,left_tool0,world,-1.100000,0.000000,2.000000,-1,SUMMARY,,,,,,,,,0,9,0
left,left_arm,left_tool0,world,-1.100000,0.100000,0.000000,0,yaw-15_pitch-15,-0.10355339,0.60355339,-0.07945931,0.78656609,0,-31,ik_failed,54.5,,,
left,left_arm,left_tool0,world,-1.100000,0.100000,0.000000,1,yaw0_pitch-15,0.00000000,0.60876143,0.00000000,0.79335334,0,-31,ik_failed,51.0,,,
left,left_arm,left_tool0,world,-1.100000,0.100000,0.000000,2,yaw+15_pitch-15,0.10355339,0.60355339,0.07945931,0.78656609,0,-31,ik_failed,54.4,,,
left,left_arm,left_tool0,world,-1.100000,0.100000,0.000000,3,yaw-15_pitch0,-0.09229596,0.70105738,-0.09229596,0.70105738,0,-31,ik_failed,50.7,,,
left,left_arm,left_tool0,world,-1.100000,0.100000,0.000000,4,center,0.00000000,0.70710678,0.00000000,0.70710678,0,-31,ik_failed,53.4,,,
left,left_arm,left_tool0,world,-1.100000,0.100000,0.000000,5,yaw+15_pitch0,0.09229596,0.70105738,0.09229596,0.70105738,0,-31,ik_failed,50.8,,,
left,left_arm,left_tool0,world,-1.100000,0.100000,0.000000,6,yaw-15_pitch+15,-0.07945931,0.78656609,-0.10355339,0.60355339,0,-31,ik_failed,54.1,,,
left,left_arm,left_tool0,world,-1.100000,0.100000,0.000000,7,yaw0_pitch+15,0.00000000,0.79335334,0.00000000,0.60876143,0,-31,ik_failed,50.7,,,
left,left_arm,left_tool0,world,-1.100000,0.100000,0.000000,8,yaw+15_pitch+15,0.07945931,0.78656609,0.10355339,0.60355339,0,-31,ik_failed,50.7,,,
left,left_arm,left_tool0,world,-1.100000,0.100000,0.000000,-1,SUMMARY,,,,,,,,,0,9,0
left,left_arm,left_tool0,world,-1.100000,0.100000,0.100000,0,yaw-15_pitch-15,-0.10355339,0.60355339,-0.07945931,0.78656609,0,-31,ik_failed,54.4,,,
left,left_arm,left_tool0,world,-1.100000,0.100000,0.100000,1,yaw0_pitch-15,0.00000000,0.60876143,0.00000000,0.79335334,0,-31,ik_failed,51.0,,,
left,left_arm,left_tool0,world,-1.100000,0.100000,0.100000,2,yaw+15_pitch-15,0.10355339,0.60355339,0.07945931,0.78656609,0,-31,ik_failed,50.6,,,
left,left_arm,left_tool0,world,-1.100000,0.100000,0.100000,3,yaw-15_pitch0,-0.09229596,0.70105738,-0.09229596,0.70105738,0,-31,ik_failed,50.7,,,
left,left_arm,left_tool0,world,-1.100000,0.100000,0.100000,4,center,0.00000000,0.70710678,0.00000000,0.70710678,0,-31,ik_failed,57.6,,,
left,left_arm,left_tool0,world,-1.100000,0.100000,0.100000,5,yaw+15_pitch0,0.09229596,0.70105738,0.09229596,0.70105738,0,-31,ik_failed,61.2,,,
left,left_arm,left_tool0,world,-1.100000,0.100000,0.100000,6,yaw-15_pitch+15,-0.07945931,0.78656609,-0.10355339,0.60355339,0,-31,ik_failed,50.6,,,
left,left_arm,left_tool0,world,-1.100000,0.100000,0.100000,7,yaw0_pitch+15,0.00000000,0.79335334,0.00000000,0.60876143,0,-31,ik_failed,53.7,,,
left,left_arm,left_tool0,world,-1.100000,0.100000,0.100000,8,yaw+15_pitch+15,0.07945931,0.78656609,0.10355339,0.60355339,0,-31,ik_failed,50.9,,,
left,left_arm,left_tool0,world,-1.100000,0.100000,0.100000,-1,SUMMARY,,,,,,,,,0,9,0
left,left_arm,left_tool0,world,-1.100000,0.100000,0.200000,0,yaw-15_pitch-15,-0.10355339,0.60355339,-0.07945931,0.78656609,0,-31,ik_failed,50.7,,,
left,left_arm,left_tool0,world,-1.100000,0.100000,0.200000,1,yaw0_pitch-15,0.00000000,0.60876143,0.00000000,0.79335334,0,-31,ik_failed,57.1,,,
left,left_arm,left_tool0,world,-1.100000,0.100000,0.200000,2,yaw+15_pitch-15,0.10355339,0.60355339,0.07945931,0.78656609,0,-31,ik_failed,51.7,,,
left,left_arm,left_tool0,world,-1.100000,0.100000,0.200000,3,yaw-15_pitch0,-0.09229596,0.70105738,-0.09229596,0.70105738,0,-31,ik_failed,50.7,,,
left,left_arm,left_tool0,world,-1.100000,0.100000,0.200000,4,center,0.00000000,0.70710678,0.00000000,0.70710678,0,-31,ik_failed,50.9,,,
left,left_arm,left_tool0,world,-1.100000,0.100000,0.200000,5,yaw+15_pitch0,0.09229596,0.70105738,0.09229596,0.70105738,0,-31,ik_failed,52.8,,,
left,left_arm,left_tool0,world,-1.100000,0.100000,0.200000,6,yaw-15_pitch+15,-0.07945931,0.78656609,-0.10355339,0.60355339,0,-31,ik_failed,51.6,,,
left,left_arm,left_tool0,world,-1.100000,0.100000,0.200000,7,yaw0_pitch+15,0.00000000,0.79335334,0.00000000,0.60876143,0,-31,ik_failed,50.6,,,
left,left_arm,left_tool0,world,-1.100000,0.100000,0.200000,8,yaw+15_pitch+15,0.07945931,0.78656609,0.10355339,0.60355339,0,-31,ik_failed,53.7,,,
left,left_arm,left_tool0,world,-1.100000,0.100000,0.200000,-1,SUMMARY,,,,,,,,,0,9,0
left,left_arm,left_tool0,world,-1.100000,0.100000,0.300000,0,yaw-15_pitch-15,-0.10355339,0.60355339,-0.07945931,0.78656609,0,-31,ik_failed,52.8,,,
left,left_arm,left_tool0,world,-1.100000,0.100000,0.300000,1,yaw0_pitch-15,0.00000000,0.60876143,0.00000000,0.79335334,0,-31,ik_failed,50.6,,,
left,left_arm,left_tool0,world,-1.100000,0.100000,0.300000,2,yaw+15_pitch-15,0.10355339,0.60355339,0.07945931,0.78656609,0,-31,ik_failed,50.8,,,
left,left_arm,left_tool0,world,-1.100000,0.100000,0.300000,3,yaw-15_pitch0,-0.09229596,0.70105738,-0.09229596,0.70105738,0,-31,ik_failed,50.7,,,
left,left_arm,left_tool0,world,-1.100000,0.100000,0.300000,4,center,0.00000000,0.70710678,0.00000000,0.70710678,0,-31,ik_failed,51.2,,,
left,left_arm,left_tool0,world,-1.100000,0.100000,0.300000,5,yaw+15_pitch0,0.09229596,0.70105738,0.09229596,0.70105738,0,-31,ik_failed,50.7,,,
left,left_arm,left_tool0,world,-1.100000,0.100000,0.300000,6,yaw-15_pitch+15,-0.07945931,0.78656609,-0.10355339,0.60355339,0,-31,ik_failed,50.6,,,
left,left_arm,left_tool0,world,-1.100000,0.100000,0.300000,7,yaw0_pitch+15,0.00000000,0.79335334,0.00000000,0.60876143,0,-31,ik_failed,56.0,,,
left,left_arm,left_tool0,world,-1.100000,0.100000,0.300000,8,yaw+15_pitch+15,0.07945931,0.78656609,0.10355339,0.60355339,0,-31,ik_failed,50.9,,,
left,left_arm,left_tool0,world,-1.100000,0.100000,0.300000,-1,SUMMARY,,,,,,,,,0,9,0
left,left_arm,left_tool0,world,-1.100000,0.100000,0.400000,0,yaw-15_pitch-15,-0.10355339,0.60355339,-0.07945931,0.78656609,0,-31,ik_failed,51.9,,,
left,left_arm,left_tool0,world,-1.100000,0.100000,0.400000,1,yaw0_pitch-15,0.00000000,0.60876143,0.00000000,0.79335334,0,-31,ik_failed,50.7,,,
left,left_arm,left_tool0,world,-1.100000,0.100000,0.400000,2,yaw+15_pitch-15,0.10355339,0.60355339,0.07945931,0.78656609,0,-31,ik_failed,50.9,,,
left,left_arm,left_tool0,world,-1.100000,0.100000,0.400000,3,yaw-15_pitch0,-0.09229596,0.70105738,-0.09229596,0.70105738,0,-31,ik_failed,51.9,,,
left,left_arm,left_tool0,world,-1.100000,0.100000,0.400000,4,center,0.00000000,0.70710678,0.00000000,0.70710678,0,-31,ik_failed,50.6,,,
left,left_arm,left_tool0,world,-1.100000,0.100000,0.400000,5,yaw+15_pitch0,0.09229596,0.70105738,0.09229596,0.70105738,0,-31,ik_failed,51.5,,,
left,left_arm,left_tool0,world,-1.100000,0.100000,0.400000,6,yaw-15_pitch+15,-0.07945931,0.78656609,-0.10355339,0.60355339,0,-31,ik_failed,52.0,,,
left,left_arm,left_tool0,world,-1.100000,0.100000,0.400000,7,yaw0_pitch+15,0.00000000,0.79335334,0.00000000,0.60876143,0,-31,ik_failed,57.2,,,
left,left_arm,left_tool0,world,-1.100000,0.100000,0.400000,8,yaw+15_pitch+15,0.07945931,0.78656609,0.10355339,0.60355339,0,-31,ik_failed,50.7,,,
left,left_arm,left_tool0,world,-1.100000,0.100000,0.400000,-1,SUMMARY,,,,,,,,,0,9,0
left,left_arm,left_tool0,world,-1.100000,0.100000,0.500000,0,yaw-15_pitch-15,-0.10355339,0.60355339,-0.07945931,0.78656609,0,-31,ik_failed,50.7,,,
left,left_arm,left_tool0,world,-1.100000,0.100000,0.500000,1,yaw0_pitch-15,0.00000000,0.60876143,0.00000000,0.79335334,0,-31,ik_failed,51.4,,,
left,left_arm,left_tool0,world,-1.100000,0.100000,0.500000,2,yaw+15_pitch-15,0.10355339,0.60355339,0.07945931,0.78656609,0,-31,ik_failed,51.4,,,
left,left_arm,left_tool0,world,-1.100000,0.100000,0.500000,3,yaw-15_pitch0,-0.09229596,0.70105738,-0.09229596,0.70105738,0,-31,ik_failed,50.9,,,
left,left_arm,left_tool0,world,-1.100000,0.100000,0.500000,4,center,0.00000000,0.70710678,0.00000000,0.70710678,0,-31,ik_failed,51.1,,,
left,left_arm,left_tool0,world,-1.100000,0.100000,0.500000,5,yaw+15_pitch0,0.09229596,0.70105738,0.09229596,0.70105738,0,-31,ik_failed,50.7,,,
left,left_arm,left_tool0,world,-1.100000,0.100000,0.500000,6,yaw-15_pitch+15,-0.07945931,0.78656609,-0.10355339,0.60355339,0,-31,ik_failed,51.0,,,
left,left_arm,left_tool0,world,-1.100000,0.100000,0.500000,7,yaw0_pitch+15,0.00000000,0.79335334,0.00000000,0.60876143,0,-31,ik_failed,51.2,,,
left,left_arm,left_tool0,world,-1.100000,0.100000,0.500000,8,yaw+15_pitch+15,0.07945931,0.78656609,0.10355339,0.60355339,0,-31,ik_failed,50.7,,,
left,left_arm,left_tool0,world,-1.100000,0.100000,0.500000,-1,SUMMARY,,,,,,,,,0,9,0
left,left_arm,left_tool0,world,-1.100000,0.100000,0.600000,0,yaw-15_pitch-15,-0.10355339,0.60355339,-0.07945931,0.78656609,0,-31,ik_failed,50.8,,,
left,left_arm,left_tool0,world,-1.100000,0.100000,0.600000,1,yaw0_pitch-15,0.00000000,0.60876143,0.00000000,0.79335334,0,-31,ik_failed,50.8,,,
left,left_arm,left_tool0,world,-1.100000,0.100000,0.600000,2,yaw+15_pitch-15,0.10355339,0.60355339,0.07945931,0.78656609,0,-31,ik_failed,50.9,,,
left,left_arm,left_tool0,world,-1.100000,0.100000,0.600000,3,yaw-15_pitch0,-0.09229596,0.70105738,-0.09229596,0.70105738,0,-31,ik_failed,50.8,,,
left,left_arm,left_tool0,world,-1.100000,0.100000,0.600000,4,center,0.00000000,0.70710678,0.00000000,0.70710678,0,-31,ik_failed,50.9,,,
left,left_arm,left_tool0,world,-1.100000,0.100000,0.600000,5,yaw+15_pitch0,0.09229596,0.70105738,0.09229596,0.70105738,0,-31,ik_failed,54.4,,,
left,left_arm,left_tool0,world,-1.100000,0.100000,0.600000,6,yaw-15_pitch+15,-0.07945931,0.78656609,-0.10355339,0.60355339,0,-31,ik_failed,50.8,,,
left,left_arm,left_tool0,world,-1.100000,0.100000,0.600000,7,yaw0_pitch+15,0.00000000,0.79335334,0.00000000,0.60876143,0,-31,ik_failed,75.2,,,
left,left_arm,left_tool0,world,-1.100000,0.100000,0.600000,8,yaw+15_pitch+15,0.07945931,0.78656609,0.10355339,0.60355339,0,-31,ik_failed,50.8,,,
left,left_arm,left_tool0,world,-1.100000,0.100000,0.600000,-1,SUMMARY,,,,,,,,,0,9,0
left,left_arm,left_tool0,world,-1.100000,0.100000,0.700000,0,yaw-15_pitch-15,-0.10355339,0.60355339,-0.07945931,0.78656609,0,-31,ik_failed,54.0,,,
left,left_arm,left_tool0,world,-1.100000,0.100000,0.700000,1,yaw0_pitch-15,0.00000000,0.60876143,0.00000000,0.79335334,0,-31,ik_failed,53.6,,,
left,left_arm,left_tool0,world,-1.100000,0.100000,0.700000,2,yaw+15_pitch-15,0.10355339,0.60355339,0.07945931,0.78656609,0,-31,ik_failed,54.6,,,
left,left_arm,left_tool0,world,-1.100000,0.100000,0.700000,3,yaw-15_pitch0,-0.09229596,0.70105738,-0.09229596,0.70105738,0,-31,ik_failed,50.7,,,
left,left_arm,left_tool0,world,-1.100000,0.100000,0.700000,4,center,0.00000000,0.70710678,0.00000000,0.70710678,0,-31,ik_failed,50.7,,,
left,left_arm,left_tool0,world,-1.100000,0.100000,0.700000,5,yaw+15_pitch0,0.09229596,0.70105738,0.09229596,0.70105738,0,-31,ik_failed,50.8,,,
left,left_arm,left_tool0,world,-1.100000,0.100000,0.700000,6,yaw-15_pitch+15,-0.07945931,0.78656609,-0.10355339,0.60355339,0,-31,ik_failed,55.4,,,
left,left_arm,left_tool0,world,-1.100000,0.100000,0.700000,7,yaw0_pitch+15,0.00000000,0.79335334,0.00000000,0.60876143,0,-31,ik_failed,53.7,,,
left,left_arm,left_tool0,world,-1.100000,0.100000,0.700000,8,yaw+15_pitch+15,0.07945931,0.78656609,0.10355339,0.60355339,0,-31,ik_failed,54.7,,,
left,left_arm,left_tool0,world,-1.100000,0.100000,0.700000,-1,SUMMARY,,,,,,,,,0,9,0
left,left_arm,left_tool0,world,-1.100000,0.100000,0.800000,0,yaw-15_pitch-15,-0.10355339,0.60355339,-0.07945931,0.78656609,0,-31,ik_failed,52.7,,,
left,left_arm,left_tool0,world,-1.100000,0.100000,0.800000,1,yaw0_pitch-15,0.00000000,0.60876143,0.00000000,0.79335334,0,-31,ik_failed,52.5,,,
left,left_arm,left_tool0,world,-1.100000,0.100000,0.800000,2,yaw+15_pitch-15,0.10355339,0.60355339,0.07945931,0.78656609,0,-31,ik_failed,50.8,,,
left,left_arm,left_tool0,world,-1.100000,0.100000,0.800000,3,yaw-15_pitch0,-0.09229596,0.70105738,-0.09229596,0.70105738,0,-31,ik_failed,50.7,,,
left,left_arm,left_tool0,world,-1.100000,0.100000,0.800000,4,center,0.00000000,0.70710678,0.00000000,0.70710678,0,-31,ik_failed,54.3,,,
left,left_arm,left_tool0,world,-1.100000,0.100000,0.800000,5,yaw+15_pitch0,0.09229596,0.70105738,0.09229596,0.70105738,0,-31,ik_failed,50.7,,,
left,left_arm,left_tool0,world,-1.100000,0.100000,0.800000,6,yaw-15_pitch+15,-0.07945931,0.78656609,-0.10355339,0.60355339,0,-31,ik_failed,51.3,,,
left,left_arm,left_tool0,world,-1.100000,0.100000,0.800000,7,yaw0_pitch+15,0.00000000,0.79335334,0.00000000,0.60876143,0,-31,ik_failed,52.4,,,
left,left_arm,left_tool0,world,-1.100000,0.100000,0.800000,8,yaw+15_pitch+15,0.07945931,0.78656609,0.10355339,0.60355339,0,-31,ik_failed,53.8,,,
left,left_arm,left_tool0,world,-1.100000,0.100000,0.800000,-1,SUMMARY,,,,,,,,,0,9,0
left,left_arm,left_tool0,world,-1.100000,0.100000,0.900000,0,yaw-15_pitch-15,-0.10355339,0.60355339,-0.07945931,0.78656609,0,-31,ik_failed,50.7,,,
left,left_arm,left_tool0,world,-1.100000,0.100000,0.900000,1,yaw0_pitch-15,0.00000000,0.60876143,0.00000000,0.79335334,0,-31,ik_failed,50.7,,,
left,left_arm,left_tool0,world,-1.100000,0.100000,0.900000,2,yaw+15_pitch-15,0.10355339,0.60355339,0.07945931,0.78656609,0,-31,ik_failed,68.8,,,
left,left_arm,left_tool0,world,-1.100000,0.100000,0.900000,3,yaw-15_pitch0,-0.09229596,0.70105738,-0.09229596,0.70105738,0,-31,ik_failed,51.3,,,
left,left_arm,left_tool0,world,-1.100000,0.100000,0.900000,4,center,0.00000000,0.70710678,0.00000000,0.70710678,0,-31,ik_failed,57.3,,,
left,left_arm,left_tool0,world,-1.100000,0.100000,0.900000,5,yaw+15_pitch0,0.09229596,0.70105738,0.09229596,0.70105738,0,-31,ik_failed,50.7,,,
left,left_arm,left_tool0,world,-1.100000,0.100000,0.900000,6,yaw-15_pitch+15,-0.07945931,0.78656609,-0.10355339,0.60355339,0,-31,ik_failed,57.6,,,
left,left_arm,left_tool0,world,-1.100000,0.100000,0.900000,7,yaw0_pitch+15,0.00000000,0.79335334,0.00000000,0.60876143,0,-31,ik_failed,51.2,,,
left,left_arm,left_tool0,world,-1.100000,0.100000,0.900000,8,yaw+15_pitch+15,0.07945931,0.78656609,0.10355339,0.60355339,0,-31,ik_failed,55.0,,,
left,left_arm,left_tool0,world,-1.100000,0.100000,0.900000,-1,SUMMARY,,,,,,,,,0,9,0
left,left_arm,left_tool0,world,-1.100000,0.100000,1.000000,0,yaw-15_pitch-15,-0.10355339,0.60355339,-0.07945931,0.78656609,0,-31,ik_failed,54.3,,,
left,left_arm,left_tool0,world,-1.100000,0.100000,1.000000,1,yaw0_pitch-15,0.00000000,0.60876143,0.00000000,0.79335334,0,-31,ik_failed,51.7,,,
left,left_arm,left_tool0,world,-1.100000,0.100000,1.000000,2,yaw+15_pitch-15,0.10355339,0.60355339,0.07945931,0.78656609,0,-31,ik_failed,51.1,,,
left,left_arm,left_tool0,world,-1.100000,0.100000,1.000000,3,yaw-15_pitch0,-0.09229596,0.70105738,-0.09229596,0.70105738,0,-31,ik_failed,51.6,,,
left,left_arm,left_tool0,world,-1.100000,0.100000,1.000000,4,center,0.00000000,0.70710678,0.00000000,0.70710678,0,-31,ik_failed,50.7,,,
left,left_arm,left_tool0,world,-1.100000,0.100000,1.000000,5,yaw+15_pitch0,0.09229596,0.70105738,0.09229596,0.70105738,0,-31,ik_failed,59.8,,,
left,left_arm,left_tool0,world,-1.100000,0.100000,1.000000,6,yaw-15_pitch+15,-0.07945931,0.78656609,-0.10355339,0.60355339,0,-31,ik_failed,52.2,,,
left,left_arm,left_tool0,world,-1.100000,0.100000,1.000000,7,yaw0_pitch+15,0.00000000,0.79335334,0.00000000,0.60876143,0,-31,ik_failed,54.3,,,
left,left_arm,left_tool0,world,-1.100000,0.100000,1.000000,8,yaw+15_pitch+15,0.07945931,0.78656609,0.10355339,0.60355339,0,-31,ik_failed,51.6,,,
left,left_arm,left_tool0,world,-1.100000,0.100000,1.000000,-1,SUMMARY,,,,,,,,,0,9,0
left,left_arm,left_tool0,world,-1.100000,0.100000,1.100000,0,yaw-15_pitch-15,-0.10355339,0.60355339,-0.07945931,0.78656609,0,-31,ik_failed,52.5,,,
left,left_arm,left_tool0,world,-1.100000,0.100000,1.100000,1,yaw0_pitch-15,0.00000000,0.60876143,0.00000000,0.79335334,0,-31,ik_failed,54.0,,,
left,left_arm,left_tool0,world,-1.100000,0.100000,1.100000,2,yaw+15_pitch-15,0.10355339,0.60355339,0.07945931,0.78656609,0,-31,ik_failed,57.5,,,
left,left_arm,left_tool0,world,-1.100000,0.100000,1.100000,3,yaw-15_pitch0,-0.09229596,0.70105738,-0.09229596,0.70105738,0,-31,ik_failed,50.6,,,
left,left_arm,left_tool0,world,-1.100000,0.100000,1.100000,4,center,0.00000000,0.70710678,0.00000000,0.70710678,0,-31,ik_failed,53.1,,,
left,left_arm,left_tool0,world,-1.100000,0.100000,1.100000,5,yaw+15_pitch0,0.09229596,0.70105738,0.09229596,0.70105738,0,-31,ik_failed,51.0,,,
left,left_arm,left_tool0,world,-1.100000,0.100000,1.100000,6,yaw-15_pitch+15,-0.07945931,0.78656609,-0.10355339,0.60355339,0,-31,ik_failed,50.6,,,
left,left_arm,left_tool0,world,-1.100000,0.100000,1.100000,7,yaw0_pitch+15,0.00000000,0.79335334,0.00000000,0.60876143,0,-31,ik_failed,58.2,,,
left,left_arm,left_tool0,world,-1.100000,0.100000,1.100000,8,yaw+15_pitch+15,0.07945931,0.78656609,0.10355339,0.60355339,0,-31,ik_failed,51.5,,,
left,left_arm,left_tool0,world,-1.100000,0.100000,1.100000,-1,SUMMARY,,,,,,,,,0,9,0
left,left_arm,left_tool0,world,-1.100000,0.100000,1.200000,0,yaw-15_pitch-15,-0.10355339,0.60355339,-0.07945931,0.78656609,0,-31,ik_failed,53.2,,,
left,left_arm,left_tool0,world,-1.100000,0.100000,1.200000,1,yaw0_pitch-15,0.00000000,0.60876143,0.00000000,0.79335334,0,-31,ik_failed,52.5,,,
left,left_arm,left_tool0,world,-1.100000,0.100000,1.200000,2,yaw+15_pitch-15,0.10355339,0.60355339,0.07945931,0.78656609,0,-31,ik_failed,55.7,,,
left,left_arm,left_tool0,world,-1.100000,0.100000,1.200000,3,yaw-15_pitch0,-0.09229596,0.70105738,-0.09229596,0.70105738,0,-31,ik_failed,50.8,,,
left,left_arm,left_tool0,world,-1.100000,0.100000,1.200000,4,center,0.00000000,0.70710678,0.00000000,0.70710678,0,-31,ik_failed,51.4,,,
left,left_arm,left_tool0,world,-1.100000,0.100000,1.200000,5,yaw+15_pitch0,0.09229596,0.70105738,0.09229596,0.70105738,0,-31,ik_failed,53.6,,,
left,left_arm,left_tool0,world,-1.100000,0.100000,1.200000,6,yaw-15_pitch+15,-0.07945931,0.78656609,-0.10355339,0.60355339,0,-31,ik_failed,50.9,,,
left,left_arm,left_tool0,world,-1.100000,0.100000,1.200000,7,yaw0_pitch+15,0.00000000,0.79335334,0.00000000,0.60876143,0,-31,ik_failed,68.1,,,
left,left_arm,left_tool0,world,-1.100000,0.100000,1.200000,8,yaw+15_pitch+15,0.07945931,0.78656609,0.10355339,0.60355339,0,-31,ik_failed,51.0,,,
left,left_arm,left_tool0,world,-1.100000,0.100000,1.200000,-1,SUMMARY,,,,,,,,,0,9,0
left,left_arm,left_tool0,world,-1.100000,0.100000,1.300000,0,yaw-15_pitch-15,-0.10355339,0.60355339,-0.07945931,0.78656609,0,-31,ik_failed,53.1,,,
left,left_arm,left_tool0,world,-1.100000,0.100000,1.300000,1,yaw0_pitch-15,0.00000000,0.60876143,0.00000000,0.79335334,0,-31,ik_failed,55.5,,,
left,left_arm,left_tool0,world,-1.100000,0.100000,1.300000,2,yaw+15_pitch-15,0.10355339,0.60355339,0.07945931,0.78656609,0,-31,ik_failed,56.1,,,
left,left_arm,left_tool0,world,-1.100000,0.100000,1.300000,3,yaw-15_pitch0,-0.09229596,0.70105738,-0.09229596,0.70105738,0,-31,ik_failed,50.4,,,
left,left_arm,left_tool0,world,-1.100000,0.100000,1.300000,4,center,0.00000000,0.70710678,0.00000000,0.70710678,0,-31,ik_failed,51.2,,,
left,left_arm,left_tool0,world,-1.100000,0.100000,1.300000,5,yaw+15_pitch0,0.09229596,0.70105738,0.09229596,0.70105738,0,-31,ik_failed,50.5,,,
left,left_arm,left_tool0,world,-1.100000,0.100000,1.300000,6,yaw-15_pitch+15,-0.07945931,0.78656609,-0.10355339,0.60355339,0,-31,ik_failed,51.1,,,
left,left_arm,left_tool0,world,-1.100000,0.100000,1.300000,7,yaw0_pitch+15,0.00000000,0.79335334,0.00000000,0.60876143,0,-31,ik_failed,54.2,,,
left,left_arm,left_tool0,world,-1.100000,0.100000,1.300000,8,yaw+15_pitch+15,0.07945931,0.78656609,0.10355339,0.60355339,0,-31,ik_failed,50.8,,,
left,left_arm,left_tool0,world,-1.100000,0.100000,1.300000,-1,SUMMARY,,,,,,,,,0,9,0
left,left_arm,left_tool0,world,-1.100000,0.100000,1.400000,0,yaw-15_pitch-15,-0.10355339,0.60355339,-0.07945931,0.78656609,0,-31,ik_failed,50.5,,,
left,left_arm,left_tool0,world,-1.100000,0.100000,1.400000,1,yaw0_pitch-15,0.00000000,0.60876143,0.00000000,0.79335334,0,-31,ik_failed,53.9,,,
left,left_arm,left_tool0,world,-1.100000,0.100000,1.400000,2,yaw+15_pitch-15,0.10355339,0.60355339,0.07945931,0.78656609,0,-31,ik_failed,50.5,,,
left,left_arm,left_tool0,world,-1.100000,0.100000,1.400000,3,yaw-15_pitch0,-0.09229596,0.70105738,-0.09229596,0.70105738,0,-31,ik_failed,58.6,,,
left,left_arm,left_tool0,world,-1.100000,0.100000,1.400000,4,center,0.00000000,0.70710678,0.00000000,0.70710678,0,-31,ik_failed,50.6,,,
left,left_arm,left_tool0,world,-1.100000,0.100000,1.400000,5,yaw+15_pitch0,0.09229596,0.70105738,0.09229596,0.70105738,0,-31,ik_failed,50.6,,,
left,left_arm,left_tool0,world,-1.100000,0.100000,1.400000,6,yaw-15_pitch+15,-0.07945931,0.78656609,-0.10355339,0.60355339,0,-31,ik_failed,50.9,,,
left,left_arm,left_tool0,world,-1.100000,0.100000,1.400000,7,yaw0_pitch+15,0.00000000,0.79335334,0.00000000,0.60876143,0,-31,ik_failed,51.1,,,
left,left_arm,left_tool0,world,-1.100000,0.100000,1.400000,8,yaw+15_pitch+15,0.07945931,0.78656609,0.10355339,0.60355339,0,-31,ik_failed,51.3,,,
left,left_arm,left_tool0,world,-1.100000,0.100000,1.400000,-1,SUMMARY,,,,,,,,,0,9,0
left,left_arm,left_tool0,world,-1.100000,0.100000,1.500000,0,yaw-15_pitch-15,-0.10355339,0.60355339,-0.07945931,0.78656609,0,-31,ik_failed,51.9,,,
left,left_arm,left_tool0,world,-1.100000,0.100000,1.500000,1,yaw0_pitch-15,0.00000000,0.60876143,0.00000000,0.79335334,0,-31,ik_failed,50.5,,,
left,left_arm,left_tool0,world,-1.100000,0.100000,1.500000,2,yaw+15_pitch-15,0.10355339,0.60355339,0.07945931,0.78656609,0,-31,ik_failed,50.6,,,
left,left_arm,left_tool0,world,-1.100000,0.100000,1.500000,3,yaw-15_pitch0,-0.09229596,0.70105738,-0.09229596,0.70105738,0,-31,ik_failed,59.7,,,
left,left_arm,left_tool0,world,-1.100000,0.100000,1.500000,4,center,0.00000000,0.70710678,0.00000000,0.70710678,0,-31,ik_failed,50.6,,,
left,left_arm,left_tool0,world,-1.100000,0.100000,1.500000,5,yaw+15_pitch0,0.09229596,0.70105738,0.09229596,0.70105738,0,-31,ik_failed,50.5,,,
left,left_arm,left_tool0,world,-1.100000,0.100000,1.500000,6,yaw-15_pitch+15,-0.07945931,0.78656609,-0.10355339,0.60355339,0,-31,ik_failed,54.2,,,
left,left_arm,left_tool0,world,-1.100000,0.100000,1.500000,7,yaw0_pitch+15,0.00000000,0.79335334,0.00000000,0.60876143,0,-31,ik_failed,50.7,,,
left,left_arm,left_tool0,world,-1.100000,0.100000,1.500000,8,yaw+15_pitch+15,0.07945931,0.78656609,0.10355339,0.60355339,0,-31,ik_failed,56.2,,,
left,left_arm,left_tool0,world,-1.100000,0.100000,1.500000,-1,SUMMARY,,,,,,,,,0,9,0
left,left_arm,left_tool0,world,-1.100000,0.100000,1.600000,0,yaw-15_pitch-15,-0.10355339,0.60355339,-0.07945931,0.78656609,0,-31,ik_failed,50.8,,,
left,left_arm,left_tool0,world,-1.100000,0.100000,1.600000,1,yaw0_pitch-15,0.00000000,0.60876143,0.00000000,0.79335334,0,-31,ik_failed,51.4,,,
left,left_arm,left_tool0,world,-1.100000,0.100000,1.600000,2,yaw+15_pitch-15,0.10355339,0.60355339,0.07945931,0.78656609,0,-31,ik_failed,50.7,,,
left,left_arm,left_tool0,world,-1.100000,0.100000,1.600000,3,yaw-15_pitch0,-0.09229596,0.70105738,-0.09229596,0.70105738,0,-31,ik_failed,57.8,,,
left,left_arm,left_tool0,world,-1.100000,0.100000,1.600000,4,center,0.00000000,0.70710678,0.00000000,0.70710678,0,-31,ik_failed,56.2,,,
left,left_arm,left_tool0,world,-1.100000,0.100000,1.600000,5,yaw+15_pitch0,0.09229596,0.70105738,0.09229596,0.70105738,0,-31,ik_failed,54.4,,,
left,left_arm,left_tool0,world,-1.100000,0.100000,1.600000,6,yaw-15_pitch+15,-0.07945931,0.78656609,-0.10355339,0.60355339,0,-31,ik_failed,53.1,,,
left,left_arm,left_tool0,world,-1.100000,0.100000,1.600000,7,yaw0_pitch+15,0.00000000,0.79335334,0.00000000,0.60876143,0,-31,ik_failed,50.7,,,
left,left_arm,left_tool0,world,-1.100000,0.100000,1.600000,8,yaw+15_pitch+15,0.07945931,0.78656609,0.10355339,0.60355339,0,-31,ik_failed,51.6,,,
left,left_arm,left_tool0,world,-1.100000,0.100000,1.600000,-1,SUMMARY,,,,,,,,,0,9,0
left,left_arm,left_tool0,world,-1.100000,0.100000,1.700000,0,yaw-15_pitch-15,-0.10355339,0.60355339,-0.07945931,0.78656609,0,-31,ik_failed,53.6,,,
left,left_arm,left_tool0,world,-1.100000,0.100000,1.700000,1,yaw0_pitch-15,0.00000000,0.60876143,0.00000000,0.79335334,0,-31,ik_failed,51.9,,,
left,left_arm,left_tool0,world,-1.100000,0.100000,1.700000,2,yaw+15_pitch-15,0.10355339,0.60355339,0.07945931,0.78656609,0,-31,ik_failed,54.5,,,
left,left_arm,left_tool0,world,-1.100000,0.100000,1.700000,3,yaw-15_pitch0,-0.09229596,0.70105738,-0.09229596,0.70105738,0,-31,ik_failed,51.9,,,
left,left_arm,left_tool0,world,-1.100000,0.100000,1.700000,4,center,0.00000000,0.70710678,0.00000000,0.70710678,0,-31,ik_failed,50.6,,,
left,left_arm,left_tool0,world,-1.100000,0.100000,1.700000,5,yaw+15_pitch0,0.09229596,0.70105738,0.09229596,0.70105738,0,-31,ik_failed,51.4,,,
left,left_arm,left_tool0,world,-1.100000,0.100000,1.700000,6,yaw-15_pitch+15,-0.07945931,0.78656609,-0.10355339,0.60355339,0,-31,ik_failed,51.0,,,
left,left_arm,left_tool0,world,-1.100000,0.100000,1.700000,7,yaw0_pitch+15,0.00000000,0.79335334,0.00000000,0.60876143,0,-31,ik_failed,50.9,,,
left,left_arm,left_tool0,world,-1.100000,0.100000,1.700000,8,yaw+15_pitch+15,0.07945931,0.78656609,0.10355339,0.60355339,0,-31,ik_failed,50.7,,,
left,left_arm,left_tool0,world,-1.100000,0.100000,1.700000,-1,SUMMARY,,,,,,,,,0,9,0
left,left_arm,left_tool0,world,-1.100000,0.100000,1.800000,0,yaw-15_pitch-15,-0.10355339,0.60355339,-0.07945931,0.78656609,0,-31,ik_failed,50.8,,,
left,left_arm,left_tool0,world,-1.100000,0.100000,1.800000,1,yaw0_pitch-15,0.00000000,0.60876143,0.00000000,0.79335334,0,-31,ik_failed,53.4,,,
left,left_arm,left_tool0,world,-1.100000,0.100000,1.800000,2,yaw+15_pitch-15,0.10355339,0.60355339,0.07945931,0.78656609,0,-31,ik_failed,51.3,,,
left,left_arm,left_tool0,world,-1.100000,0.100000,1.800000,3,yaw-15_pitch0,-0.09229596,0.70105738,-0.09229596,0.70105738,0,-31,ik_failed,53.0,,,
left,left_arm,left_tool0,world,-1.100000,0.100000,1.800000,4,center,0.00000000,0.70710678,0.00000000,0.70710678,0,-31,ik_failed,50.7,,,
left,left_arm,left_tool0,world,-1.100000,0.100000,1.800000,5,yaw+15_pitch0,0.09229596,0.70105738,0.09229596,0.70105738,0,-31,ik_failed,50.7,,,
left,left_arm,left_tool0,world,-1.100000,0.100000,1.800000,6,yaw-15_pitch+15,-0.07945931,0.78656609,-0.10355339,0.60355339,0,-31,ik_failed,53.1,,,
left,left_arm,left_tool0,world,-1.100000,0.100000,1.800000,7,yaw0_pitch+15,0.00000000,0.79335334,0.00000000,0.60876143,0,-31,ik_failed,50.6,,,
left,left_arm,left_tool0,world,-1.100000,0.100000,1.800000,8,yaw+15_pitch+15,0.07945931,0.78656609,0.10355339,0.60355339,0,-31,ik_failed,50.9,,,
left,left_arm,left_tool0,world,-1.100000,0.100000,1.800000,-1,SUMMARY,,,,,,,,,0,9,0
left,left_arm,left_tool0,world,-1.100000,0.100000,1.900000,0,yaw-15_pitch-15,-0.10355339,0.60355339,-0.07945931,0.78656609,0,-31,ik_failed,51.3,,,
left,left_arm,left_tool0,world,-1.100000,0.100000,1.900000,1,yaw0_pitch-15,0.00000000,0.60876143,0.00000000,0.79335334,0,-31,ik_failed,50.5,,,
left,left_arm,left_tool0,world,-1.100000,0.100000,1.900000,2,yaw+15_pitch-15,0.10355339,0.60355339,0.07945931,0.78656609,0,-31,ik_failed,50.6,,,
left,left_arm,left_tool0,world,-1.100000,0.100000,1.900000,3,yaw-15_pitch0,-0.09229596,0.70105738,-0.09229596,0.70105738,0,-31,ik_failed,50.7,,,
left,left_arm,left_tool0,world,-1.100000,0.100000,1.900000,4,center,0.00000000,0.70710678,0.00000000,0.70710678,0,-31,ik_failed,50.7,,,
left,left_arm,left_tool0,world,-1.100000,0.100000,1.900000,5,yaw+15_pitch0,0.09229596,0.70105738,0.09229596,0.70105738,0,-31,ik_failed,50.5,,,
left,left_arm,left_tool0,world,-1.100000,0.100000,1.900000,6,yaw-15_pitch+15,-0.07945931,0.78656609,-0.10355339,0.60355339,0,-31,ik_failed,50.9,,,
left,left_arm,left_tool0,world,-1.100000,0.100000,1.900000,7,yaw0_pitch+15,0.00000000,0.79335334,0.00000000,0.60876143,0,-31,ik_failed,50.5,,,
left,left_arm,left_tool0,world,-1.100000,0.100000,1.900000,8,yaw+15_pitch+15,0.07945931,0.78656609,0.10355339,0.60355339,0,-31,ik_failed,52.1,,,
left,left_arm,left_tool0,world,-1.100000,0.100000,1.900000,-1,SUMMARY,,,,,,,,,0,9,0
left,left_arm,left_tool0,world,-1.100000,0.100000,2.000000,0,yaw-15_pitch-15,-0.10355339,0.60355339,-0.07945931,0.78656609,0,-31,ik_failed,51.0,,,
left,left_arm,left_tool0,world,-1.100000,0.100000,2.000000,1,yaw0_pitch-15,0.00000000,0.60876143,0.00000000,0.79335334,0,-31,ik_failed,52.1,,,
left,left_arm,left_tool0,world,-1.100000,0.100000,2.000000,2,yaw+15_pitch-15,0.10355339,0.60355339,0.07945931,0.78656609,0,-31,ik_failed,50.7,,,
left,left_arm,left_tool0,world,-1.100000,0.100000,2.000000,3,yaw-15_pitch0,-0.09229596,0.70105738,-0.09229596,0.70105738,0,-31,ik_failed,50.9,,,
left,left_arm,left_tool0,world,-1.100000,0.100000,2.000000,4,center,0.00000000,0.70710678,0.00000000,0.70710678,0,-31,ik_failed,50.7,,,
left,left_arm,left_tool0,world,-1.100000,0.100000,2.000000,5,yaw+15_pitch0,0.09229596,0.70105738,0.09229596,0.70105738,0,-31,ik_failed,50.6,,,
left,left_arm,left_tool0,world,-1.100000,0.100000,2.000000,6,yaw-15_pitch+15,-0.07945931,0.78656609,-0.10355339,0.60355339,0,-31,ik_failed,51.0,,,
left,left_arm,left_tool0,world,-1.100000,0.100000,2.000000,7,yaw0_pitch+15,0.00000000,0.79335334,0.00000000,0.60876143,0,-31,ik_failed,52.4,,,
left,left_arm,left_tool0,world,-1.100000,0.100000,2.000000,8,yaw+15_pitch+15,0.07945931,0.78656609,0.10355339,0.60355339,0,-31,ik_failed,53.0,,,
left,left_arm,left_tool0,world,-1.100000,0.100000,2.000000,-1,SUMMARY,,,,,,,,,0,9,0
left,left_arm,left_tool0,world,-1.100000,0.200000,0.000000,0,yaw-15_pitch-15,-0.10355339,0.60355339,-0.07945931,0.78656609,0,-31,ik_failed,51.9,,,
left,left_arm,left_tool0,world,-1.100000,0.200000,0.000000,1,yaw0_pitch-15,0.00000000,0.60876143,0.00000000,0.79335334,0,-31,ik_failed,52.2,,,
left,left_arm,left_tool0,world,-1.100000,0.200000,0.000000,2,yaw+15_pitch-15,0.10355339,0.60355339,0.07945931,0.78656609,0,-31,ik_failed,51.0,,,
left,left_arm,left_tool0,world,-1.100000,0.200000,0.000000,3,yaw-15_pitch0,-0.09229596,0.70105738,-0.09229596,0.70105738,0,-31,ik_failed,50.7,,,
left,left_arm,left_tool0,world,-1.100000,0.200000,0.000000,4,center,0.00000000,0.70710678,0.00000000,0.70710678,0,-31,ik_failed,50.7,,,
left,left_arm,left_tool0,world,-1.100000,0.200000,0.000000,5,yaw+15_pitch0,0.09229596,0.70105738,0.09229596,0.70105738,0,-31,ik_failed,50.9,,,
left,left_arm,left_tool0,world,-1.100000,0.200000,0.000000,6,yaw-15_pitch+15,-0.07945931,0.78656609,-0.10355339,0.60355339,0,-31,ik_failed,50.6,,,
left,left_arm,left_tool0,world,-1.100000,0.200000,0.000000,7,yaw0_pitch+15,0.00000000,0.79335334,0.00000000,0.60876143,0,-31,ik_failed,50.8,,,
left,left_arm,left_tool0,world,-1.100000,0.200000,0.000000,8,yaw+15_pitch+15,0.07945931,0.78656609,0.10355339,0.60355339,0,-31,ik_failed,51.2,,,
left,left_arm,left_tool0,world,-1.100000,0.200000,0.000000,-1,SUMMARY,,,,,,,,,0,9,0
left,left_arm,left_tool0,world,-1.100000,0.200000,0.100000,0,yaw-15_pitch-15,-0.10355339,0.60355339,-0.07945931,0.78656609,0,-31,ik_failed,50.6,,,
left,left_arm,left_tool0,world,-1.100000,0.200000,0.100000,1,yaw0_pitch-15,0.00000000,0.60876143,0.00000000,0.79335334,0,-31,ik_failed,50.5,,,
left,left_arm,left_tool0,world,-1.100000,0.200000,0.100000,2,yaw+15_pitch-15,0.10355339,0.60355339,0.07945931,0.78656609,0,-31,ik_failed,50.7,,,
left,left_arm,left_tool0,world,-1.100000,0.200000,0.100000,3,yaw-15_pitch0,-0.09229596,0.70105738,-0.09229596,0.70105738,0,-31,ik_failed,51.4,,,
left,left_arm,left_tool0,world,-1.100000,0.200000,0.100000,4,center,0.00000000,0.70710678,0.00000000,0.70710678,0,-31,ik_failed,52.1,,,
left,left_arm,left_tool0,world,-1.100000,0.200000,0.100000,5,yaw+15_pitch0,0.09229596,0.70105738,0.09229596,0.70105738,0,-31,ik_failed,50.9,,,
left,left_arm,left_tool0,world,-1.100000,0.200000,0.100000,6,yaw-15_pitch+15,-0.07945931,0.78656609,-0.10355339,0.60355339,0,-31,ik_failed,50.6,,,
left,left_arm,left_tool0,world,-1.100000,0.200000,0.100000,7,yaw0_pitch+15,0.00000000,0.79335334,0.00000000,0.60876143,0,-31,ik_failed,53.2,,,
left,left_arm,left_tool0,world,-1.100000,0.200000,0.100000,8,yaw+15_pitch+15,0.07945931,0.78656609,0.10355339,0.60355339,0,-31,ik_failed,50.5,,,
left,left_arm,left_tool0,world,-1.100000,0.200000,0.100000,-1,SUMMARY,,,,,,,,,0,9,0
left,left_arm,left_tool0,world,-1.100000,0.200000,0.200000,0,yaw-15_pitch-15,-0.10355339,0.60355339,-0.07945931,0.78656609,0,-31,ik_failed,50.6,,,
left,left_arm,left_tool0,world,-1.100000,0.200000,0.200000,1,yaw0_pitch-15,0.00000000,0.60876143,0.00000000,0.79335334,0,-31,ik_failed,50.8,,,
left,left_arm,left_tool0,world,-1.100000,0.200000,0.200000,2,yaw+15_pitch-15,0.10355339,0.60355339,0.07945931,0.78656609,0,-31,ik_failed,50.9,,,
left,left_arm,left_tool0,world,-1.100000,0.200000,0.200000,3,yaw-15_pitch0,-0.09229596,0.70105738,-0.09229596,0.70105738,0,-31,ik_failed,51.4,,,
left,left_arm,left_tool0,world,-1.100000,0.200000,0.200000,4,center,0.00000000,0.70710678,0.00000000,0.70710678,0,-31,ik_failed,50.9,,,
left,left_arm,left_tool0,world,-1.100000,0.200000,0.200000,5,yaw+15_pitch0,0.09229596,0.70105738,0.09229596,0.70105738,0,-31,ik_failed,50.6,,,
left,left_arm,left_tool0,world,-1.100000,0.200000,0.200000,6,yaw-15_pitch+15,-0.07945931,0.78656609,-0.10355339,0.60355339,0,-31,ik_failed,50.7,,,
left,left_arm,left_tool0,world,-1.100000,0.200000,0.200000,7,yaw0_pitch+15,0.00000000,0.79335334,0.00000000,0.60876143,0,-31,ik_failed,50.5,,,
left,left_arm,left_tool0,world,-1.100000,0.200000,0.200000,8,yaw+15_pitch+15,0.07945931,0.78656609,0.10355339,0.60355339,0,-31,ik_failed,50.6,,,
left,left_arm,left_tool0,world,-1.100000,0.200000,0.200000,-1,SUMMARY,,,,,,,,,0,9,0
left,left_arm,left_tool0,world,-1.100000,0.200000,0.300000,0,yaw-15_pitch-15,-0.10355339,0.60355339,-0.07945931,0.78656609,0,-31,ik_failed,50.5,,,
left,left_arm,left_tool0,world,-1.100000,0.200000,0.300000,1,yaw0_pitch-15,0.00000000,0.60876143,0.00000000,0.79335334,0,-31,ik_failed,50.8,,,
left,left_arm,left_tool0,world,-1.100000,0.200000,0.300000,2,yaw+15_pitch-15,0.10355339,0.60355339,0.07945931,0.78656609,0,-31,ik_failed,50.8,,,
left,left_arm,left_tool0,world,-1.100000,0.200000,0.300000,3,yaw-15_pitch0,-0.09229596,0.70105738,-0.09229596,0.70105738,0,-31,ik_failed,50.9,,,
left,left_arm,left_tool0,world,-1.100000,0.200000,0.300000,4,center,0.00000000,0.70710678,0.00000000,0.70710678,0,-31,ik_failed,50.7,,,
left,left_arm,left_tool0,world,-1.100000,0.200000,0.300000,5,yaw+15_pitch0,0.09229596,0.70105738,0.09229596,0.70105738,0,-31,ik_failed,50.8,,,
left,left_arm,left_tool0,world,-1.100000,0.200000,0.300000,6,yaw-15_pitch+15,-0.07945931,0.78656609,-0.10355339,0.60355339,0,-31,ik_failed,50.7,,,
left,left_arm,left_tool0,world,-1.100000,0.200000,0.300000,7,yaw0_pitch+15,0.00000000,0.79335334,0.00000000,0.60876143,0,-31,ik_failed,50.7,,,
left,left_arm,left_tool0,world,-1.100000,0.200000,0.300000,8,yaw+15_pitch+15,0.07945931,0.78656609,0.10355339,0.60355339,0,-31,ik_failed,50.7,,,
left,left_arm,left_tool0,world,-1.100000,0.200000,0.300000,-1,SUMMARY,,,,,,,,,0,9,0
left,left_arm,left_tool0,world,-1.100000,0.200000,0.400000,0,yaw-15_pitch-15,-0.10355339,0.60355339,-0.07945931,0.78656609,0,-31,ik_failed,51.0,,,
left,left_arm,left_tool0,world,-1.100000,0.200000,0.400000,1,yaw0_pitch-15,0.00000000,0.60876143,0.00000000,0.79335334,0,-31,ik_failed,50.9,,,
left,left_arm,left_tool0,world,-1.100000,0.200000,0.400000,2,yaw+15_pitch-15,0.10355339,0.60355339,0.07945931,0.78656609,0,-31,ik_failed,50.8,,,
left,left_arm,left_tool0,world,-1.100000,0.200000,0.400000,3,yaw-15_pitch0,-0.09229596,0.70105738,-0.09229596,0.70105738,0,-31,ik_failed,50.9,,,
left,left_arm,left_tool0,world,-1.100000,0.200000,0.400000,4,center,0.00000000,0.70710678,0.00000000,0.70710678,0,-31,ik_failed,51.0,,,
left,left_arm,left_tool0,world,-1.100000,0.200000,0.400000,5,yaw+15_pitch0,0.09229596,0.70105738,0.09229596,0.70105738,0,-31,ik_failed,50.6,,,
left,left_arm,left_tool0,world,-1.100000,0.200000,0.400000,6,yaw-15_pitch+15,-0.07945931,0.78656609,-0.10355339,0.60355339,0,-31,ik_failed,50.8,,,
left,left_arm,left_tool0,world,-1.100000,0.200000,0.400000,7,yaw0_pitch+15,0.00000000,0.79335334,0.00000000,0.60876143,0,-31,ik_failed,50.9,,,
left,left_arm,left_tool0,world,-1.100000,0.200000,0.400000,8,yaw+15_pitch+15,0.07945931,0.78656609,0.10355339,0.60355339,0,-31,ik_failed,50.7,,,
left,left_arm,left_tool0,world,-1.100000,0.200000,0.400000,-1,SUMMARY,,,,,,,,,0,9,0
left,left_arm,left_tool0,world,-1.100000,0.200000,0.500000,0,yaw-15_pitch-15,-0.10355339,0.60355339,-0.07945931,0.78656609,0,-31,ik_failed,50.8,,,
left,left_arm,left_tool0,world,-1.100000,0.200000,0.500000,1,yaw0_pitch-15,0.00000000,0.60876143,0.00000000,0.79335334,0,-31,ik_failed,50.6,,,
left,left_arm,left_tool0,world,-1.100000,0.200000,0.500000,2,yaw+15_pitch-15,0.10355339,0.60355339,0.07945931,0.78656609,0,-31,ik_failed,50.5,,,
left,left_arm,left_tool0,world,-1.100000,0.200000,0.500000,3,yaw-15_pitch0,-0.09229596,0.70105738,-0.09229596,0.70105738,0,-31,ik_failed,50.5,,,
left,left_arm,left_tool0,world,-1.100000,0.200000,0.500000,4,center,0.00000000,0.70710678,0.00000000,0.70710678,0,-31,ik_failed,50.5,,,
left,left_arm,left_tool0,world,-1.100000,0.200000,0.500000,5,yaw+15_pitch0,0.09229596,0.70105738,0.09229596,0.70105738,0,-31,ik_failed,50.6,,,
left,left_arm,left_tool0,world,-1.100000,0.200000,0.500000,6,yaw-15_pitch+15,-0.07945931,0.78656609,-0.10355339,0.60355339,0,-31,ik_failed,50.6,,,
left,left_arm,left_tool0,world,-1.100000,0.200000,0.500000,7,yaw0_pitch+15,0.00000000,0.79335334,0.00000000,0.60876143,0,-31,ik_failed,50.8,,,
left,left_arm,left_tool0,world,-1.100000,0.200000,0.500000,8,yaw+15_pitch+15,0.07945931,0.78656609,0.10355339,0.60355339,0,-31,ik_failed,50.5,,,
left,left_arm,left_tool0,world,-1.100000,0.200000,0.500000,-1,SUMMARY,,,,,,,,,0,9,0
left,left_arm,left_tool0,world,-1.100000,0.200000,0.600000,0,yaw-15_pitch-15,-0.10355339,0.60355339,-0.07945931,0.78656609,0,-31,ik_failed,50.5,,,
left,left_arm,left_tool0,world,-1.100000,0.200000,0.600000,1,yaw0_pitch-15,0.00000000,0.60876143,0.00000000,0.79335334,0,-31,ik_failed,50.7,,,
left,left_arm,left_tool0,world,-1.100000,0.200000,0.600000,2,yaw+15_pitch-15,0.10355339,0.60355339,0.07945931,0.78656609,0,-31,ik_failed,50.6,,,
left,left_arm,left_tool0,world,-1.100000,0.200000,0.600000,3,yaw-15_pitch0,-0.09229596,0.70105738,-0.09229596,0.70105738,0,-31,ik_failed,50.5,,,
left,left_arm,left_tool0,world,-1.100000,0.200000,0.600000,4,center,0.00000000,0.70710678,0.00000000,0.70710678,0,-31,ik_failed,50.5,,,
left,left_arm,left_tool0,world,-1.100000,0.200000,0.600000,5,yaw+15_pitch0,0.09229596,0.70105738,0.09229596,0.70105738,0,-31,ik_failed,50.7,,,
left,left_arm,left_tool0,world,-1.100000,0.200000,0.600000,6,yaw-15_pitch+15,-0.07945931,0.78656609,-0.10355339,0.60355339,0,-31,ik_failed,50.5,,,
left,left_arm,left_tool0,world,-1.100000,0.200000,0.600000,7,yaw0_pitch+15,0.00000000,0.79335334,0.00000000,0.60876143,0,-31,ik_failed,50.6,,,
left,left_arm,left_tool0,world,-1.100000,0.200000,0.600000,8,yaw+15_pitch+15,0.07945931,0.78656609,0.10355339,0.60355339,0,-31,ik_failed,50.7,,,
left,left_arm,left_tool0,world,-1.100000,0.200000,0.600000,-1,SUMMARY,,,,,,,,,0,9,0
left,left_arm,left_tool0,world,-1.100000,0.200000,0.700000,0,yaw-15_pitch-15,-0.10355339,0.60355339,-0.07945931,0.78656609,0,-31,ik_failed,50.7,,,
left,left_arm,left_tool0,world,-1.100000,0.200000,0.700000,1,yaw0_pitch-15,0.00000000,0.60876143,0.00000000,0.79335334,0,-31,ik_failed,50.7,,,
left,left_arm,left_tool0,world,-1.100000,0.200000,0.700000,2,yaw+15_pitch-15,0.10355339,0.60355339,0.07945931,0.78656609,0,-31,ik_failed,50.5,,,
left,left_arm,left_tool0,world,-1.100000,0.200000,0.700000,3,yaw-15_pitch0,-0.09229596,0.70105738,-0.09229596,0.70105738,0,-31,ik_failed,51.6,,,
left,left_arm,left_tool0,world,-1.100000,0.200000,0.700000,4,center,0.00000000,0.70710678,0.00000000,0.70710678,0,-31,ik_failed,50.8,,,
left,left_arm,left_tool0,world,-1.100000,0.200000,0.700000,5,yaw+15_pitch0,0.09229596,0.70105738,0.09229596,0.70105738,0,-31,ik_failed,50.8,,,
left,left_arm,left_tool0,world,-1.100000,0.200000,0.700000,6,yaw-15_pitch+15,-0.07945931,0.78656609,-0.10355339,0.60355339,0,-31,ik_failed,50.6,,,
left,left_arm,left_tool0,world,-1.100000,0.200000,0.700000,7,yaw0_pitch+15,0.00000000,0.79335334,0.00000000,0.60876143,0,-31,ik_failed,50.8,,,
left,left_arm,left_tool0,world,-1.100000,0.200000,0.700000,8,yaw+15_pitch+15,0.07945931,0.78656609,0.10355339,0.60355339,0,-31,ik_failed,50.9,,,
left,left_arm,left_tool0,world,-1.100000,0.200000,0.700000,-1,SUMMARY,,,,,,,,,0,9,0
left,left_arm,left_tool0,world,-1.100000,0.200000,0.800000,0,yaw-15_pitch-15,-0.10355339,0.60355339,-0.07945931,0.78656609,0,-31,ik_failed,50.9,,,
left,left_arm,left_tool0,world,-1.100000,0.200000,0.800000,1,yaw0_pitch-15,0.00000000,0.60876143,0.00000000,0.79335334,0,-31,ik_failed,50.7,,,
left,left_arm,left_tool0,world,-1.100000,0.200000,0.800000,2,yaw+15_pitch-15,0.10355339,0.60355339,0.07945931,0.78656609,0,-31,ik_failed,50.6,,,
left,left_arm,left_tool0,world,-1.100000,0.200000,0.800000,3,yaw-15_pitch0,-0.09229596,0.70105738,-0.09229596,0.70105738,0,-31,ik_failed,50.6,,,
left,left_arm,left_tool0,world,-1.100000,0.200000,0.800000,4,center,0.00000000,0.70710678,0.00000000,0.70710678,0,-31,ik_failed,50.6,,,
left,left_arm,left_tool0,world,-1.100000,0.200000,0.800000,5,yaw+15_pitch0,0.09229596,0.70105738,0.09229596,0.70105738,0,-31,ik_failed,50.7,,,
left,left_arm,left_tool0,world,-1.100000,0.200000,0.800000,6,yaw-15_pitch+15,-0.07945931,0.78656609,-0.10355339,0.60355339,0,-31,ik_failed,50.5,,,
left,left_arm,left_tool0,world,-1.100000,0.200000,0.800000,7,yaw0_pitch+15,0.00000000,0.79335334,0.00000000,0.60876143,0,-31,ik_failed,50.6,,,
left,left_arm,left_tool0,world,-1.100000,0.200000,0.800000,8,yaw+15_pitch+15,0.07945931,0.78656609,0.10355339,0.60355339,0,-31,ik_failed,51.0,,,
left,left_arm,left_tool0,world,-1.100000,0.200000,0.800000,-1,SUMMARY,,,,,,,,,0,9,0
left,left_arm,left_tool0,world,-1.100000,0.200000,0.900000,0,yaw-15_pitch-15,-0.10355339,0.60355339,-0.07945931,0.78656609,0,-31,ik_failed,50.5,,,
left,left_arm,left_tool0,world,-1.100000,0.200000,0.900000,1,yaw0_pitch-15,0.00000000,0.60876143,0.00000000,0.79335334,0,-31,ik_failed,50.6,,,
left,left_arm,left_tool0,world,-1.100000,0.200000,0.900000,2,yaw+15_pitch-15,0.10355339,0.60355339,0.07945931,0.78656609,0,-31,ik_failed,51.2,,,
left,left_arm,left_tool0,world,-1.100000,0.200000,0.900000,3,yaw-15_pitch0,-0.09229596,0.70105738,-0.09229596,0.70105738,0,-31,ik_failed,50.7,,,
left,left_arm,left_tool0,world,-1.100000,0.200000,0.900000,4,center,0.00000000,0.70710678,0.00000000,0.70710678,0,-31,ik_failed,50.5,,,
left,left_arm,left_tool0,world,-1.100000,0.200000,0.900000,5,yaw+15_pitch0,0.09229596,0.70105738,0.09229596,0.70105738,0,-31,ik_failed,50.6,,,
left,left_arm,left_tool0,world,-1.100000,0.200000,0.900000,6,yaw-15_pitch+15,-0.07945931,0.78656609,-0.10355339,0.60355339,0,-31,ik_failed,50.5,,,
left,left_arm,left_tool0,world,-1.100000,0.200000,0.900000,7,yaw0_pitch+15,0.00000000,0.79335334,0.00000000,0.60876143,0,-31,ik_failed,50.5,,,
left,left_arm,left_tool0,world,-1.100000,0.200000,0.900000,8,yaw+15_pitch+15,0.07945931,0.78656609,0.10355339,0.60355339,0,-31,ik_failed,50.9,,,
left,left_arm,left_tool0,world,-1.100000,0.200000,0.900000,-1,SUMMARY,,,,,,,,,0,9,0
left,left_arm,left_tool0,world,-1.100000,0.200000,1.000000,0,yaw-15_pitch-15,-0.10355339,0.60355339,-0.07945931,0.78656609,0,-31,ik_failed,50.5,,,
left,left_arm,left_tool0,world,-1.100000,0.200000,1.000000,1,yaw0_pitch-15,0.00000000,0.60876143,0.00000000,0.79335334,0,-31,ik_failed,50.5,,,
left,left_arm,left_tool0,world,-1.100000,0.200000,1.000000,2,yaw+15_pitch-15,0.10355339,0.60355339,0.07945931,0.78656609,0,-31,ik_failed,50.5,,,
left,left_arm,left_tool0,world,-1.100000,0.200000,1.000000,3,yaw-15_pitch0,-0.09229596,0.70105738,-0.09229596,0.70105738,0,-31,ik_failed,50.5,,,
left,left_arm,left_tool0,world,-1.100000,0.200000,1.000000,4,center,0.00000000,0.70710678,0.00000000,0.70710678,0,-31,ik_failed,50.5,,,
left,left_arm,left_tool0,world,-1.100000,0.200000,1.000000,5,yaw+15_pitch0,0.09229596,0.70105738,0.09229596,0.70105738,0,-31,ik_failed,50.5,,,
left,left_arm,left_tool0,world,-1.100000,0.200000,1.000000,6,yaw-15_pitch+15,-0.07945931,0.78656609,-0.10355339,0.60355339,0,-31,ik_failed,50.6,,,
left,left_arm,left_tool0,world,-1.100000,0.200000,1.000000,7,yaw0_pitch+15,0.00000000,0.79335334,0.00000000,0.60876143,0,-31,ik_failed,50.5,,,
left,left_arm,left_tool0,world,-1.100000,0.200000,1.000000,8,yaw+15_pitch+15,0.07945931,0.78656609,0.10355339,0.60355339,0,-31,ik_failed,50.4,,,
left,left_arm,left_tool0,world,-1.100000,0.200000,1.000000,-1,SUMMARY,,,,,,,,,0,9,0
left,left_arm,left_tool0,world,-1.100000,0.200000,1.100000,0,yaw-15_pitch-15,-0.10355339,0.60355339,-0.07945931,0.78656609,0,-31,ik_failed,51.7,,,
left,left_arm,left_tool0,world,-1.100000,0.200000,1.100000,1,yaw0_pitch-15,0.00000000,0.60876143,0.00000000,0.79335334,0,-31,ik_failed,50.9,,,
left,left_arm,left_tool0,world,-1.100000,0.200000,1.100000,2,yaw+15_pitch-15,0.10355339,0.60355339,0.07945931,0.78656609,0,-31,ik_failed,50.7,,,
left,left_arm,left_tool0,world,-1.100000,0.200000,1.100000,3,yaw-15_pitch0,-0.09229596,0.70105738,-0.09229596,0.70105738,0,-31,ik_failed,50.6,,,
left,left_arm,left_tool0,world,-1.100000,0.200000,1.100000,4,center,0.00000000,0.70710678,0.00000000,0.70710678,0,-31,ik_failed,50.8,,,
left,left_arm,left_tool0,world,-1.100000,0.200000,1.100000,5,yaw+15_pitch0,0.09229596,0.70105738,0.09229596,0.70105738,0,-31,ik_failed,50.5,,,
left,left_arm,left_tool0,world,-1.100000,0.200000,1.100000,6,yaw-15_pitch+15,-0.07945931,0.78656609,-0.10355339,0.60355339,0,-31,ik_failed,50.8,,,
left,left_arm,left_tool0,world,-1.100000,0.200000,1.100000,7,yaw0_pitch+15,0.00000000,0.79335334,0.00000000,0.60876143,0,-31,ik_failed,51.0,,,
left,left_arm,left_tool0,world,-1.100000,0.200000,1.100000,8,yaw+15_pitch+15,0.07945931,0.78656609,0.10355339,0.60355339,0,-31,ik_failed,50.9,,,
left,left_arm,left_tool0,world,-1.100000,0.200000,1.100000,-1,SUMMARY,,,,,,,,,0,9,0
left,left_arm,left_tool0,world,-1.100000,0.200000,1.200000,0,yaw-15_pitch-15,-0.10355339,0.60355339,-0.07945931,0.78656609,0,-31,ik_failed,50.8,,,
left,left_arm,left_tool0,world,-1.100000,0.200000,1.200000,1,yaw0_pitch-15,0.00000000,0.60876143,0.00000000,0.79335334,0,-31,ik_failed,50.6,,,
left,left_arm,left_tool0,world,-1.100000,0.200000,1.200000,2,yaw+15_pitch-15,0.10355339,0.60355339,0.07945931,0.78656609,0,-31,ik_failed,50.5,,,
left,left_arm,left_tool0,world,-1.100000,0.200000,1.200000,3,yaw-15_pitch0,-0.09229596,0.70105738,-0.09229596,0.70105738,0,-31,ik_failed,50.5,,,
left,left_arm,left_tool0,world,-1.100000,0.200000,1.200000,4,center,0.00000000,0.70710678,0.00000000,0.70710678,0,-31,ik_failed,50.5,,,
left,left_arm,left_tool0,world,-1.100000,0.200000,1.200000,5,yaw+15_pitch0,0.09229596,0.70105738,0.09229596,0.70105738,0,-31,ik_failed,50.8,,,
left,left_arm,left_tool0,world,-1.100000,0.200000,1.200000,6,yaw-15_pitch+15,-0.07945931,0.78656609,-0.10355339,0.60355339,0,-31,ik_failed,50.7,,,
left,left_arm,left_tool0,world,-1.100000,0.200000,1.200000,7,yaw0_pitch+15,0.00000000,0.79335334,0.00000000,0.60876143,0,-31,ik_failed,51.0,,,
left,left_arm,left_tool0,world,-1.100000,0.200000,1.200000,8,yaw+15_pitch+15,0.07945931,0.78656609,0.10355339,0.60355339,0,-31,ik_failed,50.6,,,
left,left_arm,left_tool0,world,-1.100000,0.200000,1.200000,-1,SUMMARY,,,,,,,,,0,9,0
left,left_arm,left_tool0,world,-1.100000,0.200000,1.300000,0,yaw-15_pitch-15,-0.10355339,0.60355339,-0.07945931,0.78656609,0,-31,ik_failed,50.6,,,
left,left_arm,left_tool0,world,-1.100000,0.200000,1.300000,1,yaw0_pitch-15,0.00000000,0.60876143,0.00000000,0.79335334,0,-31,ik_failed,51.7,,,
left,left_arm,left_tool0,world,-1.100000,0.200000,1.300000,2,yaw+15_pitch-15,0.10355339,0.60355339,0.07945931,0.78656609,0,-31,ik_failed,50.5,,,
left,left_arm,left_tool0,world,-1.100000,0.200000,1.300000,3,yaw-15_pitch0,-0.09229596,0.70105738,-0.09229596,0.70105738,0,-31,ik_failed,50.6,,,
left,left_arm,left_tool0,world,-1.100000,0.200000,1.300000,4,center,0.00000000,0.70710678,0.00000000,0.70710678,0,-31,ik_failed,51.5,,,
left,left_arm,left_tool0,world,-1.100000,0.200000,1.300000,5,yaw+15_pitch0,0.09229596,0.70105738,0.09229596,0.70105738,0,-31,ik_failed,50.5,,,
left,left_arm,left_tool0,world,-1.100000,0.200000,1.300000,6,yaw-15_pitch+15,-0.07945931,0.78656609,-0.10355339,0.60355339,0,-31,ik_failed,50.5,,,
left,left_arm,left_tool0,world,-1.100000,0.200000,1.300000,7,yaw0_pitch+15,0.00000000,0.79335334,0.00000000,0.60876143,0,-31,ik_failed,50.6,,,
left,left_arm,left_tool0,world,-1.100000,0.200000,1.300000,8,yaw+15_pitch+15,0.07945931,0.78656609,0.10355339,0.60355339,0,-31,ik_failed,50.4,,,
left,left_arm,left_tool0,world,-1.100000,0.200000,1.300000,-1,SUMMARY,,,,,,,,,0,9,0
left,left_arm,left_tool0,world,-1.100000,0.200000,1.400000,0,yaw-15_pitch-15,-0.10355339,0.60355339,-0.07945931,0.78656609,0,-31,ik_failed,50.5,,,
left,left_arm,left_tool0,world,-1.100000,0.200000,1.400000,1,yaw0_pitch-15,0.00000000,0.60876143,0.00000000,0.79335334,0,-31,ik_failed,50.7,,,
left,left_arm,left_tool0,world,-1.100000,0.200000,1.400000,2,yaw+15_pitch-15,0.10355339,0.60355339,0.07945931,0.78656609,0,-31,ik_failed,50.6,,,
left,left_arm,left_tool0,world,-1.100000,0.200000,1.400000,3,yaw-15_pitch0,-0.09229596,0.70105738,-0.09229596,0.70105738,0,-31,ik_failed,50.5,,,
left,left_arm,left_tool0,world,-1.100000,0.200000,1.400000,4,center,0.00000000,0.70710678,0.00000000,0.70710678,0,-31,ik_failed,50.8,,,
left,left_arm,left_tool0,world,-1.100000,0.200000,1.400000,5,yaw+15_pitch0,0.09229596,0.70105738,0.09229596,0.70105738,0,-31,ik_failed,50.5,,,
left,left_arm,left_tool0,world,-1.100000,0.200000,1.400000,6,yaw-15_pitch+15,-0.07945931,0.78656609,-0.10355339,0.60355339,0,-31,ik_failed,50.7,,,
left,left_arm,left_tool0,world,-1.100000,0.200000,1.400000,7,yaw0_pitch+15,0.00000000,0.79335334,0.00000000,0.60876143,0,-31,ik_failed,50.5,,,
left,left_arm,left_tool0,world,-1.100000,0.200000,1.400000,8,yaw+15_pitch+15,0.07945931,0.78656609,0.10355339,0.60355339,0,-31,ik_failed,50.5,,,
left,left_arm,left_tool0,world,-1.100000,0.200000,1.400000,-1,SUMMARY,,,,,,,,,0,9,0
left,left_arm,left_tool0,world,-1.100000,0.200000,1.500000,0,yaw-15_pitch-15,-0.10355339,0.60355339,-0.07945931,0.78656609,0,-31,ik_failed,50.5,,,
left,left_arm,left_tool0,world,-1.100000,0.200000,1.500000,1,yaw0_pitch-15,0.00000000,0.60876143,0.00000000,0.79335334,0,-31,ik_failed,50.6,,,
left,left_arm,left_tool0,world,-1.100000,0.200000,1.500000,2,yaw+15_pitch-15,0.10355339,0.60355339,0.07945931,0.78656609,0,-31,ik_failed,50.8,,,
left,left_arm,left_tool0,world,-1.100000,0.200000,1.500000,3,yaw-15_pitch0,-0.09229596,0.70105738,-0.09229596,0.70105738,0,-31,ik_failed,50.7,,,
left,left_arm,left_tool0,world,-1.100000,0.200000,1.500000,4,center,0.00000000,0.70710678,0.00000000,0.70710678,0,-31,ik_failed,50.6,,,
left,left_arm,left_tool0,world,-1.100000,0.200000,1.500000,5,yaw+15_pitch0,0.09229596,0.70105738,0.09229596,0.70105738,0,-31,ik_failed,50.9,,,
left,left_arm,left_tool0,world,-1.100000,0.200000,1.500000,6,yaw-15_pitch+15,-0.07945931,0.78656609,-0.10355339,0.60355339,0,-31,ik_failed,50.7,,,
left,left_arm,left_tool0,world,-1.100000,0.200000,1.500000,7,yaw0_pitch+15,0.00000000,0.79335334,0.00000000,0.60876143,0,-31,ik_failed,50.9,,,
left,left_arm,left_tool0,world,-1.100000,0.200000,1.500000,8,yaw+15_pitch+15,0.07945931,0.78656609,0.10355339,0.60355339,0,-31,ik_failed,50.6,,,
left,left_arm,left_tool0,world,-1.100000,0.200000,1.500000,-1,SUMMARY,,,,,,,,,0,9,0
left,left_arm,left_tool0,world,-1.100000,0.200000,1.600000,0,yaw-15_pitch-15,-0.10355339,0.60355339,-0.07945931,0.78656609,0,-31,ik_failed,50.4,,,
left,left_arm,left_tool0,world,-1.100000,0.200000,1.600000,1,yaw0_pitch-15,0.00000000,0.60876143,0.00000000,0.79335334,0,-31,ik_failed,50.6,,,
left,left_arm,left_tool0,world,-1.100000,0.200000,1.600000,2,yaw+15_pitch-15,0.10355339,0.60355339,0.07945931,0.78656609,0,-31,ik_failed,50.6,,,
left,left_arm,left_tool0,world,-1.100000,0.200000,1.600000,3,yaw-15_pitch0,-0.09229596,0.70105738,-0.09229596,0.70105738,0,-31,ik_failed,50.7,,,
left,left_arm,left_tool0,world,-1.100000,0.200000,1.600000,4,center,0.00000000,0.70710678,0.00000000,0.70710678,0,-31,ik_failed,50.8,,,
left,left_arm,left_tool0,world,-1.100000,0.200000,1.600000,5,yaw+15_pitch0,0.09229596,0.70105738,0.09229596,0.70105738,0,-31,ik_failed,50.5,,,
left,left_arm,left_tool0,world,-1.100000,0.200000,1.600000,6,yaw-15_pitch+15,-0.07945931,0.78656609,-0.10355339,0.60355339,0,-31,ik_failed,50.8,,,
left,left_arm,left_tool0,world,-1.100000,0.200000,1.600000,7,yaw0_pitch+15,0.00000000,0.79335334,0.00000000,0.60876143,0,-31,ik_failed,50.5,,,
left,left_arm,left_tool0,world,-1.100000,0.200000,1.600000,8,yaw+15_pitch+15,0.07945931,0.78656609,0.10355339,0.60355339,0,-31,ik_failed,50.6,,,
left,left_arm,left_tool0,world,-1.100000,0.200000,1.600000,-1,SUMMARY,,,,,,,,,0,9,0
left,left_arm,left_tool0,world,-1.100000,0.200000,1.700000,0,yaw-15_pitch-15,-0.10355339,0.60355339,-0.07945931,0.78656609,0,-31,ik_failed,50.7,,,
left,left_arm,left_tool0,world,-1.100000,0.200000,1.700000,1,yaw0_pitch-15,0.00000000,0.60876143,0.00000000,0.79335334,0,-31,ik_failed,50.6,,,
left,left_arm,left_tool0,world,-1.100000,0.200000,1.700000,2,yaw+15_pitch-15,0.10355339,0.60355339,0.07945931,0.78656609,0,-31,ik_failed,50.6,,,
left,left_arm,left_tool0,world,-1.100000,0.200000,1.700000,3,yaw-15_pitch0,-0.09229596,0.70105738,-0.09229596,0.70105738,0,-31,ik_failed,51.0,,,
left,left_arm,left_tool0,world,-1.100000,0.200000,1.700000,4,center,0.00000000,0.70710678,0.00000000,0.70710678,0,-31,ik_failed,50.7,,,
left,left_arm,left_tool0,world,-1.100000,0.200000,1.700000,5,yaw+15_pitch0,0.09229596,0.70105738,0.09229596,0.70105738,0,-31,ik_failed,50.7,,,
left,left_arm,left_tool0,world,-1.100000,0.200000,1.700000,6,yaw-15_pitch+15,-0.07945931,0.78656609,-0.10355339,0.60355339,0,-31,ik_failed,50.6,,,
left,left_arm,left_tool0,world,-1.100000,0.200000,1.700000,7,yaw0_pitch+15,0.00000000,0.79335334,0.00000000,0.60876143,0,-31,ik_failed,51.5,,,
left,left_arm,left_tool0,world,-1.100000,0.200000,1.700000,8,yaw+15_pitch+15,0.07945931,0.78656609,0.10355339,0.60355339,0,-31,ik_failed,50.9,,,
left,left_arm,left_tool0,world,-1.100000,0.200000,1.700000,-1,SUMMARY,,,,,,,,,0,9,0
left,left_arm,left_tool0,world,-1.100000,0.200000,1.800000,0,yaw-15_pitch-15,-0.10355339,0.60355339,-0.07945931,0.78656609,0,-31,ik_failed,50.8,,,
left,left_arm,left_tool0,world,-1.100000,0.200000,1.800000,1,yaw0_pitch-15,0.00000000,0.60876143,0.00000000,0.79335334,0,-31,ik_failed,50.7,,,
left,left_arm,left_tool0,world,-1.100000,0.200000,1.800000,2,yaw+15_pitch-15,0.10355339,0.60355339,0.07945931,0.78656609,0,-31,ik_failed,51.5,,,
left,left_arm,left_tool0,world,-1.100000,0.200000,1.800000,3,yaw-15_pitch0,-0.09229596,0.70105738,-0.09229596,0.70105738,0,-31,ik_failed,50.8,,,
left,left_arm,left_tool0,world,-1.100000,0.200000,1.800000,4,center,0.00000000,0.70710678,0.00000000,0.70710678,0,-31,ik_failed,50.6,,,
left,left_arm,left_tool0,world,-1.100000,0.200000,1.800000,5,yaw+15_pitch0,0.09229596,0.70105738,0.09229596,0.70105738,0,-31,ik_failed,50.6,,,
left,left_arm,left_tool0,world,-1.100000,0.200000,1.800000,6,yaw-15_pitch+15,-0.07945931,0.78656609,-0.10355339,0.60355339,0,-31,ik_failed,50.6,,,
left,left_arm,left_tool0,world,-1.100000,0.200000,1.800000,7,yaw0_pitch+15,0.00000000,0.79335334,0.00000000,0.60876143,0,-31,ik_failed,50.5,,,
left,left_arm,left_tool0,world,-1.100000,0.200000,1.800000,8,yaw+15_pitch+15,0.07945931,0.78656609,0.10355339,0.60355339,0,-31,ik_failed,50.7,,,
left,left_arm,left_tool0,world,-1.100000,0.200000,1.800000,-1,SUMMARY,,,,,,,,,0,9,0
left,left_arm,left_tool0,world,-1.100000,0.200000,1.900000,0,yaw-15_pitch-15,-0.10355339,0.60355339,-0.07945931,0.78656609,0,-31,ik_failed,50.7,,,
left,left_arm,left_tool0,world,-1.100000,0.200000,1.900000,1,yaw0_pitch-15,0.00000000,0.60876143,0.00000000,0.79335334,0,-31,ik_failed,50.6,,,
left,left_arm,left_tool0,world,-1.100000,0.200000,1.900000,2,yaw+15_pitch-15,0.10355339,0.60355339,0.07945931,0.78656609,0,-31,ik_failed,50.6,,,
left,left_arm,left_tool0,world,-1.100000,0.200000,1.900000,3,yaw-15_pitch0,-0.09229596,0.70105738,-0.09229596,0.70105738,0,-31,ik_failed,50.7,,,
left,left_arm,left_tool0,world,-1.100000,0.200000,1.900000,4,center,0.00000000,0.70710678,0.00000000,0.70710678,0,-31,ik_failed,50.8,,,
left,left_arm,left_tool0,world,-1.100000,0.200000,1.900000,5,yaw+15_pitch0,0.09229596,0.70105738,0.09229596,0.70105738,0,-31,ik_failed,50.7,,,
left,left_arm,left_tool0,world,-1.100000,0.200000,1.900000,6,yaw-15_pitch+15,-0.07945931,0.78656609,-0.10355339,0.60355339,0,-31,ik_failed,50.6,,,
left,left_arm,left_tool0,world,-1.100000,0.200000,1.900000,7,yaw0_pitch+15,0.00000000,0.79335334,0.00000000,0.60876143,0,-31,ik_failed,50.5,,,
left,left_arm,left_tool0,world,-1.100000,0.200000,1.900000,8,yaw+15_pitch+15,0.07945931,0.78656609,0.10355339,0.60355339,0,-31,ik_failed,50.7,,,
left,left_arm,left_tool0,world,-1.100000,0.200000,1.900000,-1,SUMMARY,,,,,,,,,0,9,0
left,left_arm,left_tool0,world,-1.100000,0.200000,2.000000,0,yaw-15_pitch-15,-0.10355339,0.60355339,-0.07945931,0.78656609,0,-31,ik_failed,50.6,,,
left,left_arm,left_tool0,world,-1.100000,0.200000,2.000000,1,yaw0_pitch-15,0.00000000,0.60876143,0.00000000,0.79335334,0,-31,ik_failed,50.7,,,
left,left_arm,left_tool0,world,-1.100000,0.200000,2.000000,2,yaw+15_pitch-15,0.10355339,0.60355339,0.07945931,0.78656609,0,-31,ik_failed,50.7,,,
left,left_arm,left_tool0,world,-1.100000,0.200000,2.000000,3,yaw-15_pitch0,-0.09229596,0.70105738,-0.09229596,0.70105738,0,-31,ik_failed,50.7,,,
left,left_arm,left_tool0,world,-1.100000,0.200000,2.000000,4,center,0.00000000,0.70710678,0.00000000,0.70710678,0,-31,ik_failed,50.7,,,
left,left_arm,left_tool0,world,-1.100000,0.200000,2.000000,5,yaw+15_pitch0,0.09229596,0.70105738,0.09229596,0.70105738,0,-31,ik_failed,50.8,,,
left,left_arm,left_tool0,world,-1.100000,0.200000,2.000000,6,yaw-15_pitch+15,-0.07945931,0.78656609,-0.10355339,0.60355339,0,-31,ik_failed,51.4,,,
left,left_arm,left_tool0,world,-1.100000,0.200000,2.000000,7,yaw0_pitch+15,0.00000000,0.79335334,0.00000000,0.60876143,0,-31,ik_failed,50.9,,,
left,left_arm,left_tool0,world,-1.100000,0.200000,2.000000,8,yaw+15_pitch+15,0.07945931,0.78656609,0.10355339,0.60355339,0,-31,ik_failed,50.8,,,
left,left_arm,left_tool0,world,-1.100000,0.200000,2.000000,-1,SUMMARY,,,,,,,,,0,9,0
left,left_arm,left_tool0,world,-1.100000,0.300000,0.000000,0,yaw-15_pitch-15,-0.10355339,0.60355339,-0.07945931,0.78656609,0,-31,ik_failed,50.7,,,
left,left_arm,left_tool0,world,-1.100000,0.300000,0.000000,1,yaw0_pitch-15,0.00000000,0.60876143,0.00000000,0.79335334,0,-31,ik_failed,50.7,,,
left,left_arm,left_tool0,world,-1.100000,0.300000,0.000000,2,yaw+15_pitch-15,0.10355339,0.60355339,0.07945931,0.78656609,0,-31,ik_failed,50.6,,,
left,left_arm,left_tool0,world,-1.100000,0.300000,0.000000,3,yaw-15_pitch0,-0.09229596,0.70105738,-0.09229596,0.70105738,0,-31,ik_failed,50.6,,,
left,left_arm,left_tool0,world,-1.100000,0.300000,0.000000,4,center,0.00000000,0.70710678,0.00000000,0.70710678,0,-31,ik_failed,50.7,,,
left,left_arm,left_tool0,world,-1.100000,0.300000,0.000000,5,yaw+15_pitch0,0.09229596,0.70105738,0.09229596,0.70105738,0,-31,ik_failed,50.8,,,
left,left_arm,left_tool0,world,-1.100000,0.300000,0.000000,6,yaw-15_pitch+15,-0.07945931,0.78656609,-0.10355339,0.60355339,0,-31,ik_failed,50.7,,,
left,left_arm,left_tool0,world,-1.100000,0.300000,0.000000,7,yaw0_pitch+15,0.00000000,0.79335334,0.00000000,0.60876143,0,-31,ik_failed,50.7,,,
left,left_arm,left_tool0,world,-1.100000,0.300000,0.000000,8,yaw+15_pitch+15,0.07945931,0.78656609,0.10355339,0.60355339,0,-31,ik_failed,50.7,,,
left,left_arm,left_tool0,world,-1.100000,0.300000,0.000000,-1,SUMMARY,,,,,,,,,0,9,0
left,left_arm,left_tool0,world,-1.100000,0.300000,0.100000,0,yaw-15_pitch-15,-0.10355339,0.60355339,-0.07945931,0.78656609,0,-31,ik_failed,50.6,,,
left,left_arm,left_tool0,world,-1.100000,0.300000,0.100000,1,yaw0_pitch-15,0.00000000,0.60876143,0.00000000,0.79335334,0,-31,ik_failed,50.7,,,
left,left_arm,left_tool0,world,-1.100000,0.300000,0.100000,2,yaw+15_pitch-15,0.10355339,0.60355339,0.07945931,0.78656609,0,-31,ik_failed,50.5,,,
left,left_arm,left_tool0,world,-1.100000,0.300000,0.100000,3,yaw-15_pitch0,-0.09229596,0.70105738,-0.09229596,0.70105738,0,-31,ik_failed,50.8,,,
left,left_arm,left_tool0,world,-1.100000,0.300000,0.100000,4,center,0.00000000,0.70710678,0.00000000,0.70710678,0,-31,ik_failed,50.7,,,
left,left_arm,left_tool0,world,-1.100000,0.300000,0.100000,5,yaw+15_pitch0,0.09229596,0.70105738,0.09229596,0.70105738,0,-31,ik_failed,50.8,,,
left,left_arm,left_tool0,world,-1.100000,0.300000,0.100000,6,yaw-15_pitch+15,-0.07945931,0.78656609,-0.10355339,0.60355339,0,-31,ik_failed,50.8,,,
left,left_arm,left_tool0,world,-1.100000,0.300000,0.100000,7,yaw0_pitch+15,0.00000000,0.79335334,0.00000000,0.60876143,0,-31,ik_failed,50.7,,,
left,left_arm,left_tool0,world,-1.100000,0.300000,0.100000,8,yaw+15_pitch+15,0.07945931,0.78656609,0.10355339,0.60355339,0,-31,ik_failed,50.6,,,
left,left_arm,left_tool0,world,-1.100000,0.300000,0.100000,-1,SUMMARY,,,,,,,,,0,9,0
left,left_arm,left_tool0,world,-1.100000,0.300000,0.200000,0,yaw-15_pitch-15,-0.10355339,0.60355339,-0.07945931,0.78656609,0,-31,ik_failed,50.7,,,
left,left_arm,left_tool0,world,-1.100000,0.300000,0.200000,1,yaw0_pitch-15,0.00000000,0.60876143,0.00000000,0.79335334,0,-31,ik_failed,50.8,,,
left,left_arm,left_tool0,world,-1.100000,0.300000,0.200000,2,yaw+15_pitch-15,0.10355339,0.60355339,0.07945931,0.78656609,0,-31,ik_failed,51.0,,,
left,left_arm,left_tool0,world,-1.100000,0.300000,0.200000,3,yaw-15_pitch0,-0.09229596,0.70105738,-0.09229596,0.70105738,0,-31,ik_failed,50.9,,,
left,left_arm,left_tool0,world,-1.100000,0.300000,0.200000,4,center,0.00000000,0.70710678,0.00000000,0.70710678,0,-31,ik_failed,50.6,,,
left,left_arm,left_tool0,world,-1.100000,0.300000,0.200000,5,yaw+15_pitch0,0.09229596,0.70105738,0.09229596,0.70105738,0,-31,ik_failed,50.6,,,
left,left_arm,left_tool0,world,-1.100000,0.300000,0.200000,6,yaw-15_pitch+15,-0.07945931,0.78656609,-0.10355339,0.60355339,0,-31,ik_failed,50.5,,,
left,left_arm,left_tool0,world,-1.100000,0.300000,0.200000,7,yaw0_pitch+15,0.00000000,0.79335334,0.00000000,0.60876143,0,-31,ik_failed,50.5,,,
left,left_arm,left_tool0,world,-1.100000,0.300000,0.200000,8,yaw+15_pitch+15,0.07945931,0.78656609,0.10355339,0.60355339,0,-31,ik_failed,50.7,,,
left,left_arm,left_tool0,world,-1.100000,0.300000,0.200000,-1,SUMMARY,,,,,,,,,0,9,0
left,left_arm,left_tool0,world,-1.100000,0.300000,0.300000,0,yaw-15_pitch-15,-0.10355339,0.60355339,-0.07945931,0.78656609,0,-31,ik_failed,50.7,,,
left,left_arm,left_tool0,world,-1.100000,0.300000,0.300000,1,yaw0_pitch-15,0.00000000,0.60876143,0.00000000,0.79335334,0,-31,ik_failed,50.7,,,
left,left_arm,left_tool0,world,-1.100000,0.300000,0.300000,2,yaw+15_pitch-15,0.10355339,0.60355339,0.07945931,0.78656609,0,-31,ik_failed,50.6,,,
left,left_arm,left_tool0,world,-1.100000,0.300000,0.300000,3,yaw-15_pitch0,-0.09229596,0.70105738,-0.09229596,0.70105738,0,-31,ik_failed,50.6,,,
left,left_arm,left_tool0,world,-1.100000,0.300000,0.300000,4,center,0.00000000,0.70710678,0.00000000,0.70710678,0,-31,ik_failed,50.5,,,
left,left_arm,left_tool0,world,-1.100000,0.300000,0.300000,5,yaw+15_pitch0,0.09229596,0.70105738,0.09229596,0.70105738,0,-31,ik_failed,50.6,,,
left,left_arm,left_tool0,world,-1.100000,0.300000,0.300000,6,yaw-15_pitch+15,-0.07945931,0.78656609,-0.10355339,0.60355339,0,-31,ik_failed,50.5,,,
left,left_arm,left_tool0,world,-1.100000,0.300000,0.300000,7,yaw0_pitch+15,0.00000000,0.79335334,0.00000000,0.60876143,0,-31,ik_failed,50.6,,,
left,left_arm,left_tool0,world,-1.100000,0.300000,0.300000,8,yaw+15_pitch+15,0.07945931,0.78656609,0.10355339,0.60355339,0,-31,ik_failed,50.6,,,
left,left_arm,left_tool0,world,-1.100000,0.300000,0.300000,-1,SUMMARY,,,,,,,,,0,9,0
left,left_arm,left_tool0,world,-1.100000,0.300000,0.400000,0,yaw-15_pitch-15,-0.10355339,0.60355339,-0.07945931,0.78656609,0,-31,ik_failed,50.6,,,
left,left_arm,left_tool0,world,-1.100000,0.300000,0.400000,1,yaw0_pitch-15,0.00000000,0.60876143,0.00000000,0.79335334,0,-31,ik_failed,50.5,,,
left,left_arm,left_tool0,world,-1.100000,0.300000,0.400000,2,yaw+15_pitch-15,0.10355339,0.60355339,0.07945931,0.78656609,0,-31,ik_failed,50.5,,,
left,left_arm,left_tool0,world,-1.100000,0.300000,0.400000,3,yaw-15_pitch0,-0.09229596,0.70105738,-0.09229596,0.70105738,0,-31,ik_failed,50.7,,,
left,left_arm,left_tool0,world,-1.100000,0.300000,0.400000,4,center,0.00000000,0.70710678,0.00000000,0.70710678,0,-31,ik_failed,50.7,,,
left,left_arm,left_tool0,world,-1.100000,0.300000,0.400000,5,yaw+15_pitch0,0.09229596,0.70105738,0.09229596,0.70105738,0,-31,ik_failed,50.5,,,
left,left_arm,left_tool0,world,-1.100000,0.300000,0.400000,6,yaw-15_pitch+15,-0.07945931,0.78656609,-0.10355339,0.60355339,0,-31,ik_failed,50.5,,,
left,left_arm,left_tool0,world,-1.100000,0.300000,0.400000,7,yaw0_pitch+15,0.00000000,0.79335334,0.00000000,0.60876143,0,-31,ik_failed,50.6,,,
left,left_arm,left_tool0,world,-1.100000,0.300000,0.400000,8,yaw+15_pitch+15,0.07945931,0.78656609,0.10355339,0.60355339,0,-31,ik_failed,50.5,,,
left,left_arm,left_tool0,world,-1.100000,0.300000,0.400000,-1,SUMMARY,,,,,,,,,0,9,0
left,left_arm,left_tool0,world,-1.100000,0.300000,0.500000,0,yaw-15_pitch-15,-0.10355339,0.60355339,-0.07945931,0.78656609,0,-31,ik_failed,50.5,,,
left,left_arm,left_tool0,world,-1.100000,0.300000,0.500000,1,yaw0_pitch-15,0.00000000,0.60876143,0.00000000,0.79335334,0,-31,ik_failed,50.5,,,
left,left_arm,left_tool0,world,-1.100000,0.300000,0.500000,2,yaw+15_pitch-15,0.10355339,0.60355339,0.07945931,0.78656609,0,-31,ik_failed,50.6,,,
left,left_arm,left_tool0,world,-1.100000,0.300000,0.500000,3,yaw-15_pitch0,-0.09229596,0.70105738,-0.09229596,0.70105738,0,-31,ik_failed,50.6,,,
left,left_arm,left_tool0,world,-1.100000,0.300000,0.500000,4,center,0.00000000,0.70710678,0.00000000,0.70710678,0,-31,ik_failed,50.6,,,
left,left_arm,left_tool0,world,-1.100000,0.300000,0.500000,5,yaw+15_pitch0,0.09229596,0.70105738,0.09229596,0.70105738,0,-31,ik_failed,50.5,,,
left,left_arm,left_tool0,world,-1.100000,0.300000,0.500000,6,yaw-15_pitch+15,-0.07945931,0.78656609,-0.10355339,0.60355339,0,-31,ik_failed,50.5,,,
left,left_arm,left_tool0,world,-1.100000,0.300000,0.500000,7,yaw0_pitch+15,0.00000000,0.79335334,0.00000000,0.60876143,0,-31,ik_failed,50.5,,,
left,left_arm,left_tool0,world,-1.100000,0.300000,0.500000,8,yaw+15_pitch+15,0.07945931,0.78656609,0.10355339,0.60355339,0,-31,ik_failed,50.7,,,
left,left_arm,left_tool0,world,-1.100000,0.300000,0.500000,-1,SUMMARY,,,,,,,,,0,9,0
left,left_arm,left_tool0,world,-1.100000,0.300000,0.600000,0,yaw-15_pitch-15,-0.10355339,0.60355339,-0.07945931,0.78656609,0,-31,ik_failed,50.5,,,
left,left_arm,left_tool0,world,-1.100000,0.300000,0.600000,1,yaw0_pitch-15,0.00000000,0.60876143,0.00000000,0.79335334,0,-31,ik_failed,50.5,,,
left,left_arm,left_tool0,world,-1.100000,0.300000,0.600000,2,yaw+15_pitch-15,0.10355339,0.60355339,0.07945931,0.78656609,0,-31,ik_failed,50.5,,,
left,left_arm,left_tool0,world,-1.100000,0.300000,0.600000,3,yaw-15_pitch0,-0.09229596,0.70105738,-0.09229596,0.70105738,0,-31,ik_failed,50.6,,,
left,left_arm,left_tool0,world,-1.100000,0.300000,0.600000,4,center,0.00000000,0.70710678,0.00000000,0.70710678,0,-31,ik_failed,50.6,,,
left,left_arm,left_tool0,world,-1.100000,0.300000,0.600000,5,yaw+15_pitch0,0.09229596,0.70105738,0.09229596,0.70105738,0,-31,ik_failed,50.9,,,
left,left_arm,left_tool0,world,-1.100000,0.300000,0.600000,6,yaw-15_pitch+15,-0.07945931,0.78656609,-0.10355339,0.60355339,0,-31,ik_failed,50.7,,,
left,left_arm,left_tool0,world,-1.100000,0.300000,0.600000,7,yaw0_pitch+15,0.00000000,0.79335334,0.00000000,0.60876143,0,-31,ik_failed,51.0,,,
left,left_arm,left_tool0,world,-1.100000,0.300000,0.600000,8,yaw+15_pitch+15,0.07945931,0.78656609,0.10355339,0.60355339,0,-31,ik_failed,50.7,,,
left,left_arm,left_tool0,world,-1.100000,0.300000,0.600000,-1,SUMMARY,,,,,,,,,0,9,0
left,left_arm,left_tool0,world,-1.100000,0.300000,0.700000,0,yaw-15_pitch-15,-0.10355339,0.60355339,-0.07945931,0.78656609,0,-31,ik_failed,50.7,,,
left,left_arm,left_tool0,world,-1.100000,0.300000,0.700000,1,yaw0_pitch-15,0.00000000,0.60876143,0.00000000,0.79335334,0,-31,ik_failed,51.0,,,
left,left_arm,left_tool0,world,-1.100000,0.300000,0.700000,2,yaw+15_pitch-15,0.10355339,0.60355339,0.07945931,0.78656609,0,-31,ik_failed,50.6,,,
left,left_arm,left_tool0,world,-1.100000,0.300000,0.700000,3,yaw-15_pitch0,-0.09229596,0.70105738,-0.09229596,0.70105738,0,-31,ik_failed,50.8,,,
left,left_arm,left_tool0,world,-1.100000,0.300000,0.700000,4,center,0.00000000,0.70710678,0.00000000,0.70710678,0,-31,ik_failed,50.9,,,
left,left_arm,left_tool0,world,-1.100000,0.300000,0.700000,5,yaw+15_pitch0,0.09229596,0.70105738,0.09229596,0.70105738,0,-31,ik_failed,50.9,,,
left,left_arm,left_tool0,world,-1.100000,0.300000,0.700000,6,yaw-15_pitch+15,-0.07945931,0.78656609,-0.10355339,0.60355339,0,-31,ik_failed,50.7,,,
left,left_arm,left_tool0,world,-1.100000,0.300000,0.700000,7,yaw0_pitch+15,0.00000000,0.79335334,0.00000000,0.60876143,0,-31,ik_failed,50.6,,,
left,left_arm,left_tool0,world,-1.100000,0.300000,0.700000,8,yaw+15_pitch+15,0.07945931,0.78656609,0.10355339,0.60355339,0,-31,ik_failed,50.7,,,
left,left_arm,left_tool0,world,-1.100000,0.300000,0.700000,-1,SUMMARY,,,,,,,,,0,9,0
left,left_arm,left_tool0,world,-1.100000,0.300000,0.800000,0,yaw-15_pitch-15,-0.10355339,0.60355339,-0.07945931,0.78656609,0,-31,ik_failed,50.6,,,
left,left_arm,left_tool0,world,-1.100000,0.300000,0.800000,1,yaw0_pitch-15,0.00000000,0.60876143,0.00000000,0.79335334,0,-31,ik_failed,50.9,,,
left,left_arm,left_tool0,world,-1.100000,0.300000,0.800000,2,yaw+15_pitch-15,0.10355339,0.60355339,0.07945931,0.78656609,0,-31,ik_failed,50.9,,,
left,left_arm,left_tool0,world,-1.100000,0.300000,0.800000,3,yaw-15_pitch0,-0.09229596,0.70105738,-0.09229596,0.70105738,0,-31,ik_failed,50.8,,,
left,left_arm,left_tool0,world,-1.100000,0.300000,0.800000,4,center,0.00000000,0.70710678,0.00000000,0.70710678,0,-31,ik_failed,50.7,,,
left,left_arm,left_tool0,world,-1.100000,0.300000,0.800000,5,yaw+15_pitch0,0.09229596,0.70105738,0.09229596,0.70105738,0,-31,ik_failed,50.8,,,
left,left_arm,left_tool0,world,-1.100000,0.300000,0.800000,6,yaw-15_pitch+15,-0.07945931,0.78656609,-0.10355339,0.60355339,0,-31,ik_failed,50.7,,,
left,left_arm,left_tool0,world,-1.100000,0.300000,0.800000,7,yaw0_pitch+15,0.00000000,0.79335334,0.00000000,0.60876143,0,-31,ik_failed,50.7,,,
left,left_arm,left_tool0,world,-1.100000,0.300000,0.800000,8,yaw+15_pitch+15,0.07945931,0.78656609,0.10355339,0.60355339,0,-31,ik_failed,50.6,,,
left,left_arm,left_tool0,world,-1.100000,0.300000,0.800000,-1,SUMMARY,,,,,,,,,0,9,0
left,left_arm,left_tool0,world,-1.100000,0.300000,0.900000,0,yaw-15_pitch-15,-0.10355339,0.60355339,-0.07945931,0.78656609,0,-31,ik_failed,50.9,,,
left,left_arm,left_tool0,world,-1.100000,0.300000,0.900000,1,yaw0_pitch-15,0.00000000,0.60876143,0.00000000,0.79335334,0,-31,ik_failed,50.5,,,
left,left_arm,left_tool0,world,-1.100000,0.300000,0.900000,2,yaw+15_pitch-15,0.10355339,0.60355339,0.07945931,0.78656609,0,-31,ik_failed,50.7,,,
left,left_arm,left_tool0,world,-1.100000,0.300000,0.900000,3,yaw-15_pitch0,-0.09229596,0.70105738,-0.09229596,0.70105738,0,-31,ik_failed,50.6,,,
left,left_arm,left_tool0,world,-1.100000,0.300000,0.900000,4,center,0.00000000,0.70710678,0.00000000,0.70710678,0,-31,ik_failed,50.6,,,
left,left_arm,left_tool0,world,-1.100000,0.300000,0.900000,5,yaw+15_pitch0,0.09229596,0.70105738,0.09229596,0.70105738,0,-31,ik_failed,50.5,,,
left,left_arm,left_tool0,world,-1.100000,0.300000,0.900000,6,yaw-15_pitch+15,-0.07945931,0.78656609,-0.10355339,0.60355339,0,-31,ik_failed,50.5,,,
left,left_arm,left_tool0,world,-1.100000,0.300000,0.900000,7,yaw0_pitch+15,0.00000000,0.79335334,0.00000000,0.60876143,0,-31,ik_failed,50.5,,,
left,left_arm,left_tool0,world,-1.100000,0.300000,0.900000,8,yaw+15_pitch+15,0.07945931,0.78656609,0.10355339,0.60355339,0,-31,ik_failed,50.4,,,
left,left_arm,left_tool0,world,-1.100000,0.300000,0.900000,-1,SUMMARY,,,,,,,,,0,9,0
left,left_arm,left_tool0,world,-1.100000,0.300000,1.000000,0,yaw-15_pitch-15,-0.10355339,0.60355339,-0.07945931,0.78656609,0,-31,ik_failed,50.5,,,
left,left_arm,left_tool0,world,-1.100000,0.300000,1.000000,1,yaw0_pitch-15,0.00000000,0.60876143,0.00000000,0.79335334,0,-31,ik_failed,50.6,,,
left,left_arm,left_tool0,world,-1.100000,0.300000,1.000000,2,yaw+15_pitch-15,0.10355339,0.60355339,0.07945931,0.78656609,0,-31,ik_failed,50.6,,,
left,left_arm,left_tool0,world,-1.100000,0.300000,1.000000,3,yaw-15_pitch0,-0.09229596,0.70105738,-0.09229596,0.70105738,0,-31,ik_failed,50.9,,,
left,left_arm,left_tool0,world,-1.100000,0.300000,1.000000,4,center,0.00000000,0.70710678,0.00000000,0.70710678,0,-31,ik_failed,50.9,,,
left,left_arm,left_tool0,world,-1.100000,0.300000,1.000000,5,yaw+15_pitch0,0.09229596,0.70105738,0.09229596,0.70105738,0,-31,ik_failed,50.6,,,
left,left_arm,left_tool0,world,-1.100000,0.300000,1.000000,6,yaw-15_pitch+15,-0.07945931,0.78656609,-0.10355339,0.60355339,0,-31,ik_failed,51.0,,,
left,left_arm,left_tool0,world,-1.100000,0.300000,1.000000,7,yaw0_pitch+15,0.00000000,0.79335334,0.00000000,0.60876143,0,-31,ik_failed,50.7,,,
left,left_arm,left_tool0,world,-1.100000,0.300000,1.000000,8,yaw+15_pitch+15,0.07945931,0.78656609,0.10355339,0.60355339,0,-31,ik_failed,50.6,,,
left,left_arm,left_tool0,world,-1.100000,0.300000,1.000000,-1,SUMMARY,,,,,,,,,0,9,0
left,left_arm,left_tool0,world,-1.100000,0.300000,1.100000,0,yaw-15_pitch-15,-0.10355339,0.60355339,-0.07945931,0.78656609,0,-31,ik_failed,50.9,,,
left,left_arm,left_tool0,world,-1.100000,0.300000,1.100000,1,yaw0_pitch-15,0.00000000,0.60876143,0.00000000,0.79335334,0,-31,ik_failed,50.7,,,
left,left_arm,left_tool0,world,-1.100000,0.300000,1.100000,2,yaw+15_pitch-15,0.10355339,0.60355339,0.07945931,0.78656609,0,-31,ik_failed,50.7,,,
left,left_arm,left_tool0,world,-1.100000,0.300000,1.100000,3,yaw-15_pitch0,-0.09229596,0.70105738,-0.09229596,0.70105738,0,-31,ik_failed,50.7,,,
left,left_arm,left_tool0,world,-1.100000,0.300000,1.100000,4,center,0.00000000,0.70710678,0.00000000,0.70710678,0,-31,ik_failed,50.7,,,
left,left_arm,left_tool0,world,-1.100000,0.300000,1.100000,5,yaw+15_pitch0,0.09229596,0.70105738,0.09229596,0.70105738,0,-31,ik_failed,50.5,,,
left,left_arm,left_tool0,world,-1.100000,0.300000,1.100000,6,yaw-15_pitch+15,-0.07945931,0.78656609,-0.10355339,0.60355339,0,-31,ik_failed,51.0,,,
left,left_arm,left_tool0,world,-1.100000,0.300000,1.100000,7,yaw0_pitch+15,0.00000000,0.79335334,0.00000000,0.60876143,0,-31,ik_failed,50.6,,,
left,left_arm,left_tool0,world,-1.100000,0.300000,1.100000,8,yaw+15_pitch+15,0.07945931,0.78656609,0.10355339,0.60355339,0,-31,ik_failed,50.7,,,
left,left_arm,left_tool0,world,-1.100000,0.300000,1.100000,-1,SUMMARY,,,,,,,,,0,9,0
left,left_arm,left_tool0,world,-1.100000,0.300000,1.200000,0,yaw-15_pitch-15,-0.10355339,0.60355339,-0.07945931,0.78656609,0,-31,ik_failed,50.8,,,
left,left_arm,left_tool0,world,-1.100000,0.300000,1.200000,1,yaw0_pitch-15,0.00000000,0.60876143,0.00000000,0.79335334,0,-31,ik_failed,50.9,,,
left,left_arm,left_tool0,world,-1.100000,0.300000,1.200000,2,yaw+15_pitch-15,0.10355339,0.60355339,0.07945931,0.78656609,0,-31,ik_failed,50.8,,,
left,left_arm,left_tool0,world,-1.100000,0.300000,1.200000,3,yaw-15_pitch0,-0.09229596,0.70105738,-0.09229596,0.70105738,0,-31,ik_failed,50.6,,,
left,left_arm,left_tool0,world,-1.100000,0.300000,1.200000,4,center,0.00000000,0.70710678,0.00000000,0.70710678,0,-31,ik_failed,50.6,,,
left,left_arm,left_tool0,world,-1.100000,0.300000,1.200000,5,yaw+15_pitch0,0.09229596,0.70105738,0.09229596,0.70105738,0,-31,ik_failed,50.6,,,
left,left_arm,left_tool0,world,-1.100000,0.300000,1.200000,6,yaw-15_pitch+15,-0.07945931,0.78656609,-0.10355339,0.60355339,0,-31,ik_failed,50.8,,,
left,left_arm,left_tool0,world,-1.100000,0.300000,1.200000,7,yaw0_pitch+15,0.00000000,0.79335334,0.00000000,0.60876143,0,-31,ik_failed,50.7,,,
left,left_arm,left_tool0,world,-1.100000,0.300000,1.200000,8,yaw+15_pitch+15,0.07945931,0.78656609,0.10355339,0.60355339,0,-31,ik_failed,50.7,,,
left,left_arm,left_tool0,world,-1.100000,0.300000,1.200000,-1,SUMMARY,,,,,,,,,0,9,0
left,left_arm,left_tool0,world,-1.100000,0.300000,1.300000,0,yaw-15_pitch-15,-0.10355339,0.60355339,-0.07945931,0.78656609,0,-31,ik_failed,50.6,,,
left,left_arm,left_tool0,world,-1.100000,0.300000,1.300000,1,yaw0_pitch-15,0.00000000,0.60876143,0.00000000,0.79335334,0,-31,ik_failed,50.6,,,
left,left_arm,left_tool0,world,-1.100000,0.300000,1.300000,2,yaw+15_pitch-15,0.10355339,0.60355339,0.07945931,0.78656609,0,-31,ik_failed,50.6,,,
left,left_arm,left_tool0,world,-1.100000,0.300000,1.300000,3,yaw-15_pitch0,-0.09229596,0.70105738,-0.09229596,0.70105738,0,-31,ik_failed,50.5,,,
left,left_arm,left_tool0,world,-1.100000,0.300000,1.300000,4,center,0.00000000,0.70710678,0.00000000,0.70710678,0,-31,ik_failed,50.5,,,
left,left_arm,left_tool0,world,-1.100000,0.300000,1.300000,5,yaw+15_pitch0,0.09229596,0.70105738,0.09229596,0.70105738,0,-31,ik_failed,50.6,,,
left,left_arm,left_tool0,world,-1.100000,0.300000,1.300000,6,yaw-15_pitch+15,-0.07945931,0.78656609,-0.10355339,0.60355339,0,-31,ik_failed,50.5,,,
left,left_arm,left_tool0,world,-1.100000,0.300000,1.300000,7,yaw0_pitch+15,0.00000000,0.79335334,0.00000000,0.60876143,0,-31,ik_failed,50.9,,,
left,left_arm,left_tool0,world,-1.100000,0.300000,1.300000,8,yaw+15_pitch+15,0.07945931,0.78656609,0.10355339,0.60355339,0,-31,ik_failed,50.5,,,
left,left_arm,left_tool0,world,-1.100000,0.300000,1.300000,-1,SUMMARY,,,,,,,,,0,9,0
left,left_arm,left_tool0,world,-1.100000,0.300000,1.400000,0,yaw-15_pitch-15,-0.10355339,0.60355339,-0.07945931,0.78656609,0,-31,ik_failed,50.5,,,
left,left_arm,left_tool0,world,-1.100000,0.300000,1.400000,1,yaw0_pitch-15,0.00000000,0.60876143,0.00000000,0.79335334,0,-31,ik_failed,50.6,,,
left,left_arm,left_tool0,world,-1.100000,0.300000,1.400000,2,yaw+15_pitch-15,0.10355339,0.60355339,0.07945931,0.78656609,0,-31,ik_failed,50.9,,,
left,left_arm,left_tool0,world,-1.100000,0.300000,1.400000,3,yaw-15_pitch0,-0.09229596,0.70105738,-0.09229596,0.70105738,0,-31,ik_failed,50.6,,,
left,left_arm,left_tool0,world,-1.100000,0.300000,1.400000,4,center,0.00000000,0.70710678,0.00000000,0.70710678,0,-31,ik_failed,50.6,,,
left,left_arm,left_tool0,world,-1.100000,0.300000,1.400000,5,yaw+15_pitch0,0.09229596,0.70105738,0.09229596,0.70105738,0,-31,ik_failed,50.8,,,
left,left_arm,left_tool0,world,-1.100000,0.300000,1.400000,6,yaw-15_pitch+15,-0.07945931,0.78656609,-0.10355339,0.60355339,0,-31,ik_failed,50.8,,,
left,left_arm,left_tool0,world,-1.100000,0.300000,1.400000,7,yaw0_pitch+15,0.00000000,0.79335334,0.00000000,0.60876143,0,-31,ik_failed,50.9,,,
left,left_arm,left_tool0,world,-1.100000,0.300000,1.400000,8,yaw+15_pitch+15,0.07945931,0.78656609,0.10355339,0.60355339,0,-31,ik_failed,50.8,,,
left,left_arm,left_tool0,world,-1.100000,0.300000,1.400000,-1,SUMMARY,,,,,,,,,0,9,0
left,left_arm,left_tool0,world,-1.100000,0.300000,1.500000,0,yaw-15_pitch-15,-0.10355339,0.60355339,-0.07945931,0.78656609,0,-31,ik_failed,50.7,,,
left,left_arm,left_tool0,world,-1.100000,0.300000,1.500000,1,yaw0_pitch-15,0.00000000,0.60876143,0.00000000,0.79335334,0,-31,ik_failed,50.7,,,
left,left_arm,left_tool0,world,-1.100000,0.300000,1.500000,2,yaw+15_pitch-15,0.10355339,0.60355339,0.07945931,0.78656609,0,-31,ik_failed,50.6,,,
left,left_arm,left_tool0,world,-1.100000,0.300000,1.500000,3,yaw-15_pitch0,-0.09229596,0.70105738,-0.09229596,0.70105738,0,-31,ik_failed,50.8,,,
left,left_arm,left_tool0,world,-1.100000,0.300000,1.500000,4,center,0.00000000,0.70710678,0.00000000,0.70710678,0,-31,ik_failed,50.7,,,
left,left_arm,left_tool0,world,-1.100000,0.300000,1.500000,5,yaw+15_pitch0,0.09229596,0.70105738,0.09229596,0.70105738,0,-31,ik_failed,50.6,,,
left,left_arm,left_tool0,world,-1.100000,0.300000,1.500000,6,yaw-15_pitch+15,-0.07945931,0.78656609,-0.10355339,0.60355339,0,-31,ik_failed,50.5,,,
left,left_arm,left_tool0,world,-1.100000,0.300000,1.500000,7,yaw0_pitch+15,0.00000000,0.79335334,0.00000000,0.60876143,0,-31,ik_failed,50.6,,,
left,left_arm,left_tool0,world,-1.100000,0.300000,1.500000,8,yaw+15_pitch+15,0.07945931,0.78656609,0.10355339,0.60355339,0,-31,ik_failed,50.6,,,
left,left_arm,left_tool0,world,-1.100000,0.300000,1.500000,-1,SUMMARY,,,,,,,,,0,9,0
left,left_arm,left_tool0,world,-1.100000,0.300000,1.600000,0,yaw-15_pitch-15,-0.10355339,0.60355339,-0.07945931,0.78656609,0,-31,ik_failed,50.7,,,
left,left_arm,left_tool0,world,-1.100000,0.300000,1.600000,1,yaw0_pitch-15,0.00000000,0.60876143,0.00000000,0.79335334,0,-31,ik_failed,50.7,,,
left,left_arm,left_tool0,world,-1.100000,0.300000,1.600000,2,yaw+15_pitch-15,0.10355339,0.60355339,0.07945931,0.78656609,0,-31,ik_failed,50.5,,,
left,left_arm,left_tool0,world,-1.100000,0.300000,1.600000,3,yaw-15_pitch0,-0.09229596,0.70105738,-0.09229596,0.70105738,0,-31,ik_failed,51.0,,,
left,left_arm,left_tool0,world,-1.100000,0.300000,1.600000,4,center,0.00000000,0.70710678,0.00000000,0.70710678,0,-31,ik_failed,50.6,,,
left,left_arm,left_tool0,world,-1.100000,0.300000,1.600000,5,yaw+15_pitch0,0.09229596,0.70105738,0.09229596,0.70105738,0,-31,ik_failed,50.7,,,
left,left_arm,left_tool0,world,-1.100000,0.300000,1.600000,6,yaw-15_pitch+15,-0.07945931,0.78656609,-0.10355339,0.60355339,0,-31,ik_failed,50.5,,,
left,left_arm,left_tool0,world,-1.100000,0.300000,1.600000,7,yaw0_pitch+15,0.00000000,0.79335334,0.00000000,0.60876143,0,-31,ik_failed,50.8,,,
left,left_arm,left_tool0,world,-1.100000,0.300000,1.600000,8,yaw+15_pitch+15,0.07945931,0.78656609,0.10355339,0.60355339,0,-31,ik_failed,50.6,,,
left,left_arm,left_tool0,world,-1.100000,0.300000,1.600000,-1,SUMMARY,,,,,,,,,0,9,0
left,left_arm,left_tool0,world,-1.100000,0.300000,1.700000,0,yaw-15_pitch-15,-0.10355339,0.60355339,-0.07945931,0.78656609,0,-31,ik_failed,50.6,,,
left,left_arm,left_tool0,world,-1.100000,0.300000,1.700000,1,yaw0_pitch-15,0.00000000,0.60876143,0.00000000,0.79335334,0,-31,ik_failed,50.5,,,
left,left_arm,left_tool0,world,-1.100000,0.300000,1.700000,2,yaw+15_pitch-15,0.10355339,0.60355339,0.07945931,0.78656609,0,-31,ik_failed,50.6,,,
left,left_arm,left_tool0,world,-1.100000,0.300000,1.700000,3,yaw-15_pitch0,-0.09229596,0.70105738,-0.09229596,0.70105738,0,-31,ik_failed,50.6,,,
left,left_arm,left_tool0,world,-1.100000,0.300000,1.700000,4,center,0.00000000,0.70710678,0.00000000,0.70710678,0,-31,ik_failed,50.5,,,
left,left_arm,left_tool0,world,-1.100000,0.300000,1.700000,5,yaw+15_pitch0,0.09229596,0.70105738,0.09229596,0.70105738,0,-31,ik_failed,50.6,,,
left,left_arm,left_tool0,world,-1.100000,0.300000,1.700000,6,yaw-15_pitch+15,-0.07945931,0.78656609,-0.10355339,0.60355339,0,-31,ik_failed,50.7,,,
left,left_arm,left_tool0,world,-1.100000,0.300000,1.700000,7,yaw0_pitch+15,0.00000000,0.79335334,0.00000000,0.60876143,0,-31,ik_failed,50.6,,,
left,left_arm,left_tool0,world,-1.100000,0.300000,1.700000,8,yaw+15_pitch+15,0.07945931,0.78656609,0.10355339,0.60355339,0,-31,ik_failed,50.6,,,
left,left_arm,left_tool0,world,-1.100000,0.300000,1.700000,-1,SUMMARY,,,,,,,,,0,9,0
left,left_arm,left_tool0,world,-1.100000,0.300000,1.800000,0,yaw-15_pitch-15,-0.10355339,0.60355339,-0.07945931,0.78656609,0,-31,ik_failed,50.8,,,
left,left_arm,left_tool0,world,-1.100000,0.300000,1.800000,1,yaw0_pitch-15,0.00000000,0.60876143,0.00000000,0.79335334,0,-31,ik_failed,50.7,,,
left,left_arm,left_tool0,world,-1.100000,0.300000,1.800000,2,yaw+15_pitch-15,0.10355339,0.60355339,0.07945931,0.78656609,0,-31,ik_failed,50.9,,,
left,left_arm,left_tool0,world,-1.100000,0.300000,1.800000,3,yaw-15_pitch0,-0.09229596,0.70105738,-0.09229596,0.70105738,0,-31,ik_failed,50.6,,,
left,left_arm,left_tool0,world,-1.100000,0.300000,1.800000,4,center,0.00000000,0.70710678,0.00000000,0.70710678,0,-31,ik_failed,50.6,,,
left,left_arm,left_tool0,world,-1.100000,0.300000,1.800000,5,yaw+15_pitch0,0.09229596,0.70105738,0.09229596,0.70105738,0,-31,ik_failed,50.6,,,
left,left_arm,left_tool0,world,-1.100000,0.300000,1.800000,6,yaw-15_pitch+15,-0.07945931,0.78656609,-0.10355339,0.60355339,0,-31,ik_failed,50.4,,,
left,left_arm,left_tool0,world,-1.100000,0.300000,1.800000,7,yaw0_pitch+15,0.00000000,0.79335334,0.00000000,0.60876143,0,-31,ik_failed,50.8,,,
left,left_arm,left_tool0,world,-1.100000,0.300000,1.800000,8,yaw+15_pitch+15,0.07945931,0.78656609,0.10355339,0.60355339,0,-31,ik_failed,50.5,,,
left,left_arm,left_tool0,world,-1.100000,0.300000,1.800000,-1,SUMMARY,,,,,,,,,0,9,0
left,left_arm,left_tool0,world,-1.100000,0.300000,1.900000,0,yaw-15_pitch-15,-0.10355339,0.60355339,-0.07945931,0.78656609,0,-31,ik_failed,50.7,,,
left,left_arm,left_tool0,world,-1.100000,0.300000,1.900000,1,yaw0_pitch-15,0.00000000,0.60876143,0.00000000,0.79335334,0,-31,ik_failed,50.7,,,
left,left_arm,left_tool0,world,-1.100000,0.300000,1.900000,2,yaw+15_pitch-15,0.10355339,0.60355339,0.07945931,0.78656609,0,-31,ik_failed,50.8,,,
left,left_arm,left_tool0,world,-1.100000,0.300000,1.900000,3,yaw-15_pitch0,-0.09229596,0.70105738,-0.09229596,0.70105738,0,-31,ik_failed,50.6,,,
left,left_arm,left_tool0,world,-1.100000,0.300000,1.900000,4,center,0.00000000,0.70710678,0.00000000,0.70710678,0,-31,ik_failed,50.7,,,
left,left_arm,left_tool0,world,-1.100000,0.300000,1.900000,5,yaw+15_pitch0,0.09229596,0.70105738,0.09229596,0.70105738,0,-31,ik_failed,50.5,,,
left,left_arm,left_tool0,world,-1.100000,0.300000,1.900000,6,yaw-15_pitch+15,-0.07945931,0.78656609,-0.10355339,0.60355339,0,-31,ik_failed,50.5,,,
left,left_arm,left_tool0,world,-1.100000,0.300000,1.900000,7,yaw0_pitch+15,0.00000000,0.79335334,0.00000000,0.60876143,0,-31,ik_failed,50.6,,,
left,left_arm,left_tool0,world,-1.100000,0.300000,1.900000,8,yaw+15_pitch+15,0.07945931,0.78656609,0.10355339,0.60355339,0,-31,ik_failed,50.6,,,
left,left_arm,left_tool0,world,-1.100000,0.300000,1.900000,-1,SUMMARY,,,,,,,,,0,9,0
left,left_arm,left_tool0,world,-1.100000,0.300000,2.000000,0,yaw-15_pitch-15,-0.10355339,0.60355339,-0.07945931,0.78656609,0,-31,ik_failed,50.4,,,
left,left_arm,left_tool0,world,-1.100000,0.300000,2.000000,1,yaw0_pitch-15,0.00000000,0.60876143,0.00000000,0.79335334,0,-31,ik_failed,50.6,,,
left,left_arm,left_tool0,world,-1.100000,0.300000,2.000000,2,yaw+15_pitch-15,0.10355339,0.60355339,0.07945931,0.78656609,0,-31,ik_failed,50.6,,,
left,left_arm,left_tool0,world,-1.100000,0.300000,2.000000,3,yaw-15_pitch0,-0.09229596,0.70105738,-0.09229596,0.70105738,0,-31,ik_failed,50.6,,,
left,left_arm,left_tool0,world,-1.100000,0.300000,2.000000,4,center,0.00000000,0.70710678,0.00000000,0.70710678,0,-31,ik_failed,50.7,,,
left,left_arm,left_tool0,world,-1.100000,0.300000,2.000000,5,yaw+15_pitch0,0.09229596,0.70105738,0.09229596,0.70105738,0,-31,ik_failed,50.7,,,
left,left_arm,left_tool0,world,-1.100000,0.300000,2.000000,6,yaw-15_pitch+15,-0.07945931,0.78656609,-0.10355339,0.60355339,0,-31,ik_failed,50.6,,,
left,left_arm,left_tool0,world,-1.100000,0.300000,2.000000,7,yaw0_pitch+15,0.00000000,0.79335334,0.00000000,0.60876143,0,-31,ik_failed,50.8,,,
left,left_arm,left_tool0,world,-1.100000,0.300000,2.000000,8,yaw+15_pitch+15,0.07945931,0.78656609,0.10355339,0.60355339,0,-31,ik_failed,50.6,,,
left,left_arm,left_tool0,world,-1.100000,0.300000,2.000000,-1,SUMMARY,,,,,,,,,0,9,0
left,left_arm,left_tool0,world,-1.100000,0.400000,0.000000,0,yaw-15_pitch-15,-0.10355339,0.60355339,-0.07945931,0.78656609,0,-31,ik_failed,50.7,,,
left,left_arm,left_tool0,world,-1.100000,0.400000,0.000000,1,yaw0_pitch-15,0.00000000,0.60876143,0.00000000,0.79335334,0,-31,ik_failed,50.6,,,
left,left_arm,left_tool0,world,-1.100000,0.400000,0.000000,2,yaw+15_pitch-15,0.10355339,0.60355339,0.07945931,0.78656609,0,-31,ik_failed,50.5,,,
left,left_arm,left_tool0,world,-1.100000,0.400000,0.000000,3,yaw-15_pitch0,-0.09229596,0.70105738,-0.09229596,0.70105738,0,-31,ik_failed,50.7,,,
left,left_arm,left_tool0,world,-1.100000,0.400000,0.000000,4,center,0.00000000,0.70710678,0.00000000,0.70710678,0,-31,ik_failed,50.7,,,
left,left_arm,left_tool0,world,-1.100000,0.400000,0.000000,5,yaw+15_pitch0,0.09229596,0.70105738,0.09229596,0.70105738,0,-31,ik_failed,50.6,,,
left,left_arm,left_tool0,world,-1.100000,0.400000,0.000000,6,yaw-15_pitch+15,-0.07945931,0.78656609,-0.10355339,0.60355339,0,-31,ik_failed,50.6,,,
left,left_arm,left_tool0,world,-1.100000,0.400000,0.000000,7,yaw0_pitch+15,0.00000000,0.79335334,0.00000000,0.60876143,0,-31,ik_failed,50.6,,,
left,left_arm,left_tool0,world,-1.100000,0.400000,0.000000,8,yaw+15_pitch+15,0.07945931,0.78656609,0.10355339,0.60355339,0,-31,ik_failed,50.7,,,
left,left_arm,left_tool0,world,-1.100000,0.400000,0.000000,-1,SUMMARY,,,,,,,,,0,9,0
left,left_arm,left_tool0,world,-1.100000,0.400000,0.100000,0,yaw-15_pitch-15,-0.10355339,0.60355339,-0.07945931,0.78656609,0,-31,ik_failed,50.6,,,
left,left_arm,left_tool0,world,-1.100000,0.400000,0.100000,1,yaw0_pitch-15,0.00000000,0.60876143,0.00000000,0.79335334,0,-31,ik_failed,50.5,,,
left,left_arm,left_tool0,world,-1.100000,0.400000,0.100000,2,yaw+15_pitch-15,0.10355339,0.60355339,0.07945931,0.78656609,0,-31,ik_failed,50.6,,,
left,left_arm,left_tool0,world,-1.100000,0.400000,0.100000,3,yaw-15_pitch0,-0.09229596,0.70105738,-0.09229596,0.70105738,0,-31,ik_failed,50.6,,,
left,left_arm,left_tool0,world,-1.100000,0.400000,0.100000,4,center,0.00000000,0.70710678,0.00000000,0.70710678,0,-31,ik_failed,50.9,,,
left,left_arm,left_tool0,world,-1.100000,0.400000,0.100000,5,yaw+15_pitch0,0.09229596,0.70105738,0.09229596,0.70105738,0,-31,ik_failed,50.8,,,
left,left_arm,left_tool0,world,-1.100000,0.400000,0.100000,6,yaw-15_pitch+15,-0.07945931,0.78656609,-0.10355339,0.60355339,0,-31,ik_failed,50.8,,,
left,left_arm,left_tool0,world,-1.100000,0.400000,0.100000,7,yaw0_pitch+15,0.00000000,0.79335334,0.00000000,0.60876143,0,-31,ik_failed,50.8,,,
left,left_arm,left_tool0,world,-1.100000,0.400000,0.100000,8,yaw+15_pitch+15,0.07945931,0.78656609,0.10355339,0.60355339,0,-31,ik_failed,50.6,,,
left,left_arm,left_tool0,world,-1.100000,0.400000,0.100000,-1,SUMMARY,,,,,,,,,0,9,0
left,left_arm,left_tool0,world,-1.100000,0.400000,0.200000,0,yaw-15_pitch-15,-0.10355339,0.60355339,-0.07945931,0.78656609,0,-31,ik_failed,51.3,,,
left,left_arm,left_tool0,world,-1.100000,0.400000,0.200000,1,yaw0_pitch-15,0.00000000,0.60876143,0.00000000,0.79335334,0,-31,ik_failed,50.5,,,
left,left_arm,left_tool0,world,-1.100000,0.400000,0.200000,2,yaw+15_pitch-15,0.10355339,0.60355339,0.07945931,0.78656609,0,-31,ik_failed,50.5,,,
left,left_arm,left_tool0,world,-1.100000,0.400000,0.200000,3,yaw-15_pitch0,-0.09229596,0.70105738,-0.09229596,0.70105738,0,-31,ik_failed,50.6,,,
left,left_arm,left_tool0,world,-1.100000,0.400000,0.200000,4,center,0.00000000,0.70710678,0.00000000,0.70710678,0,-31,ik_failed,50.7,,,
left,left_arm,left_tool0,world,-1.100000,0.400000,0.200000,5,yaw+15_pitch0,0.09229596,0.70105738,0.09229596,0.70105738,0,-31,ik_failed,50.7,,,
left,left_arm,left_tool0,world,-1.100000,0.400000,0.200000,6,yaw-15_pitch+15,-0.07945931,0.78656609,-0.10355339,0.60355339,0,-31,ik_failed,50.6,,,
left,left_arm,left_tool0,world,-1.100000,0.400000,0.200000,7,yaw0_pitch+15,0.00000000,0.79335334,0.00000000,0.60876143,0,-31,ik_failed,50.6,,,
left,left_arm,left_tool0,world,-1.100000,0.400000,0.200000,8,yaw+15_pitch+15,0.07945931,0.78656609,0.10355339,0.60355339,0,-31,ik_failed,50.6,,,
left,left_arm,left_tool0,world,-1.100000,0.400000,0.200000,-1,SUMMARY,,,,,,,,,0,9,0
left,left_arm,left_tool0,world,-1.100000,0.400000,0.300000,0,yaw-15_pitch-15,-0.10355339,0.60355339,-0.07945931,0.78656609,0,-31,ik_failed,50.6,,,
left,left_arm,left_tool0,world,-1.100000,0.400000,0.300000,1,yaw0_pitch-15,0.00000000,0.60876143,0.00000000,0.79335334,0,-31,ik_failed,50.6,,,
left,left_arm,left_tool0,world,-1.100000,0.400000,0.300000,2,yaw+15_pitch-15,0.10355339,0.60355339,0.07945931,0.78656609,0,-31,ik_failed,50.5,,,
left,left_arm,left_tool0,world,-1.100000,0.400000,0.300000,3,yaw-15_pitch0,-0.09229596,0.70105738,-0.09229596,0.70105738,0,-31,ik_failed,50.5,,,
left,left_arm,left_tool0,world,-1.100000,0.400000,0.300000,4,center,0.00000000,0.70710678,0.00000000,0.70710678,0,-31,ik_failed,50.5,,,
left,left_arm,left_tool0,world,-1.100000,0.400000,0.300000,5,yaw+15_pitch0,0.09229596,0.70105738,0.09229596,0.70105738,0,-31,ik_failed,50.5,,,
left,left_arm,left_tool0,world,-1.100000,0.400000,0.300000,6,yaw-15_pitch+15,-0.07945931,0.78656609,-0.10355339,0.60355339,0,-31,ik_failed,50.5,,,
left,left_arm,left_tool0,world,-1.100000,0.400000,0.300000,7,yaw0_pitch+15,0.00000000,0.79335334,0.00000000,0.60876143,0,-31,ik_failed,50.6,,,
left,left_arm,left_tool0,world,-1.100000,0.400000,0.300000,8,yaw+15_pitch+15,0.07945931,0.78656609,0.10355339,0.60355339,0,-31,ik_failed,50.7,,,
left,left_arm,left_tool0,world,-1.100000,0.400000,0.300000,-1,SUMMARY,,,,,,,,,0,9,0
left,left_arm,left_tool0,world,-1.100000,0.400000,0.400000,0,yaw-15_pitch-15,-0.10355339,0.60355339,-0.07945931,0.78656609,0,-31,ik_failed,50.8,,,
left,left_arm,left_tool0,world,-1.100000,0.400000,0.400000,1,yaw0_pitch-15,0.00000000,0.60876143,0.00000000,0.79335334,0,-31,ik_failed,50.7,,,
left,left_arm,left_tool0,world,-1.100000,0.400000,0.400000,2,yaw+15_pitch-15,0.10355339,0.60355339,0.07945931,0.78656609,0,-31,ik_failed,50.6,,,
left,left_arm,left_tool0,world,-1.100000,0.400000,0.400000,3,yaw-15_pitch0,-0.09229596,0.70105738,-0.09229596,0.70105738,0,-31,ik_failed,50.8,,,
left,left_arm,left_tool0,world,-1.100000,0.400000,0.400000,4,center,0.00000000,0.70710678,0.00000000,0.70710678,0,-31,ik_failed,50.7,,,
left,left_arm,left_tool0,world,-1.100000,0.400000,0.400000,5,yaw+15_pitch0,0.09229596,0.70105738,0.09229596,0.70105738,0,-31,ik_failed,51.0,,,
left,left_arm,left_tool0,world,-1.100000,0.400000,0.400000,6,yaw-15_pitch+15,-0.07945931,0.78656609,-0.10355339,0.60355339,0,-31,ik_failed,50.8,,,
left,left_arm,left_tool0,world,-1.100000,0.400000,0.400000,7,yaw0_pitch+15,0.00000000,0.79335334,0.00000000,0.60876143,0,-31,ik_failed,50.8,,,
left,left_arm,left_tool0,world,-1.100000,0.400000,0.400000,8,yaw+15_pitch+15,0.07945931,0.78656609,0.10355339,0.60355339,0,-31,ik_failed,50.8,,,
left,left_arm,left_tool0,world,-1.100000,0.400000,0.400000,-1,SUMMARY,,,,,,,,,0,9,0
left,left_arm,left_tool0,world,-1.100000,0.400000,0.500000,0,yaw-15_pitch-15,-0.10355339,0.60355339,-0.07945931,0.78656609,0,-31,ik_failed,50.7,,,
left,left_arm,left_tool0,world,-1.100000,0.400000,0.500000,1,yaw0_pitch-15,0.00000000,0.60876143,0.00000000,0.79335334,0,-31,ik_failed,50.5,,,
left,left_arm,left_tool0,world,-1.100000,0.400000,0.500000,2,yaw+15_pitch-15,0.10355339,0.60355339,0.07945931,0.78656609,0,-31,ik_failed,50.8,,,
left,left_arm,left_tool0,world,-1.100000,0.400000,0.500000,3,yaw-15_pitch0,-0.09229596,0.70105738,-0.09229596,0.70105738,0,-31,ik_failed,50.6,,,
left,left_arm,left_tool0,world,-1.100000,0.400000,0.500000,4,center,0.00000000,0.70710678,0.00000000,0.70710678,0,-31,ik_failed,50.6,,,
left,left_arm,left_tool0,world,-1.100000,0.400000,0.500000,5,yaw+15_pitch0,0.09229596,0.70105738,0.09229596,0.70105738,0,-31,ik_failed,50.9,,,
left,left_arm,left_tool0,world,-1.100000,0.400000,0.500000,6,yaw-15_pitch+15,-0.07945931,0.78656609,-0.10355339,0.60355339,0,-31,ik_failed,50.6,,,
left,left_arm,left_tool0,world,-1.100000,0.400000,0.500000,7,yaw0_pitch+15,0.00000000,0.79335334,0.00000000,0.60876143,0,-31,ik_failed,50.9,,,
left,left_arm,left_tool0,world,-1.100000,0.400000,0.500000,8,yaw+15_pitch+15,0.07945931,0.78656609,0.10355339,0.60355339,0,-31,ik_failed,50.8,,,
left,left_arm,left_tool0,world,-1.100000,0.400000,0.500000,-1,SUMMARY,,,,,,,,,0,9,0
left,left_arm,left_tool0,world,-1.100000,0.400000,0.600000,0,yaw-15_pitch-15,-0.10355339,0.60355339,-0.07945931,0.78656609,0,-31,ik_failed,50.8,,,
left,left_arm,left_tool0,world,-1.100000,0.400000,0.600000,1,yaw0_pitch-15,0.00000000,0.60876143,0.00000000,0.79335334,0,-31,ik_failed,50.7,,,
left,left_arm,left_tool0,world,-1.100000,0.400000,0.600000,2,yaw+15_pitch-15,0.10355339,0.60355339,0.07945931,0.78656609,0,-31,ik_failed,50.6,,,
left,left_arm,left_tool0,world,-1.100000,0.400000,0.600000,3,yaw-15_pitch0,-0.09229596,0.70105738,-0.09229596,0.70105738,0,-31,ik_failed,50.5,,,
left,left_arm,left_tool0,world,-1.100000,0.400000,0.600000,4,center,0.00000000,0.70710678,0.00000000,0.70710678,0,-31,ik_failed,50.6,,,
left,left_arm,left_tool0,world,-1.100000,0.400000,0.600000,5,yaw+15_pitch0,0.09229596,0.70105738,0.09229596,0.70105738,0,-31,ik_failed,50.5,,,
left,left_arm,left_tool0,world,-1.100000,0.400000,0.600000,6,yaw-15_pitch+15,-0.07945931,0.78656609,-0.10355339,0.60355339,0,-31,ik_failed,50.5,,,
left,left_arm,left_tool0,world,-1.100000,0.400000,0.600000,7,yaw0_pitch+15,0.00000000,0.79335334,0.00000000,0.60876143,0,-31,ik_failed,50.5,,,
left,left_arm,left_tool0,world,-1.100000,0.400000,0.600000,8,yaw+15_pitch+15,0.07945931,0.78656609,0.10355339,0.60355339,0,-31,ik_failed,50.9,,,
left,left_arm,left_tool0,world,-1.100000,0.400000,0.600000,-1,SUMMARY,,,,,,,,,0,9,0
left,left_arm,left_tool0,world,-1.100000,0.400000,0.700000,0,yaw-15_pitch-15,-0.10355339,0.60355339,-0.07945931,0.78656609,0,-31,ik_failed,50.8,,,
left,left_arm,left_tool0,world,-1.100000,0.400000,0.700000,1,yaw0_pitch-15,0.00000000,0.60876143,0.00000000,0.79335334,0,-31,ik_failed,50.7,,,
left,left_arm,left_tool0,world,-1.100000,0.400000,0.700000,2,yaw+15_pitch-15,0.10355339,0.60355339,0.07945931,0.78656609,0,-31,ik_failed,50.6,,,
left,left_arm,left_tool0,world,-1.100000,0.400000,0.700000,3,yaw-15_pitch0,-0.09229596,0.70105738,-0.09229596,0.70105738,0,-31,ik_failed,50.6,,,
left,left_arm,left_tool0,world,-1.100000,0.400000,0.700000,4,center,0.00000000,0.70710678,0.00000000,0.70710678,0,-31,ik_failed,50.6,,,
left,left_arm,left_tool0,world,-1.100000,0.400000,0.700000,5,yaw+15_pitch0,0.09229596,0.70105738,0.09229596,0.70105738,0,-31,ik_failed,51.8,,,
left,left_arm,left_tool0,world,-1.100000,0.400000,0.700000,6,yaw-15_pitch+15,-0.07945931,0.78656609,-0.10355339,0.60355339,0,-31,ik_failed,50.7,,,
left,left_arm,left_tool0,world,-1.100000,0.400000,0.700000,7,yaw0_pitch+15,0.00000000,0.79335334,0.00000000,0.60876143,0,-31,ik_failed,50.6,,,
left,left_arm,left_tool0,world,-1.100000,0.400000,0.700000,8,yaw+15_pitch+15,0.07945931,0.78656609,0.10355339,0.60355339,0,-31,ik_failed,50.6,,,
left,left_arm,left_tool0,world,-1.100000,0.400000,0.700000,-1,SUMMARY,,,,,,,,,0,9,0
left,left_arm,left_tool0,world,-1.100000,0.400000,0.800000,0,yaw-15_pitch-15,-0.10355339,0.60355339,-0.07945931,0.78656609,0,-31,ik_failed,50.6,,,
left,left_arm,left_tool0,world,-1.100000,0.400000,0.800000,1,yaw0_pitch-15,0.00000000,0.60876143,0.00000000,0.79335334,0,-31,ik_failed,50.7,,,
left,left_arm,left_tool0,world,-1.100000,0.400000,0.800000,2,yaw+15_pitch-15,0.10355339,0.60355339,0.07945931,0.78656609,0,-31,ik_failed,50.8,,,
left,left_arm,left_tool0,world,-1.100000,0.400000,0.800000,3,yaw-15_pitch0,-0.09229596,0.70105738,-0.09229596,0.70105738,0,-31,ik_failed,50.7,,,
left,left_arm,left_tool0,world,-1.100000,0.400000,0.800000,4,center,0.00000000,0.70710678,0.00000000,0.70710678,0,-31,ik_failed,50.6,,,
left,left_arm,left_tool0,world,-1.100000,0.400000,0.800000,5,yaw+15_pitch0,0.09229596,0.70105738,0.09229596,0.70105738,0,-31,ik_failed,50.9,,,
left,left_arm,left_tool0,world,-1.100000,0.400000,0.800000,6,yaw-15_pitch+15,-0.07945931,0.78656609,-0.10355339,0.60355339,0,-31,ik_failed,50.8,,,
left,left_arm,left_tool0,world,-1.100000,0.400000,0.800000,7,yaw0_pitch+15,0.00000000,0.79335334,0.00000000,0.60876143,0,-31,ik_failed,50.8,,,
left,left_arm,left_tool0,world,-1.100000,0.400000,0.800000,8,yaw+15_pitch+15,0.07945931,0.78656609,0.10355339,0.60355339,0,-31,ik_failed,50.7,,,
left,left_arm,left_tool0,world,-1.100000,0.400000,0.800000,-1,SUMMARY,,,,,,,,,0,9,0
left,left_arm,left_tool0,world,-1.100000,0.400000,0.900000,0,yaw-15_pitch-15,-0.10355339,0.60355339,-0.07945931,0.78656609,0,-31,ik_failed,50.8,,,
left,left_arm,left_tool0,world,-1.100000,0.400000,0.900000,1,yaw0_pitch-15,0.00000000,0.60876143,0.00000000,0.79335334,0,-31,ik_failed,50.6,,,
left,left_arm,left_tool0,world,-1.100000,0.400000,0.900000,2,yaw+15_pitch-15,0.10355339,0.60355339,0.07945931,0.78656609,0,-31,ik_failed,50.6,,,
left,left_arm,left_tool0,world,-1.100000,0.400000,0.900000,3,yaw-15_pitch0,-0.09229596,0.70105738,-0.09229596,0.70105738,0,-31,ik_failed,50.8,,,
left,left_arm,left_tool0,world,-1.100000,0.400000,0.900000,4,center,0.00000000,0.70710678,0.00000000,0.70710678,0,-31,ik_failed,50.7,,,
left,left_arm,left_tool0,world,-1.100000,0.400000,0.900000,5,yaw+15_pitch0,0.09229596,0.70105738,0.09229596,0.70105738,0,-31,ik_failed,50.6,,,
left,left_arm,left_tool0,world,-1.100000,0.400000,0.900000,6,yaw-15_pitch+15,-0.07945931,0.78656609,-0.10355339,0.60355339,0,-31,ik_failed,50.6,,,
left,left_arm,left_tool0,world,-1.100000,0.400000,0.900000,7,yaw0_pitch+15,0.00000000,0.79335334,0.00000000,0.60876143,0,-31,ik_failed,50.6,,,
left,left_arm,left_tool0,world,-1.100000,0.400000,0.900000,8,yaw+15_pitch+15,0.07945931,0.78656609,0.10355339,0.60355339,0,-31,ik_failed,50.6,,,
left,left_arm,left_tool0,world,-1.100000,0.400000,0.900000,-1,SUMMARY,,,,,,,,,0,9,0
left,left_arm,left_tool0,world,-1.100000,0.400000,1.000000,0,yaw-15_pitch-15,-0.10355339,0.60355339,-0.07945931,0.78656609,0,-31,ik_failed,50.5,,,
left,left_arm,left_tool0,world,-1.100000,0.400000,1.000000,1,yaw0_pitch-15,0.00000000,0.60876143,0.00000000,0.79335334,0,-31,ik_failed,50.7,,,
left,left_arm,left_tool0,world,-1.100000,0.400000,1.000000,2,yaw+15_pitch-15,0.10355339,0.60355339,0.07945931,0.78656609,0,-31,ik_failed,50.7,,,
left,left_arm,left_tool0,world,-1.100000,0.400000,1.000000,3,yaw-15_pitch0,-0.09229596,0.70105738,-0.09229596,0.70105738,0,-31,ik_failed,50.7,,,
left,left_arm,left_tool0,world,-1.100000,0.400000,1.000000,4,center,0.00000000,0.70710678,0.00000000,0.70710678,0,-31,ik_failed,50.6,,,
left,left_arm,left_tool0,world,-1.100000,0.400000,1.000000,5,yaw+15_pitch0,0.09229596,0.70105738,0.09229596,0.70105738,0,-31,ik_failed,51.8,,,
left,left_arm,left_tool0,world,-1.100000,0.400000,1.000000,6,yaw-15_pitch+15,-0.07945931,0.78656609,-0.10355339,0.60355339,0,-31,ik_failed,50.6,,,
left,left_arm,left_tool0,world,-1.100000,0.400000,1.000000,7,yaw0_pitch+15,0.00000000,0.79335334,0.00000000,0.60876143,0,-31,ik_failed,50.7,,,
left,left_arm,left_tool0,world,-1.100000,0.400000,1.000000,8,yaw+15_pitch+15,0.07945931,0.78656609,0.10355339,0.60355339,0,-31,ik_failed,50.9,,,
left,left_arm,left_tool0,world,-1.100000,0.400000,1.000000,-1,SUMMARY,,,,,,,,,0,9,0
left,left_arm,left_tool0,world,-1.100000,0.400000,1.100000,0,yaw-15_pitch-15,-0.10355339,0.60355339,-0.07945931,0.78656609,0,-31,ik_failed,50.5,,,
left,left_arm,left_tool0,world,-1.100000,0.400000,1.100000,1,yaw0_pitch-15,0.00000000,0.60876143,0.00000000,0.79335334,0,-31,ik_failed,50.6,,,
left,left_arm,left_tool0,world,-1.100000,0.400000,1.100000,2,yaw+15_pitch-15,0.10355339,0.60355339,0.07945931,0.78656609,0,-31,ik_failed,50.6,,,
left,left_arm,left_tool0,world,-1.100000,0.400000,1.100000,3,yaw-15_pitch0,-0.09229596,0.70105738,-0.09229596,0.70105738,0,-31,ik_failed,50.5,,,
left,left_arm,left_tool0,world,-1.100000,0.400000,1.100000,4,center,0.00000000,0.70710678,0.00000000,0.70710678,0,-31,ik_failed,50.8,,,
left,left_arm,left_tool0,world,-1.100000,0.400000,1.100000,5,yaw+15_pitch0,0.09229596,0.70105738,0.09229596,0.70105738,0,-31,ik_failed,50.6,,,
left,left_arm,left_tool0,world,-1.100000,0.400000,1.100000,6,yaw-15_pitch+15,-0.07945931,0.78656609,-0.10355339,0.60355339,0,-31,ik_failed,50.6,,,
left,left_arm,left_tool0,world,-1.100000,0.400000,1.100000,7,yaw0_pitch+15,0.00000000,0.79335334,0.00000000,0.60876143,0,-31,ik_failed,50.8,,,
left,left_arm,left_tool0,world,-1.100000,0.400000,1.100000,8,yaw+15_pitch+15,0.07945931,0.78656609,0.10355339,0.60355339,0,-31,ik_failed,50.6,,,
left,left_arm,left_tool0,world,-1.100000,0.400000,1.100000,-1,SUMMARY,,,,,,,,,0,9,0
left,left_arm,left_tool0,world,-1.100000,0.400000,1.200000,0,yaw-15_pitch-15,-0.10355339,0.60355339,-0.07945931,0.78656609,0,-31,ik_failed,50.5,,,
left,left_arm,left_tool0,world,-1.100000,0.400000,1.200000,1,yaw0_pitch-15,0.00000000,0.60876143,0.00000000,0.79335334,0,-31,ik_failed,50.7,,,
left,left_arm,left_tool0,world,-1.100000,0.400000,1.200000,2,yaw+15_pitch-15,0.10355339,0.60355339,0.07945931,0.78656609,0,-31,ik_failed,50.6,,,
left,left_arm,left_tool0,world,-1.100000,0.400000,1.200000,3,yaw-15_pitch0,-0.09229596,0.70105738,-0.09229596,0.70105738,0,-31,ik_failed,50.6,,,
left,left_arm,left_tool0,world,-1.100000,0.400000,1.200000,4,center,0.00000000,0.70710678,0.00000000,0.70710678,0,-31,ik_failed,50.7,,,
left,left_arm,left_tool0,world,-1.100000,0.400000,1.200000,5,yaw+15_pitch0,0.09229596,0.70105738,0.09229596,0.70105738,0,-31,ik_failed,51.2,,,
left,left_arm,left_tool0,world,-1.100000,0.400000,1.200000,6,yaw-15_pitch+15,-0.07945931,0.78656609,-0.10355339,0.60355339,0,-31,ik_failed,50.8,,,
left,left_arm,left_tool0,world,-1.100000,0.400000,1.200000,7,yaw0_pitch+15,0.00000000,0.79335334,0.00000000,0.60876143,0,-31,ik_failed,50.6,,,
left,left_arm,left_tool0,world,-1.100000,0.400000,1.200000,8,yaw+15_pitch+15,0.07945931,0.78656609,0.10355339,0.60355339,0,-31,ik_failed,50.7,,,
left,left_arm,left_tool0,world,-1.100000,0.400000,1.200000,-1,SUMMARY,,,,,,,,,0,9,0
left,left_arm,left_tool0,world,-1.100000,0.400000,1.300000,0,yaw-15_pitch-15,-0.10355339,0.60355339,-0.07945931,0.78656609,0,-31,ik_failed,50.5,,,
left,left_arm,left_tool0,world,-1.100000,0.400000,1.300000,1,yaw0_pitch-15,0.00000000,0.60876143,0.00000000,0.79335334,0,-31,ik_failed,50.5,,,
left,left_arm,left_tool0,world,-1.100000,0.400000,1.300000,2,yaw+15_pitch-15,0.10355339,0.60355339,0.07945931,0.78656609,0,-31,ik_failed,50.5,,,
left,left_arm,left_tool0,world,-1.100000,0.400000,1.300000,3,yaw-15_pitch0,-0.09229596,0.70105738,-0.09229596,0.70105738,0,-31,ik_failed,50.5,,,
left,left_arm,left_tool0,world,-1.100000,0.400000,1.300000,4,center,0.00000000,0.70710678,0.00000000,0.70710678,0,-31,ik_failed,50.6,,,
left,left_arm,left_tool0,world,-1.100000,0.400000,1.300000,5,yaw+15_pitch0,0.09229596,0.70105738,0.09229596,0.70105738,0,-31,ik_failed,50.5,,,
left,left_arm,left_tool0,world,-1.100000,0.400000,1.300000,6,yaw-15_pitch+15,-0.07945931,0.78656609,-0.10355339,0.60355339,0,-31,ik_failed,50.5,,,
left,left_arm,left_tool0,world,-1.100000,0.400000,1.300000,7,yaw0_pitch+15,0.00000000,0.79335334,0.00000000,0.60876143,0,-31,ik_failed,50.6,,,
left,left_arm,left_tool0,world,-1.100000,0.400000,1.300000,8,yaw+15_pitch+15,0.07945931,0.78656609,0.10355339,0.60355339,0,-31,ik_failed,50.8,,,
left,left_arm,left_tool0,world,-1.100000,0.400000,1.300000,-1,SUMMARY,,,,,,,,,0,9,0
left,left_arm,left_tool0,world,-1.100000,0.400000,1.400000,0,yaw-15_pitch-15,-0.10355339,0.60355339,-0.07945931,0.78656609,0,-31,ik_failed,50.5,,,
left,left_arm,left_tool0,world,-1.100000,0.400000,1.400000,1,yaw0_pitch-15,0.00000000,0.60876143,0.00000000,0.79335334,0,-31,ik_failed,50.7,,,
left,left_arm,left_tool0,world,-1.100000,0.400000,1.400000,2,yaw+15_pitch-15,0.10355339,0.60355339,0.07945931,0.78656609,0,-31,ik_failed,50.5,,,
left,left_arm,left_tool0,world,-1.100000,0.400000,1.400000,3,yaw-15_pitch0,-0.09229596,0.70105738,-0.09229596,0.70105738,0,-31,ik_failed,50.6,,,
left,left_arm,left_tool0,world,-1.100000,0.400000,1.400000,4,center,0.00000000,0.70710678,0.00000000,0.70710678,0,-31,ik_failed,50.6,,,
left,left_arm,left_tool0,world,-1.100000,0.400000,1.400000,5,yaw+15_pitch0,0.09229596,0.70105738,0.09229596,0.70105738,0,-31,ik_failed,50.6,,,
left,left_arm,left_tool0,world,-1.100000,0.400000,1.400000,6,yaw-15_pitch+15,-0.07945931,0.78656609,-0.10355339,0.60355339,0,-31,ik_failed,50.8,,,
left,left_arm,left_tool0,world,-1.100000,0.400000,1.400000,7,yaw0_pitch+15,0.00000000,0.79335334,0.00000000,0.60876143,0,-31,ik_failed,50.6,,,
left,left_arm,left_tool0,world,-1.100000,0.400000,1.400000,8,yaw+15_pitch+15,0.07945931,0.78656609,0.10355339,0.60355339,0,-31,ik_failed,50.7,,,
left,left_arm,left_tool0,world,-1.100000,0.400000,1.400000,-1,SUMMARY,,,,,,,,,0,9,0
left,left_arm,left_tool0,world,-1.100000,0.400000,1.500000,0,yaw-15_pitch-15,-0.10355339,0.60355339,-0.07945931,0.78656609,0,-31,ik_failed,50.6,,,
left,left_arm,left_tool0,world,-1.100000,0.400000,1.500000,1,yaw0_pitch-15,0.00000000,0.60876143,0.00000000,0.79335334,0,-31,ik_failed,50.6,,,
left,left_arm,left_tool0,world,-1.100000,0.400000,1.500000,2,yaw+15_pitch-15,0.10355339,0.60355339,0.07945931,0.78656609,0,-31,ik_failed,50.6,,,
left,left_arm,left_tool0,world,-1.100000,0.400000,1.500000,3,yaw-15_pitch0,-0.09229596,0.70105738,-0.09229596,0.70105738,0,-31,ik_failed,50.7,,,
left,left_arm,left_tool0,world,-1.100000,0.400000,1.500000,4,center,0.00000000,0.70710678,0.00000000,0.70710678,0,-31,ik_failed,50.6,,,
left,left_arm,left_tool0,world,-1.100000,0.400000,1.500000,5,yaw+15_pitch0,0.09229596,0.70105738,0.09229596,0.70105738,0,-31,ik_failed,50.6,,,
left,left_arm,left_tool0,world,-1.100000,0.400000,1.500000,6,yaw-15_pitch+15,-0.07945931,0.78656609,-0.10355339,0.60355339,0,-31,ik_failed,50.8,,,
left,left_arm,left_tool0,world,-1.100000,0.400000,1.500000,7,yaw0_pitch+15,0.00000000,0.79335334,0.00000000,0.60876143,0,-31,ik_failed,50.7,,,
left,left_arm,left_tool0,world,-1.100000,0.400000,1.500000,8,yaw+15_pitch+15,0.07945931,0.78656609,0.10355339,0.60355339,0,-31,ik_failed,50.6,,,
left,left_arm,left_tool0,world,-1.100000,0.400000,1.500000,-1,SUMMARY,,,,,,,,,0,9,0
left,left_arm,left_tool0,world,-1.100000,0.400000,1.600000,0,yaw-15_pitch-15,-0.10355339,0.60355339,-0.07945931,0.78656609,0,-31,ik_failed,50.6,,,
left,left_arm,left_tool0,world,-1.100000,0.400000,1.600000,1,yaw0_pitch-15,0.00000000,0.60876143,0.00000000,0.79335334,0,-31,ik_failed,50.8,,,
left,left_arm,left_tool0,world,-1.100000,0.400000,1.600000,2,yaw+15_pitch-15,0.10355339,0.60355339,0.07945931,0.78656609,0,-31,ik_failed,50.6,,,
left,left_arm,left_tool0,world,-1.100000,0.400000,1.600000,3,yaw-15_pitch0,-0.09229596,0.70105738,-0.09229596,0.70105738,0,-31,ik_failed,50.5,,,
left,left_arm,left_tool0,world,-1.100000,0.400000,1.600000,4,center,0.00000000,0.70710678,0.00000000,0.70710678,0,-31,ik_failed,50.7,,,
left,left_arm,left_tool0,world,-1.100000,0.400000,1.600000,5,yaw+15_pitch0,0.09229596,0.70105738,0.09229596,0.70105738,0,-31,ik_failed,50.6,,,
left,left_arm,left_tool0,world,-1.100000,0.400000,1.600000,6,yaw-15_pitch+15,-0.07945931,0.78656609,-0.10355339,0.60355339,0,-31,ik_failed,50.6,,,
left,left_arm,left_tool0,world,-1.100000,0.400000,1.600000,7,yaw0_pitch+15,0.00000000,0.79335334,0.00000000,0.60876143,0,-31,ik_failed,50.8,,,
left,left_arm,left_tool0,world,-1.100000,0.400000,1.600000,8,yaw+15_pitch+15,0.07945931,0.78656609,0.10355339,0.60355339,0,-31,ik_failed,50.6,,,
left,left_arm,left_tool0,world,-1.100000,0.400000,1.600000,-1,SUMMARY,,,,,,,,,0,9,0
left,left_arm,left_tool0,world,-1.100000,0.400000,1.700000,0,yaw-15_pitch-15,-0.10355339,0.60355339,-0.07945931,0.78656609,0,-31,ik_failed,50.6,,,
left,left_arm,left_tool0,world,-1.100000,0.400000,1.700000,1,yaw0_pitch-15,0.00000000,0.60876143,0.00000000,0.79335334,0,-31,ik_failed,51.2,,,
left,left_arm,left_tool0,world,-1.100000,0.400000,1.700000,2,yaw+15_pitch-15,0.10355339,0.60355339,0.07945931,0.78656609,0,-31,ik_failed,50.6,,,
left,left_arm,left_tool0,world,-1.100000,0.400000,1.700000,3,yaw-15_pitch0,-0.09229596,0.70105738,-0.09229596,0.70105738,0,-31,ik_failed,50.6,,,
left,left_arm,left_tool0,world,-1.100000,0.400000,1.700000,4,center,0.00000000,0.70710678,0.00000000,0.70710678,0,-31,ik_failed,50.8,,,
left,left_arm,left_tool0,world,-1.100000,0.400000,1.700000,5,yaw+15_pitch0,0.09229596,0.70105738,0.09229596,0.70105738,0,-31,ik_failed,50.5,,,
left,left_arm,left_tool0,world,-1.100000,0.400000,1.700000,6,yaw-15_pitch+15,-0.07945931,0.78656609,-0.10355339,0.60355339,0,-31,ik_failed,50.5,,,
left,left_arm,left_tool0,world,-1.100000,0.400000,1.700000,7,yaw0_pitch+15,0.00000000,0.79335334,0.00000000,0.60876143,0,-31,ik_failed,50.6,,,
left,left_arm,left_tool0,world,-1.100000,0.400000,1.700000,8,yaw+15_pitch+15,0.07945931,0.78656609,0.10355339,0.60355339,0,-31,ik_failed,50.5,,,
left,left_arm,left_tool0,world,-1.100000,0.400000,1.700000,-1,SUMMARY,,,,,,,,,0,9,0
left,left_arm,left_tool0,world,-1.100000,0.400000,1.800000,0,yaw-15_pitch-15,-0.10355339,0.60355339,-0.07945931,0.78656609,0,-31,ik_failed,50.4,,,
left,left_arm,left_tool0,world,-1.100000,0.400000,1.800000,1,yaw0_pitch-15,0.00000000,0.60876143,0.00000000,0.79335334,0,-31,ik_failed,50.5,,,
left,left_arm,left_tool0,world,-1.100000,0.400000,1.800000,2,yaw+15_pitch-15,0.10355339,0.60355339,0.07945931,0.78656609,0,-31,ik_failed,50.6,,,
left,left_arm,left_tool0,world,-1.100000,0.400000,1.800000,3,yaw-15_pitch0,-0.09229596,0.70105738,-0.09229596,0.70105738,0,-31,ik_failed,50.7,,,
left,left_arm,left_tool0,world,-1.100000,0.400000,1.800000,4,center,0.00000000,0.70710678,0.00000000,0.70710678,0,-31,ik_failed,50.7,,,
left,left_arm,left_tool0,world,-1.100000,0.400000,1.800000,5,yaw+15_pitch0,0.09229596,0.70105738,0.09229596,0.70105738,0,-31,ik_failed,50.8,,,
left,left_arm,left_tool0,world,-1.100000,0.400000,1.800000,6,yaw-15_pitch+15,-0.07945931,0.78656609,-0.10355339,0.60355339,0,-31,ik_failed,50.7,,,
left,left_arm,left_tool0,world,-1.100000,0.400000,1.800000,7,yaw0_pitch+15,0.00000000,0.79335334,0.00000000,0.60876143,0,-31,ik_failed,50.7,,,
left,left_arm,left_tool0,world,-1.100000,0.400000,1.800000,8,yaw+15_pitch+15,0.07945931,0.78656609,0.10355339,0.60355339,0,-31,ik_failed,50.7,,,
left,left_arm,left_tool0,world,-1.100000,0.400000,1.800000,-1,SUMMARY,,,,,,,,,0,9,0
left,left_arm,left_tool0,world,-1.100000,0.400000,1.900000,0,yaw-15_pitch-15,-0.10355339,0.60355339,-0.07945931,0.78656609,0,-31,ik_failed,50.8,,,
left,left_arm,left_tool0,world,-1.100000,0.400000,1.900000,1,yaw0_pitch-15,0.00000000,0.60876143,0.00000000,0.79335334,0,-31,ik_failed,50.8,,,
left,left_arm,left_tool0,world,-1.100000,0.400000,1.900000,2,yaw+15_pitch-15,0.10355339,0.60355339,0.07945931,0.78656609,0,-31,ik_failed,50.6,,,
left,left_arm,left_tool0,world,-1.100000,0.400000,1.900000,3,yaw-15_pitch0,-0.09229596,0.70105738,-0.09229596,0.70105738,0,-31,ik_failed,50.7,,,
left,left_arm,left_tool0,world,-1.100000,0.400000,1.900000,4,center,0.00000000,0.70710678,0.00000000,0.70710678,0,-31,ik_failed,50.7,,,
left,left_arm,left_tool0,world,-1.100000,0.400000,1.900000,5,yaw+15_pitch0,0.09229596,0.70105738,0.09229596,0.70105738,0,-31,ik_failed,50.7,,,
left,left_arm,left_tool0,world,-1.100000,0.400000,1.900000,6,yaw-15_pitch+15,-0.07945931,0.78656609,-0.10355339,0.60355339,0,-31,ik_failed,50.8,,,
left,left_arm,left_tool0,world,-1.100000,0.400000,1.900000,7,yaw0_pitch+15,0.00000000,0.79335334,0.00000000,0.60876143,0,-31,ik_failed,50.9,,,
left,left_arm,left_tool0,world,-1.100000,0.400000,1.900000,8,yaw+15_pitch+15,0.07945931,0.78656609,0.10355339,0.60355339,0,-31,ik_failed,50.8,,,
left,left_arm,left_tool0,world,-1.100000,0.400000,1.900000,-1,SUMMARY,,,,,,,,,0,9,0
left,left_arm,left_tool0,world,-1.100000,0.400000,2.000000,0,yaw-15_pitch-15,-0.10355339,0.60355339,-0.07945931,0.78656609,0,-31,ik_failed,50.7,,,
left,left_arm,left_tool0,world,-1.100000,0.400000,2.000000,1,yaw0_pitch-15,0.00000000,0.60876143,0.00000000,0.79335334,0,-31,ik_failed,50.6,,,
left,left_arm,left_tool0,world,-1.100000,0.400000,2.000000,2,yaw+15_pitch-15,0.10355339,0.60355339,0.07945931,0.78656609,0,-31,ik_failed,50.7,,,
left,left_arm,left_tool0,world,-1.100000,0.400000,2.000000,3,yaw-15_pitch0,-0.09229596,0.70105738,-0.09229596,0.70105738,0,-31,ik_failed,50.5,,,
left,left_arm,left_tool0,world,-1.100000,0.400000,2.000000,4,center,0.00000000,0.70710678,0.00000000,0.70710678,0,-31,ik_failed,50.8,,,
left,left_arm,left_tool0,world,-1.100000,0.400000,2.000000,5,yaw+15_pitch0,0.09229596,0.70105738,0.09229596,0.70105738,0,-31,ik_failed,50.6,,,
left,left_arm,left_tool0,world,-1.100000,0.400000,2.000000,6,yaw-15_pitch+15,-0.07945931,0.78656609,-0.10355339,0.60355339,0,-31,ik_failed,50.6,,,
left,left_arm,left_tool0,world,-1.100000,0.400000,2.000000,7,yaw0_pitch+15,0.00000000,0.79335334,0.00000000,0.60876143,0,-31,ik_failed,50.7,,,
left,left_arm,left_tool0,world,-1.100000,0.400000,2.000000,8,yaw+15_pitch+15,0.07945931,0.78656609,0.10355339,0.60355339,0,-31,ik_failed,50.6,,,
left,left_arm,left_tool0,world,-1.100000,0.400000,2.000000,-1,SUMMARY,,,,,,,,,0,9,0
left,left_arm,left_tool0,world,-1.100000,0.500000,0.000000,0,yaw-15_pitch-15,-0.10355339,0.60355339,-0.07945931,0.78656609,0,-31,ik_failed,50.8,,,
left,left_arm,left_tool0,world,-1.100000,0.500000,0.000000,1,yaw0_pitch-15,0.00000000,0.60876143,0.00000000,0.79335334,0,-31,ik_failed,50.6,,,
left,left_arm,left_tool0,world,-1.100000,0.500000,0.000000,2,yaw+15_pitch-15,0.10355339,0.60355339,0.07945931,0.78656609,0,-31,ik_failed,50.7,,,
left,left_arm,left_tool0,world,-1.100000,0.500000,0.000000,3,yaw-15_pitch0,-0.09229596,0.70105738,-0.09229596,0.70105738,0,-31,ik_failed,50.6,,,
left,left_arm,left_tool0,world,-1.100000,0.500000,0.000000,4,center,0.00000000,0.70710678,0.00000000,0.70710678,0,-31,ik_failed,50.7,,,
left,left_arm,left_tool0,world,-1.100000,0.500000,0.000000,5,yaw+15_pitch0,0.09229596,0.70105738,0.09229596,0.70105738,0,-31,ik_failed,50.6,,,
left,left_arm,left_tool0,world,-1.100000,0.500000,0.000000,6,yaw-15_pitch+15,-0.07945931,0.78656609,-0.10355339,0.60355339,0,-31,ik_failed,50.5,,,
left,left_arm,left_tool0,world,-1.100000,0.500000,0.000000,7,yaw0_pitch+15,0.00000000,0.79335334,0.00000000,0.60876143,0,-31,ik_failed,50.8,,,
left,left_arm,left_tool0,world,-1.100000,0.500000,0.000000,8,yaw+15_pitch+15,0.07945931,0.78656609,0.10355339,0.60355339,0,-31,ik_failed,50.5,,,
left,left_arm,left_tool0,world,-1.100000,0.500000,0.000000,-1,SUMMARY,,,,,,,,,0,9,0
left,left_arm,left_tool0,world,-1.100000,0.500000,0.100000,0,yaw-15_pitch-15,-0.10355339,0.60355339,-0.07945931,0.78656609,0,-31,ik_failed,50.7,,,
left,left_arm,left_tool0,world,-1.100000,0.500000,0.100000,1,yaw0_pitch-15,0.00000000,0.60876143,0.00000000,0.79335334,0,-31,ik_failed,50.5,,,
left,left_arm,left_tool0,world,-1.100000,0.500000,0.100000,2,yaw+15_pitch-15,0.10355339,0.60355339,0.07945931,0.78656609,0,-31,ik_failed,50.9,,,
left,left_arm,left_tool0,world,-1.100000,0.500000,0.100000,3,yaw-15_pitch0,-0.09229596,0.70105738,-0.09229596,0.70105738,0,-31,ik_failed,50.7,,,
left,left_arm,left_tool0,world,-1.100000,0.500000,0.100000,4,center,0.00000000,0.70710678,0.00000000,0.70710678,0,-31,ik_failed,50.7,,,
left,left_arm,left_tool0,world,-1.100000,0.500000,0.100000,5,yaw+15_pitch0,0.09229596,0.70105738,0.09229596,0.70105738,0,-31,ik_failed,50.9,,,
left,left_arm,left_tool0,world,-1.100000,0.500000,0.100000,6,yaw-15_pitch+15,-0.07945931,0.78656609,-0.10355339,0.60355339,0,-31,ik_failed,50.9,,,
left,left_arm,left_tool0,world,-1.100000,0.500000,0.100000,7,yaw0_pitch+15,0.00000000,0.79335334,0.00000000,0.60876143,0,-31,ik_failed,50.9,,,
left,left_arm,left_tool0,world,-1.100000,0.500000,0.100000,8,yaw+15_pitch+15,0.07945931,0.78656609,0.10355339,0.60355339,0,-31,ik_failed,50.9,,,
left,left_arm,left_tool0,world,-1.100000,0.500000,0.100000,-1,SUMMARY,,,,,,,,,0,9,0
left,left_arm,left_tool0,world,-1.100000,0.500000,0.200000,0,yaw-15_pitch-15,-0.10355339,0.60355339,-0.07945931,0.78656609,0,-31,ik_failed,50.7,,,
left,left_arm,left_tool0,world,-1.100000,0.500000,0.200000,1,yaw0_pitch-15,0.00000000,0.60876143,0.00000000,0.79335334,0,-31,ik_failed,50.8,,,
left,left_arm,left_tool0,world,-1.100000,0.500000,0.200000,2,yaw+15_pitch-15,0.10355339,0.60355339,0.07945931,0.78656609,0,-31,ik_failed,50.8,,,
left,left_arm,left_tool0,world,-1.100000,0.500000,0.200000,3,yaw-15_pitch0,-0.09229596,0.70105738,-0.09229596,0.70105738,0,-31,ik_failed,50.8,,,
left,left_arm,left_tool0,world,-1.100000,0.500000,0.200000,4,center,0.00000000,0.70710678,0.00000000,0.70710678,0,-31,ik_failed,50.8,,,
left,left_arm,left_tool0,world,-1.100000,0.500000,0.200000,5,yaw+15_pitch0,0.09229596,0.70105738,0.09229596,0.70105738,0,-31,ik_failed,50.9,,,
left,left_arm,left_tool0,world,-1.100000,0.500000,0.200000,6,yaw-15_pitch+15,-0.07945931,0.78656609,-0.10355339,0.60355339,0,-31,ik_failed,50.8,,,
left,left_arm,left_tool0,world,-1.100000,0.500000,0.200000,7,yaw0_pitch+15,0.00000000,0.79335334,0.00000000,0.60876143,0,-31,ik_failed,50.7,,,
left,left_arm,left_tool0,world,-1.100000,0.500000,0.200000,8,yaw+15_pitch+15,0.07945931,0.78656609,0.10355339,0.60355339,0,-31,ik_failed,50.6,,,
left,left_arm,left_tool0,world,-1.100000,0.500000,0.200000,-1,SUMMARY,,,,,,,,,0,9,0
left,left_arm,left_tool0,world,-1.100000,0.500000,0.300000,0,yaw-15_pitch-15,-0.10355339,0.60355339,-0.07945931,0.78656609,0,-31,ik_failed,50.7,,,
left,left_arm,left_tool0,world,-1.100000,0.500000,0.300000,1,yaw0_pitch-15,0.00000000,0.60876143,0.00000000,0.79335334,0,-31,ik_failed,50.9,,,
left,left_arm,left_tool0,world,-1.100000,0.500000,0.300000,2,yaw+15_pitch-15,0.10355339,0.60355339,0.07945931,0.78656609,0,-31,ik_failed,50.9,,,
left,left_arm,left_tool0,world,-1.100000,0.500000,0.300000,3,yaw-15_pitch0,-0.09229596,0.70105738,-0.09229596,0.70105738,0,-31,ik_failed,50.7,,,
left,left_arm,left_tool0,world,-1.100000,0.500000,0.300000,4,center,0.00000000,0.70710678,0.00000000,0.70710678,0,-31,ik_failed,50.7,,,
left,left_arm,left_tool0,world,-1.100000,0.500000,0.300000,5,yaw+15_pitch0,0.09229596,0.70105738,0.09229596,0.70105738,0,-31,ik_failed,50.6,,,
left,left_arm,left_tool0,world,-1.100000,0.500000,0.300000,6,yaw-15_pitch+15,-0.07945931,0.78656609,-0.10355339,0.60355339,0,-31,ik_failed,50.6,,,
left,left_arm,left_tool0,world,-1.100000,0.500000,0.300000,7,yaw0_pitch+15,0.00000000,0.79335334,0.00000000,0.60876143,0,-31,ik_failed,50.5,,,
left,left_arm,left_tool0,world,-1.100000,0.500000,0.300000,8,yaw+15_pitch+15,0.07945931,0.78656609,0.10355339,0.60355339,0,-31,ik_failed,50.6,,,
left,left_arm,left_tool0,world,-1.100000,0.500000,0.300000,-1,SUMMARY,,,,,,,,,0,9,0
left,left_arm,left_tool0,world,-1.100000,0.500000,0.400000,0,yaw-15_pitch-15,-0.10355339,0.60355339,-0.07945931,0.78656609,0,-31,ik_failed,50.6,,,
left,left_arm,left_tool0,world,-1.100000,0.500000,0.400000,1,yaw0_pitch-15,0.00000000,0.60876143,0.00000000,0.79335334,0,-31,ik_failed,50.7,,,
left,left_arm,left_tool0,world,-1.100000,0.500000,0.400000,2,yaw+15_pitch-15,0.10355339,0.60355339,0.07945931,0.78656609,0,-31,ik_failed,50.6,,,
left,left_arm,left_tool0,world,-1.100000,0.500000,0.400000,3,yaw-15_pitch0,-0.09229596,0.70105738,-0.09229596,0.70105738,0,-31,ik_failed,50.6,,,
left,left_arm,left_tool0,world,-1.100000,0.500000,0.400000,4,center,0.00000000,0.70710678,0.00000000,0.70710678,0,-31,ik_failed,50.5,,,
left,left_arm,left_tool0,world,-1.100000,0.500000,0.400000,5,yaw+15_pitch0,0.09229596,0.70105738,0.09229596,0.70105738,0,-31,ik_failed,50.5,,,
left,left_arm,left_tool0,world,-1.100000,0.500000,0.400000,6,yaw-15_pitch+15,-0.07945931,0.78656609,-0.10355339,0.60355339,0,-31,ik_failed,50.5,,,
left,left_arm,left_tool0,world,-1.100000,0.500000,0.400000,7,yaw0_pitch+15,0.00000000,0.79335334,0.00000000,0.60876143,0,-31,ik_failed,50.6,,,
left,left_arm,left_tool0,world,-1.100000,0.500000,0.400000,8,yaw+15_pitch+15,0.07945931,0.78656609,0.10355339,0.60355339,0,-31,ik_failed,50.6,,,
left,left_arm,left_tool0,world,-1.100000,0.500000,0.400000,-1,SUMMARY,,,,,,,,,0,9,0
left,left_arm,left_tool0,world,-1.100000,0.500000,0.500000,0,yaw-15_pitch-15,-0.10355339,0.60355339,-0.07945931,0.78656609,0,-31,ik_failed,50.5,,,
left,left_arm,left_tool0,world,-1.100000,0.500000,0.500000,1,yaw0_pitch-15,0.00000000,0.60876143,0.00000000,0.79335334,0,-31,ik_failed,50.5,,,
left,left_arm,left_tool0,world,-1.100000,0.500000,0.500000,2,yaw+15_pitch-15,0.10355339,0.60355339,0.07945931,0.78656609,0,-31,ik_failed,50.6,,,
left,left_arm,left_tool0,world,-1.100000,0.500000,0.500000,3,yaw-15_pitch0,-0.09229596,0.70105738,-0.09229596,0.70105738,0,-31,ik_failed,50.6,,,
left,left_arm,left_tool0,world,-1.100000,0.500000,0.500000,4,center,0.00000000,0.70710678,0.00000000,0.70710678,0,-31,ik_failed,50.6,,,
left,left_arm,left_tool0,world,-1.100000,0.500000,0.500000,5,yaw+15_pitch0,0.09229596,0.70105738,0.09229596,0.70105738,0,-31,ik_failed,50.6,,,
left,left_arm,left_tool0,world,-1.100000,0.500000,0.500000,6,yaw-15_pitch+15,-0.07945931,0.78656609,-0.10355339,0.60355339,0,-31,ik_failed,50.6,,,
left,left_arm,left_tool0,world,-1.100000,0.500000,0.500000,7,yaw0_pitch+15,0.00000000,0.79335334,0.00000000,0.60876143,0,-31,ik_failed,50.6,,,
left,left_arm,left_tool0,world,-1.100000,0.500000,0.500000,8,yaw+15_pitch+15,0.07945931,0.78656609,0.10355339,0.60355339,0,-31,ik_failed,50.5,,,
left,left_arm,left_tool0,world,-1.100000,0.500000,0.500000,-1,SUMMARY,,,,,,,,,0,9,0
left,left_arm,left_tool0,world,-1.100000,0.500000,0.600000,0,yaw-15_pitch-15,-0.10355339,0.60355339,-0.07945931,0.78656609,0,-31,ik_failed,50.8,,,
left,left_arm,left_tool0,world,-1.100000,0.500000,0.600000,1,yaw0_pitch-15,0.00000000,0.60876143,0.00000000,0.79335334,0,-31,ik_failed,50.6,,,
left,left_arm,left_tool0,world,-1.100000,0.500000,0.600000,2,yaw+15_pitch-15,0.10355339,0.60355339,0.07945931,0.78656609,0,-31,ik_failed,50.8,,,
left,left_arm,left_tool0,world,-1.100000,0.500000,0.600000,3,yaw-15_pitch0,-0.09229596,0.70105738,-0.09229596,0.70105738,0,-31,ik_failed,50.5,,,
left,left_arm,left_tool0,world,-1.100000,0.500000,0.600000,4,center,0.00000000,0.70710678,0.00000000,0.70710678,0,-31,ik_failed,50.5,,,
left,left_arm,left_tool0,world,-1.100000,0.500000,0.600000,5,yaw+15_pitch0,0.09229596,0.70105738,0.09229596,0.70105738,0,-31,ik_failed,50.7,,,
left,left_arm,left_tool0,world,-1.100000,0.500000,0.600000,6,yaw-15_pitch+15,-0.07945931,0.78656609,-0.10355339,0.60355339,0,-31,ik_failed,50.7,,,
left,left_arm,left_tool0,world,-1.100000,0.500000,0.600000,7,yaw0_pitch+15,0.00000000,0.79335334,0.00000000,0.60876143,0,-31,ik_failed,51.0,,,
left,left_arm,left_tool0,world,-1.100000,0.500000,0.600000,8,yaw+15_pitch+15,0.07945931,0.78656609,0.10355339,0.60355339,0,-31,ik_failed,50.7,,,
left,left_arm,left_tool0,world,-1.100000,0.500000,0.600000,-1,SUMMARY,,,,,,,,,0,9,0
left,left_arm,left_tool0,world,-1.100000,0.500000,0.700000,0,yaw-15_pitch-15,-0.10355339,0.60355339,-0.07945931,0.78656609,0,-31,ik_failed,50.7,,,
left,left_arm,left_tool0,world,-1.100000,0.500000,0.700000,1,yaw0_pitch-15,0.00000000,0.60876143,0.00000000,0.79335334,0,-31,ik_failed,50.6,,,
left,left_arm,left_tool0,world,-1.100000,0.500000,0.700000,2,yaw+15_pitch-15,0.10355339,0.60355339,0.07945931,0.78656609,0,-31,ik_failed,50.5,,,
left,left_arm,left_tool0,world,-1.100000,0.500000,0.700000,3,yaw-15_pitch0,-0.09229596,0.70105738,-0.09229596,0.70105738,0,-31,ik_failed,50.6,,,
left,left_arm,left_tool0,world,-1.100000,0.500000,0.700000,4,center,0.00000000,0.70710678,0.00000000,0.70710678,0,-31,ik_failed,50.6,,,
left,left_arm,left_tool0,world,-1.100000,0.500000,0.700000,5,yaw+15_pitch0,0.09229596,0.70105738,0.09229596,0.70105738,0,-31,ik_failed,50.6,,,
left,left_arm,left_tool0,world,-1.100000,0.500000,0.700000,6,yaw-15_pitch+15,-0.07945931,0.78656609,-0.10355339,0.60355339,0,-31,ik_failed,50.5,,,
left,left_arm,left_tool0,world,-1.100000,0.500000,0.700000,7,yaw0_pitch+15,0.00000000,0.79335334,0.00000000,0.60876143,0,-31,ik_failed,50.7,,,
left,left_arm,left_tool0,world,-1.100000,0.500000,0.700000,8,yaw+15_pitch+15,0.07945931,0.78656609,0.10355339,0.60355339,0,-31,ik_failed,50.7,,,
left,left_arm,left_tool0,world,-1.100000,0.500000,0.700000,-1,SUMMARY,,,,,,,,,0,9,0
left,left_arm,left_tool0,world,-1.100000,0.500000,0.800000,0,yaw-15_pitch-15,-0.10355339,0.60355339,-0.07945931,0.78656609,0,-31,ik_failed,50.5,,,
left,left_arm,left_tool0,world,-1.100000,0.500000,0.800000,1,yaw0_pitch-15,0.00000000,0.60876143,0.00000000,0.79335334,0,-31,ik_failed,50.7,,,
left,left_arm,left_tool0,world,-1.100000,0.500000,0.800000,2,yaw+15_pitch-15,0.10355339,0.60355339,0.07945931,0.78656609,0,-31,ik_failed,50.6,,,
left,left_arm,left_tool0,world,-1.100000,0.500000,0.800000,3,yaw-15_pitch0,-0.09229596,0.70105738,-0.09229596,0.70105738,0,-31,ik_failed,50.7,,,
left,left_arm,left_tool0,world,-1.100000,0.500000,0.800000,4,center,0.00000000,0.70710678,0.00000000,0.70710678,0,-31,ik_failed,50.9,,,
left,left_arm,left_tool0,world,-1.100000,0.500000,0.800000,5,yaw+15_pitch0,0.09229596,0.70105738,0.09229596,0.70105738,0,-31,ik_failed,50.7,,,
left,left_arm,left_tool0,world,-1.100000,0.500000,0.800000,6,yaw-15_pitch+15,-0.07945931,0.78656609,-0.10355339,0.60355339,0,-31,ik_failed,50.7,,,
left,left_arm,left_tool0,world,-1.100000,0.500000,0.800000,7,yaw0_pitch+15,0.00000000,0.79335334,0.00000000,0.60876143,0,-31,ik_failed,50.9,,,
left,left_arm,left_tool0,world,-1.100000,0.500000,0.800000,8,yaw+15_pitch+15,0.07945931,0.78656609,0.10355339,0.60355339,0,-31,ik_failed,50.5,,,
left,left_arm,left_tool0,world,-1.100000,0.500000,0.800000,-1,SUMMARY,,,,,,,,,0,9,0
left,left_arm,left_tool0,world,-1.100000,0.500000,0.900000,0,yaw-15_pitch-15,-0.10355339,0.60355339,-0.07945931,0.78656609,0,-31,ik_failed,50.5,,,
left,left_arm,left_tool0,world,-1.100000,0.500000,0.900000,1,yaw0_pitch-15,0.00000000,0.60876143,0.00000000,0.79335334,0,-31,ik_failed,50.7,,,
left,left_arm,left_tool0,world,-1.100000,0.500000,0.900000,2,yaw+15_pitch-15,0.10355339,0.60355339,0.07945931,0.78656609,0,-31,ik_failed,50.5,,,
left,left_arm,left_tool0,world,-1.100000,0.500000,0.900000,3,yaw-15_pitch0,-0.09229596,0.70105738,-0.09229596,0.70105738,0,-31,ik_failed,50.6,,,
left,left_arm,left_tool0,world,-1.100000,0.500000,0.900000,4,center,0.00000000,0.70710678,0.00000000,0.70710678,0,-31,ik_failed,50.6,,,
left,left_arm,left_tool0,world,-1.100000,0.500000,0.900000,5,yaw+15_pitch0,0.09229596,0.70105738,0.09229596,0.70105738,0,-31,ik_failed,50.8,,,
left,left_arm,left_tool0,world,-1.100000,0.500000,0.900000,6,yaw-15_pitch+15,-0.07945931,0.78656609,-0.10355339,0.60355339,0,-31,ik_failed,50.7,,,
left,left_arm,left_tool0,world,-1.100000,0.500000,0.900000,7,yaw0_pitch+15,0.00000000,0.79335334,0.00000000,0.60876143,0,-31,ik_failed,51.1,,,
left,left_arm,left_tool0,world,-1.100000,0.500000,0.900000,8,yaw+15_pitch+15,0.07945931,0.78656609,0.10355339,0.60355339,0,-31,ik_failed,50.6,,,
left,left_arm,left_tool0,world,-1.100000,0.500000,0.900000,-1,SUMMARY,,,,,,,,,0,9,0
left,left_arm,left_tool0,world,-1.100000,0.500000,1.000000,0,yaw-15_pitch-15,-0.10355339,0.60355339,-0.07945931,0.78656609,0,-31,ik_failed,50.8,,,
left,left_arm,left_tool0,world,-1.100000,0.500000,1.000000,1,yaw0_pitch-15,0.00000000,0.60876143,0.00000000,0.79335334,0,-31,ik_failed,50.8,,,
left,left_arm,left_tool0,world,-1.100000,0.500000,1.000000,2,yaw+15_pitch-15,0.10355339,0.60355339,0.07945931,0.78656609,0,-31,ik_failed,50.6,,,
left,left_arm,left_tool0,world,-1.100000,0.500000,1.000000,3,yaw-15_pitch0,-0.09229596,0.70105738,-0.09229596,0.70105738,0,-31,ik_failed,50.4,,,
left,left_arm,left_tool0,world,-1.100000,0.500000,1.000000,4,center,0.00000000,0.70710678,0.00000000,0.70710678,0,-31,ik_failed,50.8,,,
left,left_arm,left_tool0,world,-1.100000,0.500000,1.000000,5,yaw+15_pitch0,0.09229596,0.70105738,0.09229596,0.70105738,0,-31,ik_failed,50.5,,,
left,left_arm,left_tool0,world,-1.100000,0.500000,1.000000,6,yaw-15_pitch+15,-0.07945931,0.78656609,-0.10355339,0.60355339,0,-31,ik_failed,50.6,,,
left,left_arm,left_tool0,world,-1.100000,0.500000,1.000000,7,yaw0_pitch+15,0.00000000,0.79335334,0.00000000,0.60876143,0,-31,ik_failed,50.6,,,
left,left_arm,left_tool0,world,-1.100000,0.500000,1.000000,8,yaw+15_pitch+15,0.07945931,0.78656609,0.10355339,0.60355339,0,-31,ik_failed,50.5,,,
left,left_arm,left_tool0,world,-1.100000,0.500000,1.000000,-1,SUMMARY,,,,,,,,,0,9,0
left,left_arm,left_tool0,world,-1.100000,0.500000,1.100000,0,yaw-15_pitch-15,-0.10355339,0.60355339,-0.07945931,0.78656609,0,-31,ik_failed,51.0,,,
left,left_arm,left_tool0,world,-1.100000,0.500000,1.100000,1,yaw0_pitch-15,0.00000000,0.60876143,0.00000000,0.79335334,0,-31,ik_failed,50.8,,,
left,left_arm,left_tool0,world,-1.100000,0.500000,1.100000,2,yaw+15_pitch-15,0.10355339,0.60355339,0.07945931,0.78656609,0,-31,ik_failed,50.7,,,
left,left_arm,left_tool0,world,-1.100000,0.500000,1.100000,3,yaw-15_pitch0,-0.09229596,0.70105738,-0.09229596,0.70105738,0,-31,ik_failed,50.6,,,
left,left_arm,left_tool0,world,-1.100000,0.500000,1.100000,4,center,0.00000000,0.70710678,0.00000000,0.70710678,0,-31,ik_failed,50.6,,,
left,left_arm,left_tool0,world,-1.100000,0.500000,1.100000,5,yaw+15_pitch0,0.09229596,0.70105738,0.09229596,0.70105738,0,-31,ik_failed,50.5,,,
left,left_arm,left_tool0,world,-1.100000,0.500000,1.100000,6,yaw-15_pitch+15,-0.07945931,0.78656609,-0.10355339,0.60355339,0,-31,ik_failed,50.7,,,
left,left_arm,left_tool0,world,-1.100000,0.500000,1.100000,7,yaw0_pitch+15,0.00000000,0.79335334,0.00000000,0.60876143,0,-31,ik_failed,50.7,,,
left,left_arm,left_tool0,world,-1.100000,0.500000,1.100000,8,yaw+15_pitch+15,0.07945931,0.78656609,0.10355339,0.60355339,0,-31,ik_failed,50.7,,,
left,left_arm,left_tool0,world,-1.100000,0.500000,1.100000,-1,SUMMARY,,,,,,,,,0,9,0
left,left_arm,left_tool0,world,-1.100000,0.500000,1.200000,0,yaw-15_pitch-15,-0.10355339,0.60355339,-0.07945931,0.78656609,0,-31,ik_failed,50.6,,,
left,left_arm,left_tool0,world,-1.100000,0.500000,1.200000,1,yaw0_pitch-15,0.00000000,0.60876143,0.00000000,0.79335334,0,-31,ik_failed,50.7,,,
left,left_arm,left_tool0,world,-1.100000,0.500000,1.200000,2,yaw+15_pitch-15,0.10355339,0.60355339,0.07945931,0.78656609,0,-31,ik_failed,50.7,,,
left,left_arm,left_tool0,world,-1.100000,0.500000,1.200000,3,yaw-15_pitch0,-0.09229596,0.70105738,-0.09229596,0.70105738,0,-31,ik_failed,50.6,,,
left,left_arm,left_tool0,world,-1.100000,0.500000,1.200000,4,center,0.00000000,0.70710678,0.00000000,0.70710678,0,-31,ik_failed,50.5,,,
left,left_arm,left_tool0,world,-1.100000,0.500000,1.200000,5,yaw+15_pitch0,0.09229596,0.70105738,0.09229596,0.70105738,0,-31,ik_failed,50.7,,,
left,left_arm,left_tool0,world,-1.100000,0.500000,1.200000,6,yaw-15_pitch+15,-0.07945931,0.78656609,-0.10355339,0.60355339,0,-31,ik_failed,50.7,,,
left,left_arm,left_tool0,world,-1.100000,0.500000,1.200000,7,yaw0_pitch+15,0.00000000,0.79335334,0.00000000,0.60876143,0,-31,ik_failed,50.9,,,
left,left_arm,left_tool0,world,-1.100000,0.500000,1.200000,8,yaw+15_pitch+15,0.07945931,0.78656609,0.10355339,0.60355339,0,-31,ik_failed,51.0,,,
left,left_arm,left_tool0,world,-1.100000,0.500000,1.200000,-1,SUMMARY,,,,,,,,,0,9,0
left,left_arm,left_tool0,world,-1.100000,0.500000,1.300000,0,yaw-15_pitch-15,-0.10355339,0.60355339,-0.07945931,0.78656609,0,-31,ik_failed,50.6,,,
left,left_arm,left_tool0,world,-1.100000,0.500000,1.300000,1,yaw0_pitch-15,0.00000000,0.60876143,0.00000000,0.79335334,0,-31,ik_failed,50.8,,,
left,left_arm,left_tool0,world,-1.100000,0.500000,1.300000,2,yaw+15_pitch-15,0.10355339,0.60355339,0.07945931,0.78656609,0,-31,ik_failed,50.7,,,
left,left_arm,left_tool0,world,-1.100000,0.500000,1.300000,3,yaw-15_pitch0,-0.09229596,0.70105738,-0.09229596,0.70105738,0,-31,ik_failed,50.7,,,
left,left_arm,left_tool0,world,-1.100000,0.500000,1.300000,4,center,0.00000000,0.70710678,0.00000000,0.70710678,0,-31,ik_failed,50.6,,,
left,left_arm,left_tool0,world,-1.100000,0.500000,1.300000,5,yaw+15_pitch0,0.09229596,0.70105738,0.09229596,0.70105738,0,-31,ik_failed,50.7,,,
left,left_arm,left_tool0,world,-1.100000,0.500000,1.300000,6,yaw-15_pitch+15,-0.07945931,0.78656609,-0.10355339,0.60355339,0,-31,ik_failed,50.8,,,
left,left_arm,left_tool0,world,-1.100000,0.500000,1.300000,7,yaw0_pitch+15,0.00000000,0.79335334,0.00000000,0.60876143,0,-31,ik_failed,50.8,,,
left,left_arm,left_tool0,world,-1.100000,0.500000,1.300000,8,yaw+15_pitch+15,0.07945931,0.78656609,0.10355339,0.60355339,0,-31,ik_failed,50.6,,,
left,left_arm,left_tool0,world,-1.100000,0.500000,1.300000,-1,SUMMARY,,,,,,,,,0,9,0
left,left_arm,left_tool0,world,-1.100000,0.500000,1.400000,0,yaw-15_pitch-15,-0.10355339,0.60355339,-0.07945931,0.78656609,0,-31,ik_failed,50.7,,,
left,left_arm,left_tool0,world,-1.100000,0.500000,1.400000,1,yaw0_pitch-15,0.00000000,0.60876143,0.00000000,0.79335334,0,-31,ik_failed,50.7,,,
left,left_arm,left_tool0,world,-1.100000,0.500000,1.400000,2,yaw+15_pitch-15,0.10355339,0.60355339,0.07945931,0.78656609,0,-31,ik_failed,50.8,,,
left,left_arm,left_tool0,world,-1.100000,0.500000,1.400000,3,yaw-15_pitch0,-0.09229596,0.70105738,-0.09229596,0.70105738,0,-31,ik_failed,50.8,,,
left,left_arm,left_tool0,world,-1.100000,0.500000,1.400000,4,center,0.00000000,0.70710678,0.00000000,0.70710678,0,-31,ik_failed,50.7,,,
left,left_arm,left_tool0,world,-1.100000,0.500000,1.400000,5,yaw+15_pitch0,0.09229596,0.70105738,0.09229596,0.70105738,0,-31,ik_failed,50.6,,,
left,left_arm,left_tool0,world,-1.100000,0.500000,1.400000,6,yaw-15_pitch+15,-0.07945931,0.78656609,-0.10355339,0.60355339,0,-31,ik_failed,50.8,,,
left,left_arm,left_tool0,world,-1.100000,0.500000,1.400000,7,yaw0_pitch+15,0.00000000,0.79335334,0.00000000,0.60876143,0,-31,ik_failed,50.6,,,
left,left_arm,left_tool0,world,-1.100000,0.500000,1.400000,8,yaw+15_pitch+15,0.07945931,0.78656609,0.10355339,0.60355339,0,-31,ik_failed,50.6,,,
left,left_arm,left_tool0,world,-1.100000,0.500000,1.400000,-1,SUMMARY,,,,,,,,,0,9,0
left,left_arm,left_tool0,world,-1.100000,0.500000,1.500000,0,yaw-15_pitch-15,-0.10355339,0.60355339,-0.07945931,0.78656609,0,-31,ik_failed,50.6,,,
left,left_arm,left_tool0,world,-1.100000,0.500000,1.500000,1,yaw0_pitch-15,0.00000000,0.60876143,0.00000000,0.79335334,0,-31,ik_failed,50.8,,,
left,left_arm,left_tool0,world,-1.100000,0.500000,1.500000,2,yaw+15_pitch-15,0.10355339,0.60355339,0.07945931,0.78656609,0,-31,ik_failed,50.7,,,
left,left_arm,left_tool0,world,-1.100000,0.500000,1.500000,3,yaw-15_pitch0,-0.09229596,0.70105738,-0.09229596,0.70105738,0,-31,ik_failed,50.8,,,
left,left_arm,left_tool0,world,-1.100000,0.500000,1.500000,4,center,0.00000000,0.70710678,0.00000000,0.70710678,0,-31,ik_failed,50.8,,,
left,left_arm,left_tool0,world,-1.100000,0.500000,1.500000,5,yaw+15_pitch0,0.09229596,0.70105738,0.09229596,0.70105738,0,-31,ik_failed,50.8,,,
left,left_arm,left_tool0,world,-1.100000,0.500000,1.500000,6,yaw-15_pitch+15,-0.07945931,0.78656609,-0.10355339,0.60355339,0,-31,ik_failed,51.1,,,
left,left_arm,left_tool0,world,-1.100000,0.500000,1.500000,7,yaw0_pitch+15,0.00000000,0.79335334,0.00000000,0.60876143,0,-31,ik_failed,50.9,,,
left,left_arm,left_tool0,world,-1.100000,0.500000,1.500000,8,yaw+15_pitch+15,0.07945931,0.78656609,0.10355339,0.60355339,0,-31,ik_failed,50.7,,,
left,left_arm,left_tool0,world,-1.100000,0.500000,1.500000,-1,SUMMARY,,,,,,,,,0,9,0
left,left_arm,left_tool0,world,-1.100000,0.500000,1.600000,0,yaw-15_pitch-15,-0.10355339,0.60355339,-0.07945931,0.78656609,0,-31,ik_failed,50.8,,,
left,left_arm,left_tool0,world,-1.100000,0.500000,1.600000,1,yaw0_pitch-15,0.00000000,0.60876143,0.00000000,0.79335334,0,-31,ik_failed,50.7,,,
left,left_arm,left_tool0,world,-1.100000,0.500000,1.600000,2,yaw+15_pitch-15,0.10355339,0.60355339,0.07945931,0.78656609,0,-31,ik_failed,50.7,,,
left,left_arm,left_tool0,world,-1.100000,0.500000,1.600000,3,yaw-15_pitch0,-0.09229596,0.70105738,-0.09229596,0.70105738,0,-31,ik_failed,50.6,,,
left,left_arm,left_tool0,world,-1.100000,0.500000,1.600000,4,center,0.00000000,0.70710678,0.00000000,0.70710678,0,-31,ik_failed,50.7,,,
left,left_arm,left_tool0,world,-1.100000,0.500000,1.600000,5,yaw+15_pitch0,0.09229596,0.70105738,0.09229596,0.70105738,0,-31,ik_failed,50.9,,,
left,left_arm,left_tool0,world,-1.100000,0.500000,1.600000,6,yaw-15_pitch+15,-0.07945931,0.78656609,-0.10355339,0.60355339,0,-31,ik_failed,50.7,,,
left,left_arm,left_tool0,world,-1.100000,0.500000,1.600000,7,yaw0_pitch+15,0.00000000,0.79335334,0.00000000,0.60876143,0,-31,ik_failed,50.6,,,
left,left_arm,left_tool0,world,-1.100000,0.500000,1.600000,8,yaw+15_pitch+15,0.07945931,0.78656609,0.10355339,0.60355339,0,-31,ik_failed,50.7,,,
left,left_arm,left_tool0,world,-1.100000,0.500000,1.600000,-1,SUMMARY,,,,,,,,,0,9,0
left,left_arm,left_tool0,world,-1.100000,0.500000,1.700000,0,yaw-15_pitch-15,-0.10355339,0.60355339,-0.07945931,0.78656609,0,-31,ik_failed,50.7,,,
left,left_arm,left_tool0,world,-1.100000,0.500000,1.700000,1,yaw0_pitch-15,0.00000000,0.60876143,0.00000000,0.79335334,0,-31,ik_failed,50.6,,,
left,left_arm,left_tool0,world,-1.100000,0.500000,1.700000,2,yaw+15_pitch-15,0.10355339,0.60355339,0.07945931,0.78656609,0,-31,ik_failed,50.7,,,
left,left_arm,left_tool0,world,-1.100000,0.500000,1.700000,3,yaw-15_pitch0,-0.09229596,0.70105738,-0.09229596,0.70105738,0,-31,ik_failed,50.7,,,
left,left_arm,left_tool0,world,-1.100000,0.500000,1.700000,4,center,0.00000000,0.70710678,0.00000000,0.70710678,0,-31,ik_failed,50.7,,,
left,left_arm,left_tool0,world,-1.100000,0.500000,1.700000,5,yaw+15_pitch0,0.09229596,0.70105738,0.09229596,0.70105738,0,-31,ik_failed,50.7,,,
left,left_arm,left_tool0,world,-1.100000,0.500000,1.700000,6,yaw-15_pitch+15,-0.07945931,0.78656609,-0.10355339,0.60355339,0,-31,ik_failed,50.7,,,
left,left_arm,left_tool0,world,-1.100000,0.500000,1.700000,7,yaw0_pitch+15,0.00000000,0.79335334,0.00000000,0.60876143,0,-31,ik_failed,50.9,,,
left,left_arm,left_tool0,world,-1.100000,0.500000,1.700000,8,yaw+15_pitch+15,0.07945931,0.78656609,0.10355339,0.60355339,0,-31,ik_failed,50.7,,,
left,left_arm,left_tool0,world,-1.100000,0.500000,1.700000,-1,SUMMARY,,,,,,,,,0,9,0
